eco_region,lon,lat,embed dims,rho,slope (last 20),rho reverse
Arizona/New Mexico Mountains,195.0,2.5,10,0.001,-0.001,0.096
Blue Mountains,195.0,2.5,10,0.253,0.002,0.133
Canadian Rockies,195.0,2.5,10,0.291,0.002,0.161
Cascades,195.0,2.5,10,0.295,0.003,0.207
Central Basin and Range,195.0,2.5,10,0.303,0.002,0.181
Columbia Mountains/Northern Rockies,195.0,2.5,10,0.27,0.003,0.218
Eastern Cascades Slopes and Foothills,195.0,2.5,8,0.214,0.002,0.13
Idaho Batholith,195.0,2.5,10,0.263,0.001,0.138
Klamath Mountains,195.0,2.5,9,0.312,0.003,0.219
Middle Rockies,195.0,2.5,4,0.109,0.0,0.024
North Cascades,195.0,2.5,2,0.06,-0.0,-0.083
Northern Basin and Range,195.0,2.5,10,0.284,0.003,0.093
Sierra Nevada,195.0,2.5,7,0.218,0.001,0.169
Southern Rockies,195.0,2.5,10,0.281,0.001,0.159
Wasatch and Uinta Mountains,195.0,2.5,1,-0.003,-0.0,0.072
