eco_region,lon,lat,embed dims,rho,slope (last 20),rho reverse
Arizona/New Mexico Mountains,270.0,30.0,8,0.124,0.001,0.166
Blue Mountains,270.0,30.0,8,0.025,0.0,0.167
Canadian Rockies,270.0,30.0,9,-0.023,0.0,0.036
Cascades,270.0,30.0,8,0.06,0.0,0.212
Central Basin and Range,270.0,30.0,8,0.044,-0.001,0.202
Columbia Mountains/Northern Rockies,270.0,30.0,9,0.055,0.0,0.144
Eastern Cascades Slopes and Foothills,270.0,30.0,10,-0.007,-0.001,0.194
Idaho Batholith,270.0,30.0,9,0.068,-0.001,0.206
Klamath Mountains,270.0,30.0,10,0.08,-0.0,0.176
Middle Rockies,270.0,30.0,10,-0.022,0.0,0.106
North Cascades,270.0,30.0,2,0.006,-0.001,-0.042
Northern Basin and Range,270.0,30.0,8,0.043,-0.0,0.223
Sierra Nevada,270.0,30.0,4,0.051,0.0,0.249
Southern Rockies,270.0,30.0,9,0.079,0.001,0.11
Wasatch and Uinta Mountains,270.0,30.0,7,-0.008,-0.0,0.193
