eco_region,lon,lat,embed dims,rho,slope (last 20),rho reverse
Arizona/New Mexico Mountains,245.0,30.0,10,0.018,0.001,0.031
Blue Mountains,245.0,30.0,8,0.121,0.001,0.11
Canadian Rockies,245.0,30.0,9,0.071,0.001,0.074
Cascades,245.0,30.0,8,0.166,0.001,0.187
Central Basin and Range,245.0,30.0,8,0.216,0.002,0.111
Columbia Mountains/Northern Rockies,245.0,30.0,7,0.059,-0.0,0.093
Eastern Cascades Slopes and Foothills,245.0,30.0,5,0.072,-0.0,0.206
Idaho Batholith,245.0,30.0,7,0.105,0.0,0.002
Klamath Mountains,245.0,30.0,5,0.042,0.001,0.173
Middle Rockies,245.0,30.0,1,-0.01,0.0,-0.047
North Cascades,245.0,30.0,1,-0.002,0.0,0.011
Northern Basin and Range,245.0,30.0,10,0.123,0.0,0.101
Sierra Nevada,245.0,30.0,7,0.183,0.001,-0.005
Southern Rockies,245.0,30.0,7,0.086,-0.0,0.005
Wasatch and Uinta Mountains,245.0,30.0,4,0.063,0.001,-0.018
