eco_region,lon,lat,embed dims,rho,slope (last 20),rho reverse
Arizona/New Mexico Mountains,212.5,42.5,3,-0.037,-0.001,0.014
Blue Mountains,212.5,42.5,3,0.034,0.001,0.065
Canadian Rockies,212.5,42.5,4,0.013,0.0,0.038
Cascades,212.5,42.5,3,0.061,-0.001,0.069
Central Basin and Range,212.5,42.5,3,-0.087,-0.001,0.032
Columbia Mountains/Northern Rockies,212.5,42.5,4,0.009,-0.0,0.022
Eastern Cascades Slopes and Foothills,212.5,42.5,1,-0.038,-0.001,0.03
Idaho Batholith,212.5,42.5,10,0.089,0.001,0.129
Klamath Mountains,212.5,42.5,10,0.136,0.002,0.121
Middle Rockies,212.5,42.5,9,0.144,0.001,-0.012
North Cascades,212.5,42.5,6,0.1,0.001,0.083
Northern Basin and Range,212.5,42.5,3,0.003,0.0,-0.071
Sierra Nevada,212.5,42.5,4,0.038,0.001,-0.031
Southern Rockies,212.5,42.5,4,0.083,-0.0,-0.118
Wasatch and Uinta Mountains,212.5,42.5,7,0.034,0.001,0.091
