eco_region,lon,lat,embed dims,rho,slope (last 20),rho reverse
Arizona/New Mexico Mountains,255.0,2.5,10,0.258,0.002,0.168
Blue Mountains,255.0,2.5,10,0.236,0.003,0.175
Canadian Rockies,255.0,2.5,8,0.307,0.0,0.256
Cascades,255.0,2.5,10,0.346,0.003,0.303
Central Basin and Range,255.0,2.5,10,0.377,0.004,0.158
Columbia Mountains/Northern Rockies,255.0,2.5,6,0.202,0.001,0.236
Eastern Cascades Slopes and Foothills,255.0,2.5,9,0.379,0.002,0.201
Idaho Batholith,255.0,2.5,9,0.192,0.001,0.177
Klamath Mountains,255.0,2.5,8,0.403,0.001,0.223
Middle Rockies,255.0,2.5,3,0.003,-0.0,0.061
North Cascades,255.0,2.5,10,0.253,0.003,0.253
Northern Basin and Range,255.0,2.5,10,0.185,0.002,0.3
Sierra Nevada,255.0,2.5,6,0.212,0.001,0.255
Southern Rockies,255.0,2.5,6,0.127,0.001,0.108
Wasatch and Uinta Mountains,255.0,2.5,9,0.211,0.001,0.133
