eco_region,lon,lat,embed dims,rho,slope (last 20),rho reverse
Arizona/New Mexico Mountains,212.5,7.5,5,0.04,-0.001,0.077
Blue Mountains,212.5,7.5,10,0.24,0.002,0.192
Canadian Rockies,212.5,7.5,4,0.129,0.002,0.111
Cascades,212.5,7.5,10,0.355,0.003,0.316
Central Basin and Range,212.5,7.5,10,0.296,0.003,0.276
Columbia Mountains/Northern Rockies,212.5,7.5,10,0.249,0.003,0.188
Eastern Cascades Slopes and Foothills,212.5,7.5,4,0.134,0.0,0.037
Idaho Batholith,212.5,7.5,9,0.183,0.001,0.141
Klamath Mountains,212.5,7.5,9,0.295,0.002,0.26
Middle Rockies,212.5,7.5,10,0.324,0.003,0.16
North Cascades,212.5,7.5,3,0.213,0.002,0.101
Northern Basin and Range,212.5,7.5,5,0.085,0.001,0.137
Sierra Nevada,212.5,7.5,10,0.286,0.001,0.177
Southern Rockies,212.5,7.5,10,0.423,0.002,0.172
Wasatch and Uinta Mountains,212.5,7.5,3,0.03,0.0,0.062
