eco_region,lon,lat,embed dims,rho,slope (last 20),rho reverse
Arizona/New Mexico Mountains,270.0,60.0,9,-0.063,-0.002,0.072
Blue Mountains,270.0,60.0,9,-0.022,-0.0,0.078
Canadian Rockies,270.0,60.0,10,-0.026,-0.001,0.031
Cascades,270.0,60.0,9,0.084,0.001,-0.048
Central Basin and Range,270.0,60.0,9,0.05,0.001,0.037
Columbia Mountains/Northern Rockies,270.0,60.0,9,-0.146,-0.001,-0.029
Eastern Cascades Slopes and Foothills,270.0,60.0,9,-0.066,-0.002,0.081
Idaho Batholith,270.0,60.0,10,0.009,0.001,0.109
Klamath Mountains,270.0,60.0,5,0.081,0.002,-0.048
Middle Rockies,270.0,60.0,3,-0.076,-0.0,0.022
North Cascades,270.0,60.0,6,-0.016,0.001,0.071
Northern Basin and Range,270.0,60.0,10,0.007,0.001,0.085
Sierra Nevada,270.0,60.0,8,0.08,0.001,0.295
Southern Rockies,270.0,60.0,9,-0.076,-0.001,0.128
Wasatch and Uinta Mountains,270.0,60.0,10,0.009,-0.001,0.176
