eco_region,lon,lat,embed dims,rho,slope (last 20),rho reverse
Arizona/New Mexico Mountains,250.0,60.0,4,-0.045,-0.001,-0.012
Blue Mountains,250.0,60.0,6,-0.011,-0.001,-0.046
Canadian Rockies,250.0,60.0,3,0.007,-0.0,0.01
Cascades,250.0,60.0,6,0.056,0.0,0.006
Central Basin and Range,250.0,60.0,6,-0.028,-0.0,-0.019
Columbia Mountains/Northern Rockies,250.0,60.0,3,0.085,0.001,-0.006
Eastern Cascades Slopes and Foothills,250.0,60.0,10,0.041,0.0,0.019
Idaho Batholith,250.0,60.0,3,0.023,-0.0,-0.035
Klamath Mountains,250.0,60.0,3,-0.001,-0.002,-0.068
Middle Rockies,250.0,60.0,4,0.03,-0.0,-0.089
North Cascades,250.0,60.0,3,-0.072,-0.001,0.088
Northern Basin and Range,250.0,60.0,1,0.008,0.0,-0.023
Sierra Nevada,250.0,60.0,3,-0.028,-0.0,0.039
Southern Rockies,250.0,60.0,3,0.062,0.0,-0.022
Wasatch and Uinta Mountains,250.0,60.0,2,0.041,0.001,-0.006
