eco_region,lon,lat,embed dims,rho,slope (last 20),rho reverse
Arizona/New Mexico Mountains,182.5,10.0,2,0.099,0.001,0.14
Blue Mountains,182.5,10.0,10,0.071,0.001,-0.069
Canadian Rockies,182.5,10.0,8,0.132,-0.0,0.202
Cascades,182.5,10.0,10,0.061,0.001,-0.033
Central Basin and Range,182.5,10.0,10,0.087,-0.001,-0.022
Columbia Mountains/Northern Rockies,182.5,10.0,7,0.048,-0.001,0.074
Eastern Cascades Slopes and Foothills,182.5,10.0,10,0.071,0.0,0.117
Idaho Batholith,182.5,10.0,8,-0.061,-0.001,0.101
Klamath Mountains,182.5,10.0,9,0.304,-0.0,0.267
Middle Rockies,182.5,10.0,3,0.049,-0.0,0.033
North Cascades,182.5,10.0,1,-0.037,-0.0,-0.087
Northern Basin and Range,182.5,10.0,2,-0.03,0.0,-0.019
Sierra Nevada,182.5,10.0,8,0.087,-0.0,0.055
Southern Rockies,182.5,10.0,7,0.177,0.0,0.052
Wasatch and Uinta Mountains,182.5,10.0,1,0.045,-0.0,0.022
