eco_region,lon,lat,embed dims,rho,slope (last 20),rho reverse
Arizona/New Mexico Mountains,265.0,-10.0,10,0.154,0.002,0.139
Blue Mountains,265.0,-10.0,10,0.215,0.002,0.092
Canadian Rockies,265.0,-10.0,7,-0.017,-0.002,0.112
Cascades,265.0,-10.0,10,0.293,0.002,0.051
Central Basin and Range,265.0,-10.0,10,0.177,-0.001,0.129
Columbia Mountains/Northern Rockies,265.0,-10.0,4,0.0,-0.001,-0.001
Eastern Cascades Slopes and Foothills,265.0,-10.0,9,0.211,0.002,0.168
Idaho Batholith,265.0,-10.0,4,-0.003,0.0,-0.011
Klamath Mountains,265.0,-10.0,7,0.008,-0.0,0.205
Middle Rockies,265.0,-10.0,10,0.186,0.0,0.196
North Cascades,265.0,-10.0,3,0.037,0.0,-0.046
Northern Basin and Range,265.0,-10.0,10,0.171,-0.001,0.077
Sierra Nevada,265.0,-10.0,4,0.127,0.001,0.095
Southern Rockies,265.0,-10.0,4,-0.051,0.0,0.019
Wasatch and Uinta Mountains,265.0,-10.0,4,-0.021,0.0,0.057
