eco_region,lon,lat,embed dims,rho,slope (last 20),rho reverse
Arizona/New Mexico Mountains,192.5,27.5,4,0.005,-0.001,-0.07
Blue Mountains,192.5,27.5,4,0.092,0.002,-0.019
Canadian Rockies,192.5,27.5,2,-0.064,-0.001,-0.033
Cascades,192.5,27.5,4,0.132,0.002,0.096
Central Basin and Range,192.5,27.5,4,-0.026,0.0,0.031
Columbia Mountains/Northern Rockies,192.5,27.5,3,0.079,0.0,-0.024
Eastern Cascades Slopes and Foothills,192.5,27.5,1,-0.051,0.001,-0.087
Idaho Batholith,192.5,27.5,3,0.054,-0.0,0.018
Klamath Mountains,192.5,27.5,6,0.066,0.0,0.047
Middle Rockies,192.5,27.5,3,-0.058,-0.001,0.042
North Cascades,192.5,27.5,3,0.161,0.002,0.054
Northern Basin and Range,192.5,27.5,4,0.005,0.001,-0.058
Sierra Nevada,192.5,27.5,3,0.018,0.0,0.082
Southern Rockies,192.5,27.5,3,0.099,0.001,0.072
Wasatch and Uinta Mountains,192.5,27.5,6,0.109,0.001,0.076
