eco_region,lon,lat,embed dims,rho,slope (last 20),rho reverse
Arizona/New Mexico Mountains,210.0,10.0,9,0.204,0.002,0.063
Blue Mountains,210.0,10.0,9,0.248,0.001,0.252
Canadian Rockies,210.0,10.0,3,0.075,0.001,-0.007
Cascades,210.0,10.0,9,0.341,0.003,0.333
Central Basin and Range,210.0,10.0,9,0.31,0.002,0.276
Columbia Mountains/Northern Rockies,210.0,10.0,10,0.258,0.003,0.199
Eastern Cascades Slopes and Foothills,210.0,10.0,7,0.319,0.001,0.122
Idaho Batholith,210.0,10.0,10,0.228,0.002,0.186
Klamath Mountains,210.0,10.0,9,0.34,0.001,0.285
Middle Rockies,210.0,10.0,10,0.312,0.003,0.17
North Cascades,210.0,10.0,2,0.073,0.001,0.002
Northern Basin and Range,210.0,10.0,9,0.219,0.003,0.184
Sierra Nevada,210.0,10.0,9,0.261,0.001,0.218
Southern Rockies,210.0,10.0,10,0.403,0.002,0.203
Wasatch and Uinta Mountains,210.0,10.0,3,0.035,0.001,-0.024
