eco_region,lon,lat,embed dims,rho,slope (last 20),rho reverse
Arizona/New Mexico Mountains,242.5,40.0,1,0.012,0.0,0.095
Blue Mountains,242.5,40.0,1,-0.029,-0.001,0.177
Canadian Rockies,242.5,40.0,2,0.057,0.001,0.023
Cascades,242.5,40.0,1,0.035,-0.0,0.169
Central Basin and Range,242.5,40.0,1,0.004,0.001,0.163
Columbia Mountains/Northern Rockies,242.5,40.0,10,0.036,-0.0,0.115
Eastern Cascades Slopes and Foothills,242.5,40.0,1,0.105,0.002,0.271
Idaho Batholith,242.5,40.0,10,0.057,-0.0,0.379
Klamath Mountains,242.5,40.0,4,0.118,0.001,0.232
Middle Rockies,242.5,40.0,10,0.099,-0.0,0.233
North Cascades,242.5,40.0,10,0.092,-0.0,0.188
Northern Basin and Range,242.5,40.0,1,-0.03,-0.0,0.126
Sierra Nevada,242.5,40.0,10,0.175,0.001,0.509
Southern Rockies,242.5,40.0,10,0.077,0.0,0.228
Wasatch and Uinta Mountains,242.5,40.0,7,0.028,0.0,0.403
