eco_region,lon,lat,embed dims,rho,slope (last 20),rho reverse
Arizona/New Mexico Mountains,232.5,5.0,10,0.103,-0.0,0.096
Blue Mountains,232.5,5.0,10,0.241,0.002,0.325
Canadian Rockies,232.5,5.0,5,0.255,0.002,0.121
Cascades,232.5,5.0,10,0.315,0.003,0.385
Central Basin and Range,232.5,5.0,10,0.346,0.002,0.33
Columbia Mountains/Northern Rockies,232.5,5.0,9,0.335,0.002,0.276
Eastern Cascades Slopes and Foothills,232.5,5.0,6,0.209,0.003,0.167
Idaho Batholith,232.5,5.0,9,0.319,0.002,0.287
Klamath Mountains,232.5,5.0,6,0.222,0.0,0.211
Middle Rockies,232.5,5.0,10,0.385,0.002,0.305
North Cascades,232.5,5.0,3,0.067,-0.0,-0.021
Northern Basin and Range,232.5,5.0,7,0.167,0.001,0.285
Sierra Nevada,232.5,5.0,9,0.334,0.001,0.355
Southern Rockies,232.5,5.0,9,0.382,0.001,0.311
Wasatch and Uinta Mountains,232.5,5.0,5,0.025,0.0,0.165
