eco_region,lon,lat,embed dims,rho,slope (last 20),rho reverse
Arizona/New Mexico Mountains,227.5,-5.0,7,0.159,0.003,0.2
Blue Mountains,227.5,-5.0,10,0.201,0.002,0.378
Canadian Rockies,227.5,-5.0,5,0.261,0.002,0.102
Cascades,227.5,-5.0,10,0.273,0.003,0.41
Central Basin and Range,227.5,-5.0,10,0.34,0.002,0.377
Columbia Mountains/Northern Rockies,227.5,-5.0,9,0.325,0.002,0.308
Eastern Cascades Slopes and Foothills,227.5,-5.0,9,0.226,0.001,0.229
Idaho Batholith,227.5,-5.0,9,0.307,0.002,0.318
Klamath Mountains,227.5,-5.0,9,0.326,0.002,0.209
Middle Rockies,227.5,-5.0,9,0.343,0.002,0.306
North Cascades,227.5,-5.0,3,0.036,-0.0,0.045
Northern Basin and Range,227.5,-5.0,8,0.186,0.001,0.305
Sierra Nevada,227.5,-5.0,9,0.323,0.001,0.378
Southern Rockies,227.5,-5.0,9,0.393,0.001,0.286
Wasatch and Uinta Mountains,227.5,-5.0,7,0.363,0.001,0.256
