eco_region,lon,lat,embed dims,rho,slope (last 20),rho reverse
Arizona/New Mexico Mountains,235.0,52.5,1,-0.03,-0.001,-0.013
Blue Mountains,235.0,52.5,1,-0.019,-0.001,0.046
Canadian Rockies,235.0,52.5,6,0.023,-0.0,0.159
Cascades,235.0,52.5,1,0.093,0.001,0.046
Central Basin and Range,235.0,52.5,1,-0.008,0.001,-0.001
Columbia Mountains/Northern Rockies,235.0,52.5,5,0.147,-0.0,0.181
Eastern Cascades Slopes and Foothills,235.0,52.5,1,0.068,0.001,0.139
Idaho Batholith,235.0,52.5,5,0.157,0.001,0.222
Klamath Mountains,235.0,52.5,2,0.125,0.001,0.07
Middle Rockies,235.0,52.5,5,0.039,0.0,0.055
North Cascades,235.0,52.5,1,0.015,-0.001,0.081
Northern Basin and Range,235.0,52.5,1,-0.052,-0.0,0.104
Sierra Nevada,235.0,52.5,5,0.09,0.001,0.146
Southern Rockies,235.0,52.5,5,0.053,0.001,0.028
Wasatch and Uinta Mountains,235.0,52.5,1,0.052,0.0,-0.051
