eco_region,lon,lat,embed dims,rho,slope (last 20),rho reverse
Arizona/New Mexico Mountains,280.0,32.5,5,0.038,0.001,-0.019
Blue Mountains,280.0,32.5,5,0.064,0.001,0.075
Canadian Rockies,280.0,32.5,3,0.036,0.001,-0.024
Cascades,280.0,32.5,5,0.102,0.001,0.115
Central Basin and Range,280.0,32.5,5,0.12,0.001,0.11
Columbia Mountains/Northern Rockies,280.0,32.5,4,0.068,0.0,0.056
Eastern Cascades Slopes and Foothills,280.0,32.5,5,0.168,0.001,0.16
Idaho Batholith,280.0,32.5,5,0.057,-0.001,0.042
Klamath Mountains,280.0,32.5,5,0.178,0.002,0.121
Middle Rockies,280.0,32.5,5,0.082,-0.001,0.01
North Cascades,280.0,32.5,3,-0.016,-0.0,0.128
Northern Basin and Range,280.0,32.5,5,0.063,0.002,0.069
Sierra Nevada,280.0,32.5,5,0.045,0.0,0.094
Southern Rockies,280.0,32.5,4,0.025,-0.0,0.063
Wasatch and Uinta Mountains,280.0,32.5,3,0.026,-0.0,0.075
