eco_region,lon,lat,embed dims,rho,slope (last 20),rho reverse
Arizona/New Mexico Mountains,240.0,50.0,2,-0.064,-0.001,0.021
Blue Mountains,240.0,50.0,2,0.011,-0.0,0.052
Canadian Rockies,240.0,50.0,7,0.074,0.001,0.151
Cascades,240.0,50.0,2,0.003,0.0,0.002
Central Basin and Range,240.0,50.0,2,-0.05,0.0,0.016
Columbia Mountains/Northern Rockies,240.0,50.0,7,0.168,0.002,0.209
Eastern Cascades Slopes and Foothills,240.0,50.0,2,-0.05,-0.001,0.115
Idaho Batholith,240.0,50.0,7,0.169,0.001,0.221
Klamath Mountains,240.0,50.0,2,-0.029,-0.001,0.082
Middle Rockies,240.0,50.0,2,0.038,-0.0,0.011
North Cascades,240.0,50.0,5,0.218,0.001,0.148
Northern Basin and Range,240.0,50.0,8,0.08,0.0,0.079
Sierra Nevada,240.0,50.0,5,0.051,-0.001,0.178
Southern Rockies,240.0,50.0,7,0.042,0.0,0.029
Wasatch and Uinta Mountains,240.0,50.0,10,0.046,0.001,0.129
