eco_region,lon,lat,embed dims,rho,slope (last 20),rho reverse
Arizona/New Mexico Mountains,272.5,27.5,8,0.159,0.001,0.154
Blue Mountains,272.5,27.5,8,0.008,0.0,0.097
Canadian Rockies,272.5,27.5,10,-0.016,0.0,0.048
Cascades,272.5,27.5,8,0.031,-0.0,0.129
Central Basin and Range,272.5,27.5,8,0.024,-0.001,0.049
Columbia Mountains/Northern Rockies,272.5,27.5,4,0.026,-0.001,0.05
Eastern Cascades Slopes and Foothills,272.5,27.5,10,0.009,-0.001,0.118
Idaho Batholith,272.5,27.5,9,0.053,-0.001,0.053
Klamath Mountains,272.5,27.5,1,0.127,0.001,-0.004
Middle Rockies,272.5,27.5,9,-0.012,0.001,0.064
North Cascades,272.5,27.5,2,0.003,-0.001,-0.071
Northern Basin and Range,272.5,27.5,8,0.035,-0.0,0.157
Sierra Nevada,272.5,27.5,4,0.036,0.0,0.044
Southern Rockies,272.5,27.5,4,-0.01,0.0,0.025
Wasatch and Uinta Mountains,272.5,27.5,2,0.079,0.001,0.051
