eco_region,lon,lat,embed dims,rho,slope (last 20),rho reverse
Arizona/New Mexico Mountains,255.0,2.5,10,0.112,0.002,0.117
Blue Mountains,255.0,2.5,10,0.017,-0.0,0.047
Canadian Rockies,255.0,2.5,8,0.072,0.001,0.138
Cascades,255.0,2.5,10,0.213,0.002,0.194
Central Basin and Range,255.0,2.5,10,0.19,-0.001,0.02
Columbia Mountains/Northern Rockies,255.0,2.5,6,0.098,-0.0,0.093
Eastern Cascades Slopes and Foothills,255.0,2.5,9,0.224,0.002,0.019
Idaho Batholith,255.0,2.5,9,0.116,-0.0,0.124
Klamath Mountains,255.0,2.5,8,0.089,0.001,0.144
Middle Rockies,255.0,2.5,3,0.019,0.001,-0.032
North Cascades,255.0,2.5,10,0.209,0.002,0.167
Northern Basin and Range,255.0,2.5,10,0.086,-0.0,-0.007
Sierra Nevada,255.0,2.5,6,0.078,0.0,-0.013
Southern Rockies,255.0,2.5,6,0.034,0.0,-0.046
Wasatch and Uinta Mountains,255.0,2.5,9,-0.029,-0.002,0.066
