eco_region,lon,lat,embed dims,rho,slope (last 20),rho reverse
Arizona/New Mexico Mountains,245.0,57.5,2,0.066,0.001,0.018
Blue Mountains,245.0,57.5,2,-0.02,0.0,-0.027
Canadian Rockies,245.0,57.5,4,0.107,0.0,-0.009
Cascades,245.0,57.5,2,0.076,0.001,-0.096
Central Basin and Range,245.0,57.5,2,0.174,0.001,-0.075
Columbia Mountains/Northern Rockies,245.0,57.5,4,0.089,0.0,0.024
Eastern Cascades Slopes and Foothills,245.0,57.5,1,-0.087,-0.001,0.061
Idaho Batholith,245.0,57.5,5,0.083,0.0,-0.052
Klamath Mountains,245.0,57.5,2,-0.002,0.001,-0.039
Middle Rockies,245.0,57.5,9,0.053,0.001,0.019
North Cascades,245.0,57.5,4,0.057,0.001,0.013
Northern Basin and Range,245.0,57.5,2,0.018,0.0,-0.093
Sierra Nevada,245.0,57.5,6,0.042,-0.0,-0.029
Southern Rockies,245.0,57.5,4,0.118,0.0,-0.082
Wasatch and Uinta Mountains,245.0,57.5,4,-0.004,-0.0,-0.035
