eco_region,lon,lat,embed dims,rho,slope (last 20),rho reverse
Arizona/New Mexico Mountains,240.0,37.5,2,0.092,0.001,0.194
Blue Mountains,240.0,37.5,2,-0.069,-0.001,0.031
Canadian Rockies,240.0,37.5,10,0.038,0.001,-0.007
Cascades,240.0,37.5,2,-0.077,-0.0,0.035
Central Basin and Range,240.0,37.5,2,-0.084,-0.0,0.047
Columbia Mountains/Northern Rockies,240.0,37.5,8,0.086,0.001,-0.03
Eastern Cascades Slopes and Foothills,240.0,37.5,2,0.053,-0.0,0.039
Idaho Batholith,240.0,37.5,8,0.076,0.001,0.045
Klamath Mountains,240.0,37.5,2,0.028,0.001,0.179
Middle Rockies,240.0,37.5,10,0.132,0.001,0.006
North Cascades,240.0,37.5,7,0.13,0.0,0.077
Northern Basin and Range,240.0,37.5,2,0.057,0.001,-0.018
Sierra Nevada,240.0,37.5,8,0.147,0.001,0.128
Southern Rockies,240.0,37.5,8,0.083,0.001,0.021
Wasatch and Uinta Mountains,240.0,37.5,10,0.072,0.0,-0.005
