eco_region,lon,lat,embed dims,rho,slope (last 20),rho reverse
Arizona/New Mexico Mountains,200.0,17.5,10,0.102,0.001,0.158
Blue Mountains,200.0,17.5,10,0.033,0.001,0.133
Canadian Rockies,200.0,17.5,3,0.024,0.0,0.053
Cascades,200.0,17.5,10,0.181,0.001,0.155
Central Basin and Range,200.0,17.5,10,0.037,-0.001,0.07
Columbia Mountains/Northern Rockies,200.0,17.5,4,-0.014,-0.0,0.022
Eastern Cascades Slopes and Foothills,200.0,17.5,9,0.131,0.001,0.02
Idaho Batholith,200.0,17.5,2,0.042,0.0,0.103
Klamath Mountains,200.0,17.5,10,0.376,0.0,0.146
Middle Rockies,200.0,17.5,5,-0.017,-0.0,0.121
North Cascades,200.0,17.5,9,0.102,0.0,0.04
Northern Basin and Range,200.0,17.5,5,0.126,0.001,-0.013
Sierra Nevada,200.0,17.5,5,-0.019,0.0,-0.092
Southern Rockies,200.0,17.5,4,0.031,0.0,0.016
Wasatch and Uinta Mountains,200.0,17.5,5,0.046,0.001,-0.041
