eco_region,lon,lat,embed dims,rho,slope (last 20),rho reverse
Arizona/New Mexico Mountains,247.5,15.0,10,0.098,0.002,-0.049
Blue Mountains,247.5,15.0,10,0.012,-0.001,0.115
Canadian Rockies,247.5,15.0,10,-0.089,-0.001,0.07
Cascades,247.5,15.0,10,0.144,0.001,0.235
Central Basin and Range,247.5,15.0,10,0.174,-0.0,-0.026
Columbia Mountains/Northern Rockies,247.5,15.0,10,0.083,0.0,0.081
Eastern Cascades Slopes and Foothills,247.5,15.0,10,0.168,0.001,0.005
Idaho Batholith,247.5,15.0,10,0.034,-0.0,0.092
Klamath Mountains,247.5,15.0,10,0.104,0.0,0.025
Middle Rockies,247.5,15.0,2,-0.047,0.0,-0.005
North Cascades,247.5,15.0,9,0.048,0.0,0.131
Northern Basin and Range,247.5,15.0,10,0.02,0.0,0.008
Sierra Nevada,247.5,15.0,6,0.048,0.0,-0.041
Southern Rockies,247.5,15.0,10,0.017,0.0,0.087
Wasatch and Uinta Mountains,247.5,15.0,8,-0.013,-0.001,0.116
