eco_region,lon,lat,embed dims,rho,slope (last 20),rho reverse
Arizona/New Mexico Mountains,187.5,5.0,10,0.171,0.002,0.085
Blue Mountains,187.5,5.0,10,0.253,0.002,0.096
Canadian Rockies,187.5,5.0,10,0.214,0.001,0.146
Cascades,187.5,5.0,10,0.224,0.002,0.204
Central Basin and Range,187.5,5.0,10,0.24,0.002,0.115
Columbia Mountains/Northern Rockies,187.5,5.0,7,0.203,0.002,0.047
Eastern Cascades Slopes and Foothills,187.5,5.0,2,0.11,-0.0,-0.017
Idaho Batholith,187.5,5.0,8,0.175,0.001,0.03
Klamath Mountains,187.5,5.0,9,0.359,0.001,0.195
Middle Rockies,187.5,5.0,1,0.04,0.0,0.031
North Cascades,187.5,5.0,2,-0.005,-0.0,-0.016
Northern Basin and Range,187.5,5.0,10,0.265,0.003,0.052
Sierra Nevada,187.5,5.0,7,0.187,0.001,0.1
Southern Rockies,187.5,5.0,7,0.152,0.001,0.094
Wasatch and Uinta Mountains,187.5,5.0,1,0.008,-0.0,0.08
