eco_region,lon,lat,embed dims,rho,slope (last 20),rho reverse
Arizona/New Mexico Mountains,240.0,20.0,2,0.179,0.002,-0.128
Blue Mountains,240.0,20.0,2,-0.025,-0.0,-0.074
Canadian Rockies,240.0,20.0,8,-0.005,0.0,0.089
Cascades,240.0,20.0,2,0.059,0.0,0.021
Central Basin and Range,240.0,20.0,2,0.022,0.0,-0.097
Columbia Mountains/Northern Rockies,240.0,20.0,8,0.079,0.0,0.14
Eastern Cascades Slopes and Foothills,240.0,20.0,10,0.093,-0.0,-0.133
Idaho Batholith,240.0,20.0,8,0.035,0.001,-0.007
Klamath Mountains,240.0,20.0,10,0.151,-0.0,-0.028
Middle Rockies,240.0,20.0,5,-0.088,-0.0,0.01
North Cascades,240.0,20.0,10,0.115,0.001,0.067
Northern Basin and Range,240.0,20.0,2,-0.02,0.0,-0.038
Sierra Nevada,240.0,20.0,8,0.071,-0.0,-0.039
Southern Rockies,240.0,20.0,8,0.015,0.0,-0.072
Wasatch and Uinta Mountains,240.0,20.0,9,0.096,0.0,-0.082
