eco_region,lon,lat,embed dims,rho,slope (last 20),rho reverse
Arizona/New Mexico Mountains,267.5,32.5,8,-0.029,-0.001,0.112
Blue Mountains,267.5,32.5,10,0.027,-0.0,0.043
Canadian Rockies,267.5,32.5,6,-0.049,-0.001,-0.04
Cascades,267.5,32.5,10,0.015,-0.0,0.106
Central Basin and Range,267.5,32.5,10,0.157,0.004,0.117
Columbia Mountains/Northern Rockies,267.5,32.5,7,0.102,0.001,0.124
Eastern Cascades Slopes and Foothills,267.5,32.5,1,0.038,-0.001,0.011
Idaho Batholith,267.5,32.5,5,0.1,-0.0,0.166
Klamath Mountains,267.5,32.5,1,0.187,0.002,0.067
Middle Rockies,267.5,32.5,2,0.018,0.0,-0.022
North Cascades,267.5,32.5,2,-0.03,-0.0,-0.021
Northern Basin and Range,267.5,32.5,3,-0.034,-0.001,0.114
Sierra Nevada,267.5,32.5,8,0.136,-0.0,0.132
Southern Rockies,267.5,32.5,7,0.169,0.001,0.097
Wasatch and Uinta Mountains,267.5,32.5,7,0.04,-0.0,0.082
