eco_region,lon,lat,embed dims,rho,slope (last 20),rho reverse
Arizona/New Mexico Mountains,242.5,0.0,10,0.159,-0.0,0.146
Blue Mountains,242.5,0.0,10,0.218,0.002,0.365
Canadian Rockies,242.5,0.0,9,0.361,0.001,0.262
Cascades,242.5,0.0,10,0.349,0.003,0.425
Central Basin and Range,242.5,0.0,10,0.347,0.002,0.347
Columbia Mountains/Northern Rockies,242.5,0.0,8,0.363,0.002,0.276
Eastern Cascades Slopes and Foothills,242.5,0.0,9,0.287,0.002,0.208
Idaho Batholith,242.5,0.0,9,0.326,0.002,0.315
Klamath Mountains,242.5,0.0,8,0.346,0.001,0.261
Middle Rockies,242.5,0.0,9,0.372,0.002,0.339
North Cascades,242.5,0.0,4,0.213,0.001,0.231
Northern Basin and Range,242.5,0.0,10,0.27,0.003,0.386
Sierra Nevada,242.5,0.0,9,0.363,0.001,0.319
Southern Rockies,242.5,0.0,8,0.409,0.001,0.233
Wasatch and Uinta Mountains,242.5,0.0,5,0.06,0.001,0.139
