eco_region,lon,lat,embed dims,rho,slope (last 20),rho reverse
Arizona/New Mexico Mountains,197.5,0.0,9,0.164,0.002,0.16
Blue Mountains,197.5,0.0,10,0.205,0.002,0.154
Canadian Rockies,197.5,0.0,5,0.061,0.0,-0.112
Cascades,197.5,0.0,10,0.284,0.003,0.22
Central Basin and Range,197.5,0.0,10,0.231,0.003,0.182
Columbia Mountains/Northern Rockies,197.5,0.0,9,0.221,0.002,0.146
Eastern Cascades Slopes and Foothills,197.5,0.0,5,0.145,0.001,0.079
Idaho Batholith,197.5,0.0,10,0.121,0.002,0.177
Klamath Mountains,197.5,0.0,9,0.286,0.002,0.199
Middle Rockies,197.5,0.0,1,0.054,0.0,0.055
North Cascades,197.5,0.0,3,0.174,0.002,-0.037
Northern Basin and Range,197.5,0.0,10,0.192,0.003,0.16
Sierra Nevada,197.5,0.0,6,0.178,0.001,0.091
Southern Rockies,197.5,0.0,9,0.342,0.003,0.259
Wasatch and Uinta Mountains,197.5,0.0,5,0.093,0.001,0.185
