eco_region,lon,lat,embed dims,rho,slope (last 20),rho reverse
Arizona/New Mexico Mountains,182.5,15.0,2,0.133,0.001,0.008
Blue Mountains,182.5,15.0,2,0.057,0.001,-0.019
Canadian Rockies,182.5,15.0,2,0.146,0.001,0.148
Cascades,182.5,15.0,2,0.028,0.0,0.037
Central Basin and Range,182.5,15.0,2,-0.029,-0.0,-0.016
Columbia Mountains/Northern Rockies,182.5,15.0,2,0.046,-0.0,0.107
Eastern Cascades Slopes and Foothills,182.5,15.0,2,-0.028,-0.0,-0.015
Idaho Batholith,182.5,15.0,2,0.006,-0.0,0.079
Klamath Mountains,182.5,15.0,10,0.292,-0.0,0.23
Middle Rockies,182.5,15.0,1,0.057,-0.0,0.086
North Cascades,182.5,15.0,2,0.112,0.001,-0.005
Northern Basin and Range,182.5,15.0,2,0.008,0.001,-0.06
Sierra Nevada,182.5,15.0,10,0.103,-0.0,0.102
Southern Rockies,182.5,15.0,2,0.014,0.0,0.012
Wasatch and Uinta Mountains,182.5,15.0,2,0.003,-0.0,-0.089
