eco_region,lon,lat,embed dims,rho,slope (last 20),rho reverse
Arizona/New Mexico Mountains,250.0,27.5,7,0.127,0.0,0.198
Blue Mountains,250.0,27.5,7,0.119,0.002,0.077
Canadian Rockies,250.0,27.5,5,0.004,0.001,0.06
Cascades,250.0,27.5,7,0.053,0.001,-0.123
Central Basin and Range,250.0,27.5,7,0.05,-0.001,0.044
Columbia Mountains/Northern Rockies,250.0,27.5,5,0.141,0.001,0.114
Eastern Cascades Slopes and Foothills,250.0,27.5,1,0.054,0.001,0.022
Idaho Batholith,250.0,27.5,5,0.049,-0.0,0.249
Klamath Mountains,250.0,27.5,1,0.085,0.001,-0.041
Middle Rockies,250.0,27.5,6,0.074,0.0,0.156
North Cascades,250.0,27.5,2,0.061,0.0,0.072
Northern Basin and Range,250.0,27.5,7,-0.002,-0.001,-0.077
Sierra Nevada,250.0,27.5,5,-0.053,-0.002,0.091
Southern Rockies,250.0,27.5,5,0.043,-0.0,0.219
Wasatch and Uinta Mountains,250.0,27.5,2,0.016,0.0,-0.004
