eco_region,lon,lat,embed dims,rho,slope (last 20),rho reverse
Arizona/New Mexico Mountains,242.5,-15.0,9,0.132,0.001,0.191
Blue Mountains,242.5,-15.0,10,0.225,0.002,0.396
Canadian Rockies,242.5,-15.0,6,0.312,0.002,0.261
Cascades,242.5,-15.0,10,0.285,0.003,0.411
Central Basin and Range,242.5,-15.0,10,0.368,0.002,0.309
Columbia Mountains/Northern Rockies,242.5,-15.0,8,0.385,0.002,0.387
Eastern Cascades Slopes and Foothills,242.5,-15.0,9,0.219,0.002,0.287
Idaho Batholith,242.5,-15.0,8,0.341,0.002,0.443
Klamath Mountains,242.5,-15.0,4,0.257,0.001,0.265
Middle Rockies,242.5,-15.0,9,0.375,0.001,0.405
North Cascades,242.5,-15.0,4,0.209,0.002,0.242
Northern Basin and Range,242.5,-15.0,9,0.237,0.001,0.427
Sierra Nevada,242.5,-15.0,5,0.149,0.001,0.104
Southern Rockies,242.5,-15.0,8,0.419,0.001,0.272
Wasatch and Uinta Mountains,242.5,-15.0,4,0.198,0.001,0.248
