eco_region,lon,lat,embed dims,rho,slope (last 20),rho reverse
Arizona/New Mexico Mountains,210.0,22.5,10,0.221,0.002,0.108
Blue Mountains,210.0,22.5,10,0.343,0.003,0.214
Canadian Rockies,210.0,22.5,5,0.211,0.002,0.019
Cascades,210.0,22.5,10,0.38,0.002,0.345
Central Basin and Range,210.0,22.5,10,0.364,0.003,0.227
Columbia Mountains/Northern Rockies,210.0,22.5,7,0.218,0.001,0.106
Eastern Cascades Slopes and Foothills,210.0,22.5,8,0.282,0.001,0.255
Idaho Batholith,210.0,22.5,5,0.076,0.001,0.038
Klamath Mountains,210.0,22.5,8,0.399,0.003,0.187
Middle Rockies,210.0,22.5,7,0.154,0.001,0.131
North Cascades,210.0,22.5,8,0.316,0.002,0.24
Northern Basin and Range,210.0,22.5,9,0.342,0.002,0.178
Sierra Nevada,210.0,22.5,8,0.194,0.002,0.181
Southern Rockies,210.0,22.5,7,0.144,0.001,0.091
Wasatch and Uinta Mountains,210.0,22.5,10,0.357,0.002,0.246
