eco_region,lon,lat,embed dims,rho,slope (last 20),rho reverse
Arizona/New Mexico Mountains,262.5,15.0,4,0.077,-0.001,0.149
Blue Mountains,262.5,15.0,10,0.041,-0.001,0.113
Canadian Rockies,262.5,15.0,6,-0.064,-0.001,0.002
Cascades,262.5,15.0,10,0.12,0.001,0.086
Central Basin and Range,262.5,15.0,10,0.204,0.0,0.137
Columbia Mountains/Northern Rockies,262.5,15.0,5,0.087,0.001,0.075
Eastern Cascades Slopes and Foothills,262.5,15.0,6,0.13,0.001,0.17
Idaho Batholith,262.5,15.0,5,-0.031,-0.0,0.008
Klamath Mountains,262.5,15.0,4,0.175,0.002,0.17
Middle Rockies,262.5,15.0,8,0.054,-0.0,-0.062
North Cascades,262.5,15.0,6,-0.052,-0.001,0.116
Northern Basin and Range,262.5,15.0,10,0.068,0.001,0.172
Sierra Nevada,262.5,15.0,5,0.028,-0.001,0.125
Southern Rockies,262.5,15.0,5,-0.067,-0.0,-0.009
Wasatch and Uinta Mountains,262.5,15.0,6,-0.07,-0.002,0.019
