eco_region,lon,lat,embed dims,rho,slope (last 20),rho reverse
Arizona/New Mexico Mountains,267.5,32.5,8,0.057,0.0,0.073
Blue Mountains,267.5,32.5,10,0.014,0.0,0.138
Canadian Rockies,267.5,32.5,6,-0.113,-0.001,0.117
Cascades,267.5,32.5,10,0.048,-0.001,0.211
Central Basin and Range,267.5,32.5,10,0.082,-0.001,0.195
Columbia Mountains/Northern Rockies,267.5,32.5,7,0.073,-0.0,0.156
Eastern Cascades Slopes and Foothills,267.5,32.5,1,0.038,-0.001,0.011
Idaho Batholith,267.5,32.5,5,0.073,-0.001,0.226
Klamath Mountains,267.5,32.5,1,0.187,0.002,0.067
Middle Rockies,267.5,32.5,2,0.035,-0.0,0.137
North Cascades,267.5,32.5,2,0.038,-0.001,0.02
Northern Basin and Range,267.5,32.5,3,0.163,0.002,0.16
Sierra Nevada,267.5,32.5,8,0.057,-0.001,0.297
Southern Rockies,267.5,32.5,7,0.071,0.001,0.116
Wasatch and Uinta Mountains,267.5,32.5,7,0.03,0.0,0.106
