eco_region,lon,lat,embed dims,rho,slope (last 20),rho reverse
Arizona/New Mexico Mountains,252.5,25.0,3,0.007,-0.001,0.029
Blue Mountains,252.5,25.0,3,0.059,-0.0,0.013
Canadian Rockies,252.5,25.0,2,-0.006,0.0,0.068
Cascades,252.5,25.0,3,0.102,-0.0,-0.068
Central Basin and Range,252.5,25.0,3,0.126,-0.0,-0.009
Columbia Mountains/Northern Rockies,252.5,25.0,6,0.18,0.001,0.092
Eastern Cascades Slopes and Foothills,252.5,25.0,3,-0.036,-0.001,0.009
Idaho Batholith,252.5,25.0,6,0.211,-0.0,0.159
Klamath Mountains,252.5,25.0,3,-0.028,-0.001,-0.017
Middle Rockies,252.5,25.0,8,0.249,0.001,0.182
North Cascades,252.5,25.0,8,0.184,0.001,0.181
Northern Basin and Range,252.5,25.0,3,0.085,-0.0,-0.035
Sierra Nevada,252.5,25.0,6,0.168,0.001,0.112
Southern Rockies,252.5,25.0,6,0.243,0.001,0.048
Wasatch and Uinta Mountains,252.5,25.0,6,0.194,0.001,0.159
