eco_region,lon,lat,embed dims,rho,slope (last 20),rho reverse
Arizona/New Mexico Mountains,180.0,40.0,10,0.007,0.001,0.065
Blue Mountains,180.0,40.0,10,-0.021,-0.001,0.07
Canadian Rockies,180.0,40.0,7,-0.025,0.0,0.045
Cascades,180.0,40.0,10,0.054,0.002,0.031
Central Basin and Range,180.0,40.0,10,0.068,0.001,0.078
Columbia Mountains/Northern Rockies,180.0,40.0,7,0.036,0.001,0.131
Eastern Cascades Slopes and Foothills,180.0,40.0,4,-0.024,-0.0,0.042
Idaho Batholith,180.0,40.0,7,-0.004,0.001,0.088
Klamath Mountains,180.0,40.0,7,-0.025,0.001,-0.028
Middle Rockies,180.0,40.0,6,-0.056,-0.001,-0.009
North Cascades,180.0,40.0,4,0.142,0.001,-0.023
Northern Basin and Range,180.0,40.0,10,-0.019,0.002,0.008
Sierra Nevada,180.0,40.0,6,-0.084,-0.0,0.017
Southern Rockies,180.0,40.0,7,0.156,0.001,-0.042
Wasatch and Uinta Mountains,180.0,40.0,1,0.032,0.0,-0.052
