eco_region,lon,lat,embed dims,rho,slope (last 20),rho reverse
Arizona/New Mexico Mountains,232.5,42.5,8,-0.042,0.001,0.099
Blue Mountains,232.5,42.5,3,-0.029,-0.0,-0.047
Canadian Rockies,232.5,42.5,10,0.13,0.002,0.042
Cascades,232.5,42.5,3,-0.132,-0.001,-0.148
Central Basin and Range,232.5,42.5,3,-0.034,-0.001,-0.001
Columbia Mountains/Northern Rockies,232.5,42.5,10,0.088,0.002,0.077
Eastern Cascades Slopes and Foothills,232.5,42.5,8,0.069,0.001,0.209
Idaho Batholith,232.5,42.5,9,0.078,0.001,0.106
Klamath Mountains,232.5,42.5,8,0.127,0.0,0.182
Middle Rockies,232.5,42.5,8,0.106,-0.0,0.03
North Cascades,232.5,42.5,5,-0.005,-0.001,0.068
Northern Basin and Range,232.5,42.5,8,-0.032,-0.002,0.118
Sierra Nevada,232.5,42.5,5,0.141,0.0,0.334
Southern Rockies,232.5,42.5,10,0.139,0.002,0.006
Wasatch and Uinta Mountains,232.5,42.5,8,0.02,-0.001,0.091
