eco_region,lon,lat,embed dims,rho,slope (last 20),rho reverse
Arizona/New Mexico Mountains,192.5,45.0,4,0.079,0.0,-0.018
Blue Mountains,192.5,45.0,6,0.176,0.001,0.193
Canadian Rockies,192.5,45.0,6,0.154,0.001,0.179
Cascades,192.5,45.0,6,0.188,0.002,0.206
Central Basin and Range,192.5,45.0,6,0.002,0.001,0.113
Columbia Mountains/Northern Rockies,192.5,45.0,7,0.199,0.002,0.181
Eastern Cascades Slopes and Foothills,192.5,45.0,10,0.138,0.002,0.095
Idaho Batholith,192.5,45.0,10,0.095,0.0,0.112
Klamath Mountains,192.5,45.0,10,0.133,0.001,0.116
Middle Rockies,192.5,45.0,10,-0.026,-0.0,0.111
North Cascades,192.5,45.0,9,0.257,0.002,0.033
Northern Basin and Range,192.5,45.0,9,0.062,0.001,0.041
Sierra Nevada,192.5,45.0,9,0.041,0.0,0.109
Southern Rockies,192.5,45.0,7,0.085,0.0,0.01
Wasatch and Uinta Mountains,192.5,45.0,8,0.022,0.001,0.076
