eco_region,lon,lat,embed dims,rho,slope (last 20),rho reverse
Arizona/New Mexico Mountains,192.5,27.5,4,-0.013,-0.0,-0.009
Blue Mountains,192.5,27.5,4,0.005,0.0,0.028
Canadian Rockies,192.5,27.5,2,0.094,0.001,-0.066
Cascades,192.5,27.5,4,0.004,-0.001,0.094
Central Basin and Range,192.5,27.5,4,0.067,0.002,0.108
Columbia Mountains/Northern Rockies,192.5,27.5,3,0.102,-0.0,-0.091
Eastern Cascades Slopes and Foothills,192.5,27.5,1,-0.051,0.001,-0.087
Idaho Batholith,192.5,27.5,3,0.024,0.001,-0.008
Klamath Mountains,192.5,27.5,6,0.054,-0.001,-0.015
Middle Rockies,192.5,27.5,3,-0.066,-0.001,-0.01
North Cascades,192.5,27.5,3,0.075,0.001,-0.009
Northern Basin and Range,192.5,27.5,4,0.029,0.001,0.135
Sierra Nevada,192.5,27.5,3,0.052,0.001,-0.004
Southern Rockies,192.5,27.5,3,0.049,0.0,-0.083
Wasatch and Uinta Mountains,192.5,27.5,6,0.025,-0.0,0.105
