eco_region,lon,lat,embed dims,rho,slope (last 20),rho reverse
Arizona/New Mexico Mountains,275.0,-5.0,10,0.147,0.002,0.174
Blue Mountains,275.0,-5.0,10,0.224,0.002,0.181
Canadian Rockies,275.0,-5.0,3,0.028,0.0,0.294
Cascades,275.0,-5.0,10,0.341,0.003,0.318
Central Basin and Range,275.0,-5.0,10,0.388,0.003,0.22
Columbia Mountains/Northern Rockies,275.0,-5.0,3,0.075,-0.001,0.229
Eastern Cascades Slopes and Foothills,275.0,-5.0,6,0.278,0.003,0.104
Idaho Batholith,275.0,-5.0,3,0.124,0.001,0.181
Klamath Mountains,275.0,-5.0,9,0.426,0.002,0.152
Middle Rockies,275.0,-5.0,6,0.323,0.001,0.223
North Cascades,275.0,-5.0,9,0.381,0.003,0.166
Northern Basin and Range,275.0,-5.0,10,0.329,0.002,0.193
Sierra Nevada,275.0,-5.0,3,0.133,0.0,0.06
Southern Rockies,275.0,-5.0,3,0.02,0.0,0.114
Wasatch and Uinta Mountains,275.0,-5.0,3,0.157,0.001,0.086
