eco_region,lon,lat,embed dims,rho,slope (last 20),rho reverse
Arizona/New Mexico Mountains,257.5,5.0,10,0.252,0.002,0.194
Blue Mountains,257.5,5.0,10,0.24,0.003,0.19
Canadian Rockies,257.5,5.0,6,0.188,0.0,0.186
Cascades,257.5,5.0,10,0.342,0.003,0.321
Central Basin and Range,257.5,5.0,10,0.376,0.004,0.164
Columbia Mountains/Northern Rockies,257.5,5.0,6,0.187,0.001,0.208
Eastern Cascades Slopes and Foothills,257.5,5.0,9,0.39,0.002,0.202
Idaho Batholith,257.5,5.0,3,0.078,0.0,0.067
Klamath Mountains,257.5,5.0,7,0.363,0.001,0.264
Middle Rockies,257.5,5.0,3,0.001,-0.0,0.082
North Cascades,257.5,5.0,9,0.282,0.003,0.21
Northern Basin and Range,257.5,5.0,10,0.173,0.001,0.305
Sierra Nevada,257.5,5.0,6,0.224,0.001,0.265
Southern Rockies,257.5,5.0,6,0.139,0.001,0.1
Wasatch and Uinta Mountains,257.5,5.0,9,0.198,0.001,0.117
