eco_region,lon,lat,embed dims,rho,slope (last 20),rho reverse
Arizona/New Mexico Mountains,237.5,22.5,10,0.201,0.001,-0.005
Blue Mountains,237.5,22.5,10,0.1,0.001,0.155
Canadian Rockies,237.5,22.5,6,0.129,0.001,0.043
Cascades,237.5,22.5,10,0.236,0.002,0.283
Central Basin and Range,237.5,22.5,10,0.276,0.003,0.186
Columbia Mountains/Northern Rockies,237.5,22.5,5,0.153,0.0,0.062
Eastern Cascades Slopes and Foothills,237.5,22.5,5,0.101,0.001,0.196
Idaho Batholith,237.5,22.5,6,0.121,0.001,0.098
Klamath Mountains,237.5,22.5,9,0.216,0.002,0.17
Middle Rockies,237.5,22.5,6,0.172,0.001,0.08
North Cascades,237.5,22.5,7,0.213,0.001,0.215
Northern Basin and Range,237.5,22.5,10,0.175,0.001,0.238
Sierra Nevada,237.5,22.5,6,0.146,0.001,0.134
Southern Rockies,237.5,22.5,5,0.082,-0.0,0.102
Wasatch and Uinta Mountains,237.5,22.5,10,0.228,0.002,0.074
