eco_region,lon,lat,embed dims,rho,slope (last 20),rho reverse
Arizona/New Mexico Mountains,280.0,37.5,6,-0.062,-0.002,0.001
Blue Mountains,280.0,37.5,6,-0.003,-0.0,0.024
Canadian Rockies,280.0,37.5,4,-0.054,-0.0,0.041
Cascades,280.0,37.5,6,-0.051,-0.002,0.034
Central Basin and Range,280.0,37.5,6,0.063,0.001,-0.048
Columbia Mountains/Northern Rockies,280.0,37.5,5,0.042,-0.0,0.013
Eastern Cascades Slopes and Foothills,280.0,37.5,6,0.056,0.001,-0.077
Idaho Batholith,280.0,37.5,5,0.007,-0.0,0.052
Klamath Mountains,280.0,37.5,1,0.103,0.001,-0.033
Middle Rockies,280.0,37.5,8,0.045,0.001,0.006
North Cascades,280.0,37.5,2,-0.026,0.0,-0.024
Northern Basin and Range,280.0,37.5,6,0.062,0.001,-0.069
Sierra Nevada,280.0,37.5,8,0.037,0.0,0.015
Southern Rockies,280.0,37.5,5,0.044,-0.0,0.01
Wasatch and Uinta Mountains,280.0,37.5,4,0.064,0.001,-0.008
