eco_region,lon,lat,embed dims,rho,slope (last 20),rho reverse
Arizona/New Mexico Mountains,212.5,57.5,3,-0.065,-0.001,-0.001
Blue Mountains,212.5,57.5,3,0.024,0.001,-0.033
Canadian Rockies,212.5,57.5,9,0.062,0.001,0.042
Cascades,212.5,57.5,3,0.082,0.002,-0.015
Central Basin and Range,212.5,57.5,3,0.082,0.001,-0.124
Columbia Mountains/Northern Rockies,212.5,57.5,8,0.092,0.001,0.007
Eastern Cascades Slopes and Foothills,212.5,57.5,2,-0.074,-0.001,0.029
Idaho Batholith,212.5,57.5,10,-0.007,-0.0,0.067
Klamath Mountains,212.5,57.5,4,0.029,0.001,-0.043
Middle Rockies,212.5,57.5,10,0.115,0.001,0.051
North Cascades,212.5,57.5,6,0.079,0.0,0.009
Northern Basin and Range,212.5,57.5,3,0.096,0.001,0.056
Sierra Nevada,212.5,57.5,10,0.11,0.001,0.037
Southern Rockies,212.5,57.5,8,0.105,0.001,-0.0
Wasatch and Uinta Mountains,212.5,57.5,8,0.127,0.0,0.025
