eco_region,lon,lat,embed dims,rho,slope (last 20),rho reverse
Arizona/New Mexico Mountains,232.5,-15.0,10,0.249,0.002,0.216
Blue Mountains,232.5,-15.0,10,0.291,0.002,0.212
Canadian Rockies,232.5,-15.0,6,0.19,0.001,0.266
Cascades,232.5,-15.0,10,0.357,0.003,0.207
Central Basin and Range,232.5,-15.0,10,0.371,0.004,0.237
Columbia Mountains/Northern Rockies,232.5,-15.0,5,0.147,-0.001,0.26
Eastern Cascades Slopes and Foothills,232.5,-15.0,8,0.283,0.002,0.123
Idaho Batholith,232.5,-15.0,5,0.152,0.001,0.14
Klamath Mountains,232.5,-15.0,6,0.216,0.002,0.226
Middle Rockies,232.5,-15.0,9,0.331,0.001,0.248
North Cascades,232.5,-15.0,4,0.183,0.001,0.136
Northern Basin and Range,232.5,-15.0,10,0.15,0.002,0.373
Sierra Nevada,232.5,-15.0,5,0.212,0.001,0.216
Southern Rockies,232.5,-15.0,5,0.093,-0.0,0.032
Wasatch and Uinta Mountains,232.5,-15.0,6,0.137,0.001,0.105
