eco_region,lon,lat,embed dims,rho,slope (last 20),rho reverse
Arizona/New Mexico Mountains,242.5,47.5,6,0.007,-0.0,0.141
Blue Mountains,242.5,47.5,7,-0.016,-0.002,0.259
Canadian Rockies,242.5,47.5,7,-0.084,-0.001,0.038
Cascades,242.5,47.5,7,0.211,0.002,0.335
Central Basin and Range,242.5,47.5,7,0.024,0.0,0.395
Columbia Mountains/Northern Rockies,242.5,47.5,7,0.124,-0.0,0.305
Eastern Cascades Slopes and Foothills,242.5,47.5,3,0.219,0.001,0.297
Idaho Batholith,242.5,47.5,7,0.182,0.001,0.461
Klamath Mountains,242.5,47.5,1,0.012,-0.002,0.117
Middle Rockies,242.5,47.5,10,0.038,-0.0,0.323
North Cascades,242.5,47.5,5,0.048,-0.0,0.214
Northern Basin and Range,242.5,47.5,6,0.072,0.0,0.214
Sierra Nevada,242.5,47.5,6,0.171,0.0,0.399
Southern Rockies,242.5,47.5,7,0.03,0.0,0.245
Wasatch and Uinta Mountains,242.5,47.5,7,0.024,0.001,0.323
