eco_region,lon,lat,embed dims,rho,slope (last 20),rho reverse
Arizona/New Mexico Mountains,265.0,-2.5,10,0.112,0.002,0.17
Blue Mountains,265.0,-2.5,10,0.085,0.0,0.187
Canadian Rockies,265.0,-2.5,7,0.009,-0.001,0.134
Cascades,265.0,-2.5,10,0.244,0.002,0.246
Central Basin and Range,265.0,-2.5,10,0.171,-0.001,0.142
Columbia Mountains/Northern Rockies,265.0,-2.5,3,0.021,0.001,0.002
Eastern Cascades Slopes and Foothills,265.0,-2.5,9,0.213,0.002,0.151
Idaho Batholith,265.0,-2.5,5,0.011,-0.0,0.033
Klamath Mountains,265.0,-2.5,9,0.09,-0.0,0.093
Middle Rockies,265.0,-2.5,6,0.045,0.0,0.09
North Cascades,265.0,-2.5,10,0.198,0.001,0.196
Northern Basin and Range,265.0,-2.5,10,0.137,0.0,0.106
Sierra Nevada,265.0,-2.5,5,0.115,-0.0,0.14
Southern Rockies,265.0,-2.5,3,-0.022,0.001,0.016
Wasatch and Uinta Mountains,265.0,-2.5,6,-0.123,-0.002,0.113
