eco_region,lon,lat,embed dims,rho,slope (last 20),rho reverse
Arizona/New Mexico Mountains,202.5,20.0,10,0.072,0.001,0.104
Blue Mountains,202.5,20.0,10,0.04,0.001,0.078
Canadian Rockies,202.5,20.0,3,0.014,0.0,0.085
Cascades,202.5,20.0,10,0.211,0.001,0.089
Central Basin and Range,202.5,20.0,10,0.023,-0.001,0.089
Columbia Mountains/Northern Rockies,202.5,20.0,3,-0.066,-0.001,0.009
Eastern Cascades Slopes and Foothills,202.5,20.0,9,0.12,0.0,-0.003
Idaho Batholith,202.5,20.0,3,0.006,-0.0,-0.008
Klamath Mountains,202.5,20.0,10,0.364,0.001,-0.004
Middle Rockies,202.5,20.0,5,-0.012,-0.0,0.052
North Cascades,202.5,20.0,9,0.063,-0.0,0.079
Northern Basin and Range,202.5,20.0,10,0.158,-0.0,0.122
Sierra Nevada,202.5,20.0,7,-0.102,-0.001,-0.031
Southern Rockies,202.5,20.0,3,0.05,0.0,-0.028
Wasatch and Uinta Mountains,202.5,20.0,7,0.052,0.0,0.063
