eco_region,lon,lat,embed dims,rho,slope (last 20),rho reverse
Arizona/New Mexico Mountains,260.0,7.5,8,0.157,-0.0,0.163
Blue Mountains,260.0,7.5,7,0.077,-0.0,0.129
Canadian Rockies,260.0,7.5,9,0.317,0.001,0.232
Cascades,260.0,7.5,7,0.337,0.004,0.191
Central Basin and Range,260.0,7.5,7,0.232,0.001,0.148
Columbia Mountains/Northern Rockies,260.0,7.5,5,0.108,-0.0,0.123
Eastern Cascades Slopes and Foothills,260.0,7.5,9,0.388,0.002,0.209
Idaho Batholith,260.0,7.5,5,0.128,0.001,0.12
Klamath Mountains,260.0,7.5,6,0.268,-0.0,0.188
Middle Rockies,260.0,7.5,3,0.021,-0.0,0.045
North Cascades,260.0,7.5,10,0.258,0.003,0.267
Northern Basin and Range,260.0,7.5,8,0.166,0.002,0.274
Sierra Nevada,260.0,7.5,4,0.177,0.002,0.075
Southern Rockies,260.0,7.5,5,0.125,-0.0,0.09
Wasatch and Uinta Mountains,260.0,7.5,8,0.197,0.002,0.041
