eco_region,lon,lat,embed dims,rho,slope (last 20),rho reverse
Arizona/New Mexico Mountains,200.0,47.5,9,0.123,0.002,-0.056
Blue Mountains,200.0,47.5,9,0.204,0.001,0.059
Canadian Rockies,200.0,47.5,8,0.139,0.002,0.08
Cascades,200.0,47.5,9,0.198,0.001,0.089
Central Basin and Range,200.0,47.5,9,0.172,0.002,0.074
Columbia Mountains/Northern Rockies,200.0,47.5,9,0.235,0.001,0.179
Eastern Cascades Slopes and Foothills,200.0,47.5,10,0.164,0.003,0.095
Idaho Batholith,200.0,47.5,10,0.096,0.0,0.109
Klamath Mountains,200.0,47.5,8,0.101,0.002,0.076
Middle Rockies,200.0,47.5,10,-0.007,-0.001,0.121
North Cascades,200.0,47.5,8,0.187,0.002,0.048
Northern Basin and Range,200.0,47.5,9,0.097,0.001,0.05
Sierra Nevada,200.0,47.5,10,0.104,0.0,0.109
Southern Rockies,200.0,47.5,9,0.16,0.001,0.081
Wasatch and Uinta Mountains,200.0,47.5,10,0.045,-0.001,0.108
