eco_region,lon,lat,embed dims,rho,slope (last 20),rho reverse
Arizona/New Mexico Mountains,257.5,32.5,9,0.073,0.0,-0.001
Blue Mountains,257.5,32.5,10,0.156,0.001,0.067
Canadian Rockies,257.5,32.5,7,0.163,0.001,0.055
Cascades,257.5,32.5,10,0.131,0.001,0.136
Central Basin and Range,257.5,32.5,10,0.218,0.001,0.072
Columbia Mountains/Northern Rockies,257.5,32.5,2,0.171,0.001,0.124
Eastern Cascades Slopes and Foothills,257.5,32.5,9,0.111,0.001,0.089
Idaho Batholith,257.5,32.5,9,0.24,0.001,0.211
Klamath Mountains,257.5,32.5,10,0.165,0.002,0.186
Middle Rockies,257.5,32.5,2,0.094,0.0,0.154
North Cascades,257.5,32.5,5,0.183,0.002,0.161
Northern Basin and Range,257.5,32.5,10,0.149,-0.0,0.088
Sierra Nevada,257.5,32.5,2,0.193,0.001,0.043
Southern Rockies,257.5,32.5,2,-0.022,-0.001,0.141
Wasatch and Uinta Mountains,257.5,32.5,8,0.126,0.0,0.204
