eco_region,lon,lat,embed dims,rho,slope (last 20),rho reverse
Arizona/New Mexico Mountains,220.0,27.5,10,0.059,0.002,-0.035
Blue Mountains,220.0,27.5,10,0.044,0.001,0.001
Canadian Rockies,220.0,27.5,8,-0.049,0.0,0.071
Cascades,220.0,27.5,10,0.181,0.001,0.193
Central Basin and Range,220.0,27.5,10,-0.031,-0.001,0.0
Columbia Mountains/Northern Rockies,220.0,27.5,10,0.065,-0.0,0.127
Eastern Cascades Slopes and Foothills,220.0,27.5,10,-0.033,-0.002,0.021
Idaho Batholith,220.0,27.5,8,0.039,0.001,0.053
Klamath Mountains,220.0,27.5,4,-0.119,-0.002,0.1
Middle Rockies,220.0,27.5,8,0.05,0.0,0.094
North Cascades,220.0,27.5,8,0.044,0.001,0.14
Northern Basin and Range,220.0,27.5,10,-0.003,-0.001,-0.016
Sierra Nevada,220.0,27.5,10,0.018,-0.001,0.109
Southern Rockies,220.0,27.5,10,0.147,0.0,0.001
Wasatch and Uinta Mountains,220.0,27.5,8,-0.029,-0.001,0.128
