eco_region,lon,lat,embed dims,rho,slope (last 20),rho reverse
Arizona/New Mexico Mountains,260.0,55.0,2,-0.098,-0.001,-0.064
Blue Mountains,260.0,55.0,2,0.009,0.001,-0.005
Canadian Rockies,260.0,55.0,3,-0.109,-0.0,-0.056
Cascades,260.0,55.0,2,-0.07,-0.001,-0.052
Central Basin and Range,260.0,55.0,2,-0.011,-0.001,-0.08
Columbia Mountains/Northern Rockies,260.0,55.0,2,0.106,0.001,0.016
Eastern Cascades Slopes and Foothills,260.0,55.0,8,-0.02,0.0,-0.099
Idaho Batholith,260.0,55.0,3,0.024,-0.001,-0.034
Klamath Mountains,260.0,55.0,3,0.04,0.0,-0.037
Middle Rockies,260.0,55.0,1,-0.023,-0.0,-0.044
North Cascades,260.0,55.0,2,-0.05,-0.0,-0.001
Northern Basin and Range,260.0,55.0,1,-0.017,0.0,-0.053
Sierra Nevada,260.0,55.0,2,0.014,0.0,0.041
Southern Rockies,260.0,55.0,2,-0.04,-0.001,0.024
Wasatch and Uinta Mountains,260.0,55.0,2,0.146,0.001,0.019
