eco_region,lon,lat,embed dims,rho,slope (last 20),rho reverse
Arizona/New Mexico Mountains,255.0,-17.5,7,0.161,0.001,0.184
Blue Mountains,255.0,-17.5,10,0.21,0.001,0.298
Canadian Rockies,255.0,-17.5,7,0.303,0.001,0.203
Cascades,255.0,-17.5,10,0.269,0.004,0.215
Central Basin and Range,255.0,-17.5,10,0.306,0.003,0.156
Columbia Mountains/Northern Rockies,255.0,-17.5,7,0.286,0.002,0.209
Eastern Cascades Slopes and Foothills,255.0,-17.5,10,0.206,0.003,0.139
Idaho Batholith,255.0,-17.5,7,0.279,0.002,0.192
Klamath Mountains,255.0,-17.5,9,0.246,0.002,0.059
Middle Rockies,255.0,-17.5,8,0.268,0.0,0.211
North Cascades,255.0,-17.5,10,0.353,0.003,0.19
Northern Basin and Range,255.0,-17.5,7,0.156,0.001,0.215
Sierra Nevada,255.0,-17.5,7,0.234,0.001,0.115
Southern Rockies,255.0,-17.5,7,0.292,0.001,0.025
Wasatch and Uinta Mountains,255.0,-17.5,8,0.363,0.001,0.3
