eco_region,lon,lat,embed dims,rho,slope (last 20),rho reverse
Arizona/New Mexico Mountains,205.0,5.0,10,0.188,0.003,0.134
Blue Mountains,205.0,5.0,10,0.224,0.002,0.183
Canadian Rockies,205.0,5.0,10,0.261,0.001,0.267
Cascades,205.0,5.0,10,0.334,0.003,0.329
Central Basin and Range,205.0,5.0,10,0.26,0.003,0.264
Columbia Mountains/Northern Rockies,205.0,5.0,10,0.234,0.003,0.278
Eastern Cascades Slopes and Foothills,205.0,5.0,5,0.162,0.001,0.041
Idaho Batholith,205.0,5.0,10,0.167,0.002,0.208
Klamath Mountains,205.0,5.0,9,0.279,0.002,0.247
Middle Rockies,205.0,5.0,5,0.103,-0.0,0.056
North Cascades,205.0,5.0,3,0.223,0.002,-0.026
Northern Basin and Range,205.0,5.0,5,0.068,0.001,0.128
Sierra Nevada,205.0,5.0,9,0.242,0.001,0.167
Southern Rockies,205.0,5.0,10,0.412,0.002,0.26
Wasatch and Uinta Mountains,205.0,5.0,5,0.102,0.001,0.184
