eco_region,lon,lat,embed dims,rho,slope (last 20),rho reverse
Arizona/New Mexico Mountains,262.5,40.0,2,0.018,-0.001,0.045
Blue Mountains,262.5,40.0,10,0.052,-0.001,0.08
Canadian Rockies,262.5,40.0,6,0.098,0.0,0.129
Cascades,262.5,40.0,10,0.025,-0.001,0.102
Central Basin and Range,262.5,40.0,10,0.097,0.002,0.191
Columbia Mountains/Northern Rockies,262.5,40.0,8,0.149,0.001,0.232
Eastern Cascades Slopes and Foothills,262.5,40.0,7,0.118,0.0,0.174
Idaho Batholith,262.5,40.0,6,0.132,0.0,0.23
Klamath Mountains,262.5,40.0,2,0.112,0.001,0.135
Middle Rockies,262.5,40.0,10,0.172,0.001,0.088
North Cascades,262.5,40.0,10,0.067,-0.001,0.218
Northern Basin and Range,262.5,40.0,9,-0.031,0.0,0.09
Sierra Nevada,262.5,40.0,8,0.113,0.001,0.17
Southern Rockies,262.5,40.0,8,0.154,0.001,0.04
Wasatch and Uinta Mountains,262.5,40.0,10,0.022,-0.0,0.072
