eco_region,lon,lat,embed dims,rho,slope (last 20),rho reverse
Arizona/New Mexico Mountains,207.5,2.5,4,0.066,-0.0,0.144
Blue Mountains,207.5,2.5,4,-0.013,-0.001,0.163
Canadian Rockies,207.5,2.5,10,0.256,0.001,0.261
Cascades,207.5,2.5,4,0.132,0.001,0.203
Central Basin and Range,207.5,2.5,4,-0.002,0.0,0.176
Columbia Mountains/Northern Rockies,207.5,2.5,8,0.263,0.001,0.209
Eastern Cascades Slopes and Foothills,207.5,2.5,10,0.282,0.002,0.162
Idaho Batholith,207.5,2.5,10,0.147,0.002,0.196
Klamath Mountains,207.5,2.5,8,0.267,0.002,0.224
Middle Rockies,207.5,2.5,5,0.116,-0.0,0.125
North Cascades,207.5,2.5,3,0.207,0.002,-0.024
Northern Basin and Range,207.5,2.5,4,0.028,0.002,0.2
Sierra Nevada,207.5,2.5,8,0.206,0.001,0.172
Southern Rockies,207.5,2.5,8,0.326,0.002,0.225
Wasatch and Uinta Mountains,207.5,2.5,5,0.109,0.001,0.206
