eco_region,lon,lat,embed dims,rho,slope (last 20),rho reverse
Arizona/New Mexico Mountains,205.0,-12.5,6,0.13,0.001,0.05
Blue Mountains,205.0,-12.5,6,0.265,0.002,0.203
Canadian Rockies,205.0,-12.5,5,0.274,0.002,0.109
Cascades,205.0,-12.5,6,0.336,0.002,0.231
Central Basin and Range,205.0,-12.5,6,0.156,0.002,0.286
Columbia Mountains/Northern Rockies,205.0,-12.5,8,0.335,0.002,0.254
Eastern Cascades Slopes and Foothills,205.0,-12.5,4,0.153,0.001,-0.025
Idaho Batholith,205.0,-12.5,8,0.248,0.001,0.267
Klamath Mountains,205.0,-12.5,4,0.319,0.002,0.138
Middle Rockies,205.0,-12.5,7,0.29,0.002,0.199
North Cascades,205.0,-12.5,5,0.239,0.002,0.119
Northern Basin and Range,205.0,-12.5,6,0.148,0.003,0.191
Sierra Nevada,205.0,-12.5,9,0.335,0.002,0.336
Southern Rockies,205.0,-12.5,8,0.408,0.001,0.223
Wasatch and Uinta Mountains,205.0,-12.5,5,0.105,0.001,0.228
