eco_region,lon,lat,embed dims,rho,slope (last 20),rho reverse
Arizona/New Mexico Mountains,245.0,7.5,10,0.241,0.002,0.193
Blue Mountains,245.0,7.5,10,0.232,0.003,0.115
Canadian Rockies,245.0,7.5,8,0.28,0.0,0.255
Cascades,245.0,7.5,10,0.358,0.003,0.267
Central Basin and Range,245.0,7.5,10,0.346,0.004,0.008
Columbia Mountains/Northern Rockies,245.0,7.5,6,0.175,0.001,0.257
Eastern Cascades Slopes and Foothills,245.0,7.5,7,0.286,0.002,0.103
Idaho Batholith,245.0,7.5,6,0.139,0.001,0.181
Klamath Mountains,245.0,7.5,8,0.387,0.002,0.155
Middle Rockies,245.0,7.5,4,0.14,0.0,0.102
North Cascades,245.0,7.5,8,0.27,0.002,0.201
Northern Basin and Range,245.0,7.5,10,0.14,0.001,0.214
Sierra Nevada,245.0,7.5,6,0.195,0.001,0.157
Southern Rockies,245.0,7.5,6,0.109,0.001,0.109
Wasatch and Uinta Mountains,245.0,7.5,9,0.183,0.001,0.125
