eco_region,lon,lat,embed dims,rho,slope (last 20),rho reverse
Arizona/New Mexico Mountains,215.0,-15.0,5,0.091,0.0,0.208
Blue Mountains,215.0,-15.0,4,0.093,0.003,0.166
Canadian Rockies,215.0,-15.0,6,0.121,0.001,0.096
Cascades,215.0,-15.0,4,0.148,0.001,0.191
Central Basin and Range,215.0,-15.0,4,-0.006,-0.0,0.153
Columbia Mountains/Northern Rockies,215.0,-15.0,4,-0.008,-0.0,0.061
Eastern Cascades Slopes and Foothills,215.0,-15.0,5,-0.094,-0.002,0.208
Idaho Batholith,215.0,-15.0,4,0.02,0.001,0.129
Klamath Mountains,215.0,-15.0,5,-0.005,0.001,0.155
Middle Rockies,215.0,-15.0,9,0.099,0.0,0.108
North Cascades,215.0,-15.0,6,0.121,0.002,0.144
Northern Basin and Range,215.0,-15.0,5,0.022,0.001,0.096
Sierra Nevada,215.0,-15.0,3,0.02,0.0,0.274
Southern Rockies,215.0,-15.0,4,-0.079,-0.001,0.071
Wasatch and Uinta Mountains,215.0,-15.0,7,0.031,-0.0,0.211
