eco_region,lon,lat,embed dims,rho,slope (last 20),rho reverse
Arizona/New Mexico Mountains,227.5,-20.0,2,0.072,0.001,0.073
Blue Mountains,227.5,-20.0,2,0.091,0.001,0.06
Canadian Rockies,227.5,-20.0,3,0.016,-0.0,0.09
Cascades,227.5,-20.0,2,-0.054,-0.001,0.085
Central Basin and Range,227.5,-20.0,2,0.079,0.001,0.028
Columbia Mountains/Northern Rockies,227.5,-20.0,5,0.188,0.0,0.244
Eastern Cascades Slopes and Foothills,227.5,-20.0,10,0.258,0.003,0.225
Idaho Batholith,227.5,-20.0,4,0.214,0.001,0.161
Klamath Mountains,227.5,-20.0,4,0.196,0.002,0.15
Middle Rockies,227.5,-20.0,7,0.338,0.001,0.165
North Cascades,227.5,-20.0,10,0.259,0.002,0.339
Northern Basin and Range,227.5,-20.0,2,0.067,0.001,-0.033
Sierra Nevada,227.5,-20.0,3,0.102,0.001,0.061
Southern Rockies,227.5,-20.0,5,0.176,0.001,0.133
Wasatch and Uinta Mountains,227.5,-20.0,7,0.318,0.002,0.237
