eco_region,lon,lat,embed dims,rho,slope (last 20),rho reverse
Arizona/New Mexico Mountains,265.0,40.0,5,0.096,0.001,0.009
Blue Mountains,265.0,40.0,9,0.074,-0.0,0.031
Canadian Rockies,265.0,40.0,2,-0.011,0.001,0.086
Cascades,265.0,40.0,9,0.023,0.0,0.094
Central Basin and Range,265.0,40.0,9,0.104,0.001,0.109
Columbia Mountains/Northern Rockies,265.0,40.0,9,0.038,-0.0,0.154
Eastern Cascades Slopes and Foothills,265.0,40.0,8,0.08,0.0,0.106
Idaho Batholith,265.0,40.0,2,0.011,-0.001,0.055
Klamath Mountains,265.0,40.0,1,0.132,0.002,0.088
Middle Rockies,265.0,40.0,9,0.081,0.001,0.096
North Cascades,265.0,40.0,10,0.125,0.001,0.1
Northern Basin and Range,265.0,40.0,7,0.064,0.001,0.117
Sierra Nevada,265.0,40.0,9,0.044,-0.0,0.18
Southern Rockies,265.0,40.0,9,0.02,0.0,0.079
Wasatch and Uinta Mountains,265.0,40.0,1,0.061,0.001,0.014
