eco_region,lon,lat,embed dims,rho,slope (last 20),rho reverse
Arizona/New Mexico Mountains,237.5,27.5,8,0.151,0.001,0.094
Blue Mountains,237.5,27.5,7,0.052,0.001,-0.03
Canadian Rockies,237.5,27.5,3,-0.07,-0.001,-0.054
Cascades,237.5,27.5,7,0.155,0.001,0.138
Central Basin and Range,237.5,27.5,7,0.004,-0.0,-0.007
Columbia Mountains/Northern Rockies,237.5,27.5,4,0.01,0.001,0.099
Eastern Cascades Slopes and Foothills,237.5,27.5,4,-0.048,-0.002,0.087
Idaho Batholith,237.5,27.5,3,-0.023,0.0,-0.007
Klamath Mountains,237.5,27.5,4,-0.054,-0.0,0.145
Middle Rockies,237.5,27.5,4,0.083,0.001,-0.009
North Cascades,237.5,27.5,7,0.061,0.001,0.115
Northern Basin and Range,237.5,27.5,7,-0.007,-0.001,-0.116
Sierra Nevada,237.5,27.5,4,-0.005,0.0,0.099
Southern Rockies,237.5,27.5,4,0.094,0.0,0.025
Wasatch and Uinta Mountains,237.5,27.5,6,-0.001,-0.002,-0.003
