eco_region,lon,lat,embed dims,rho,slope (last 20),rho reverse
Arizona/New Mexico Mountains,252.5,57.5,4,0.043,0.002,0.024
Blue Mountains,252.5,57.5,4,-0.009,-0.0,-0.05
Canadian Rockies,252.5,57.5,4,0.078,-0.0,-0.058
Cascades,252.5,57.5,4,0.126,0.002,-0.077
Central Basin and Range,252.5,57.5,4,0.129,0.001,-0.121
Columbia Mountains/Northern Rockies,252.5,57.5,1,0.036,0.001,0.044
Eastern Cascades Slopes and Foothills,252.5,57.5,4,0.067,0.001,-0.051
Idaho Batholith,252.5,57.5,3,0.021,0.001,-0.029
Klamath Mountains,252.5,57.5,4,0.054,0.001,-0.042
Middle Rockies,252.5,57.5,3,-0.037,-0.001,0.046
North Cascades,252.5,57.5,9,0.033,-0.0,-0.037
Northern Basin and Range,252.5,57.5,4,-0.008,0.001,0.021
Sierra Nevada,252.5,57.5,3,0.009,0.0,0.057
Southern Rockies,252.5,57.5,1,-0.073,-0.001,0.057
Wasatch and Uinta Mountains,252.5,57.5,1,-0.021,0.0,0.039
