eco_region,lon,lat,embed dims,rho,slope (last 20),rho reverse
Arizona/New Mexico Mountains,280.0,50.0,4,-0.044,-0.001,0.018
Blue Mountains,280.0,50.0,5,0.015,-0.0,-0.056
Canadian Rockies,280.0,50.0,2,-0.065,-0.001,0.131
Cascades,280.0,50.0,5,0.051,0.001,-0.067
Central Basin and Range,280.0,50.0,5,-0.065,-0.001,-0.097
Columbia Mountains/Northern Rockies,280.0,50.0,3,0.049,0.0,0.144
Eastern Cascades Slopes and Foothills,280.0,50.0,4,-0.012,0.001,0.036
Idaho Batholith,280.0,50.0,7,-0.001,0.001,0.018
Klamath Mountains,280.0,50.0,4,0.016,0.0,-0.053
Middle Rockies,280.0,50.0,1,-0.083,-0.001,-0.006
North Cascades,280.0,50.0,7,0.04,0.001,0.027
Northern Basin and Range,280.0,50.0,4,0.009,-0.0,-0.059
Sierra Nevada,280.0,50.0,1,-0.066,-0.001,0.081
Southern Rockies,280.0,50.0,3,0.008,-0.0,-0.002
Wasatch and Uinta Mountains,280.0,50.0,3,-0.067,-0.0,0.046
