eco_region,lon,lat,embed dims,rho,slope (last 20),rho reverse
Arizona/New Mexico Mountains,227.5,50.0,1,-0.032,-0.001,-0.077
Blue Mountains,227.5,50.0,1,0.021,-0.001,0.01
Canadian Rockies,227.5,50.0,2,-0.139,-0.001,-0.027
Cascades,227.5,50.0,1,0.107,0.001,-0.003
Central Basin and Range,227.5,50.0,1,-0.052,-0.0,0.04
Columbia Mountains/Northern Rockies,227.5,50.0,5,0.084,0.001,-0.057
Eastern Cascades Slopes and Foothills,227.5,50.0,1,0.096,0.002,0.097
Idaho Batholith,227.5,50.0,10,0.082,0.0,0.071
Klamath Mountains,227.5,50.0,1,0.002,-0.002,0.036
Middle Rockies,227.5,50.0,1,0.024,0.001,0.107
North Cascades,227.5,50.0,4,0.021,0.0,0.049
Northern Basin and Range,227.5,50.0,1,-0.029,0.0,0.025
Sierra Nevada,227.5,50.0,10,0.126,0.001,0.1
Southern Rockies,227.5,50.0,5,0.02,0.001,0.044
Wasatch and Uinta Mountains,227.5,50.0,4,-0.024,-0.001,0.08
