eco_region,lon,lat,embed dims,rho,slope (last 20),rho reverse
Arizona/New Mexico Mountains,227.5,22.5,10,0.16,0.002,0.065
Blue Mountains,227.5,22.5,10,0.26,0.002,0.246
Canadian Rockies,227.5,22.5,6,0.17,0.001,0.14
Cascades,227.5,22.5,10,0.334,0.003,0.358
Central Basin and Range,227.5,22.5,10,0.28,0.002,0.2
Columbia Mountains/Northern Rockies,227.5,22.5,10,0.282,0.003,0.273
Eastern Cascades Slopes and Foothills,227.5,22.5,4,0.169,0.001,0.059
Idaho Batholith,227.5,22.5,8,0.173,0.001,0.219
Klamath Mountains,227.5,22.5,6,0.25,0.002,0.018
Middle Rockies,227.5,22.5,6,0.105,0.0,0.122
North Cascades,227.5,22.5,5,0.215,0.002,0.091
Northern Basin and Range,227.5,22.5,10,0.271,0.003,0.138
Sierra Nevada,227.5,22.5,8,0.238,0.002,0.124
Southern Rockies,227.5,22.5,10,0.267,0.001,0.199
Wasatch and Uinta Mountains,227.5,22.5,6,0.129,0.001,0.007
