eco_region,lon,lat,embed dims,rho,slope (last 20),rho reverse
Arizona/New Mexico Mountains,220.0,15.0,5,0.169,0.001,0.034
Blue Mountains,220.0,15.0,9,0.314,0.002,0.334
Canadian Rockies,220.0,15.0,8,0.359,0.002,0.314
Cascades,220.0,15.0,9,0.393,0.002,0.408
Central Basin and Range,220.0,15.0,9,0.357,0.001,0.367
Columbia Mountains/Northern Rockies,220.0,15.0,10,0.404,0.003,0.413
Eastern Cascades Slopes and Foothills,220.0,15.0,7,0.32,0.002,0.187
Idaho Batholith,220.0,15.0,8,0.308,0.002,0.284
Klamath Mountains,220.0,15.0,8,0.367,0.002,0.246
Middle Rockies,220.0,15.0,9,0.357,0.002,0.272
North Cascades,220.0,15.0,10,0.389,0.002,0.418
Northern Basin and Range,220.0,15.0,10,0.367,0.003,0.336
Sierra Nevada,220.0,15.0,10,0.454,0.001,0.38
Southern Rockies,220.0,15.0,10,0.41,0.001,0.312
Wasatch and Uinta Mountains,220.0,15.0,10,0.418,0.001,0.306
