eco_region,lon,lat,embed dims,rho,slope (last 20),rho reverse
Arizona/New Mexico Mountains,197.5,5.0,9,0.051,0.001,0.119
Blue Mountains,197.5,5.0,10,0.274,0.002,0.159
Canadian Rockies,197.5,5.0,10,0.303,0.002,0.155
Cascades,197.5,5.0,10,0.307,0.002,0.234
Central Basin and Range,197.5,5.0,10,0.306,0.003,0.144
Columbia Mountains/Northern Rockies,197.5,5.0,10,0.275,0.003,0.253
Eastern Cascades Slopes and Foothills,197.5,5.0,5,0.261,0.001,0.001
Idaho Batholith,197.5,5.0,10,0.289,0.001,0.138
Klamath Mountains,197.5,5.0,9,0.308,0.002,0.219
Middle Rockies,197.5,5.0,1,0.058,0.0,-0.052
North Cascades,197.5,5.0,3,0.107,0.0,-0.016
Northern Basin and Range,197.5,5.0,9,0.247,0.003,0.144
Sierra Nevada,197.5,5.0,8,0.256,0.0,0.211
Southern Rockies,197.5,5.0,10,0.309,0.002,0.172
Wasatch and Uinta Mountains,197.5,5.0,1,0.008,-0.0,-0.059
