eco_region,lon,lat,embed dims,rho,slope (last 20),rho reverse
Arizona/New Mexico Mountains,187.5,17.5,1,0.012,-0.0,0.058
Blue Mountains,187.5,17.5,1,-0.013,0.001,-0.037
Canadian Rockies,187.5,17.5,4,0.15,-0.0,0.23
Cascades,187.5,17.5,1,-0.113,-0.001,0.023
Central Basin and Range,187.5,17.5,1,-0.053,-0.0,-0.034
Columbia Mountains/Northern Rockies,187.5,17.5,4,0.1,-0.0,0.157
Eastern Cascades Slopes and Foothills,187.5,17.5,9,0.045,0.002,0.118
Idaho Batholith,187.5,17.5,4,0.059,0.0,0.093
Klamath Mountains,187.5,17.5,9,0.266,-0.0,0.145
Middle Rockies,187.5,17.5,4,0.041,-0.001,0.062
North Cascades,187.5,17.5,1,-0.019,-0.0,-0.018
Northern Basin and Range,187.5,17.5,10,0.083,-0.001,0.205
Sierra Nevada,187.5,17.5,9,0.076,-0.0,0.145
Southern Rockies,187.5,17.5,4,0.032,-0.0,-0.021
Wasatch and Uinta Mountains,187.5,17.5,1,-0.027,-0.001,-0.097
