eco_region,lon,lat,embed dims,rho,slope (last 20),rho reverse
Arizona/New Mexico Mountains,215.0,5.0,5,0.092,0.0,0.081
Blue Mountains,215.0,5.0,10,0.294,0.002,0.256
Canadian Rockies,215.0,5.0,4,0.238,0.001,-0.0
Cascades,215.0,5.0,10,0.309,0.003,0.364
Central Basin and Range,215.0,5.0,10,0.348,0.003,0.302
Columbia Mountains/Northern Rockies,215.0,5.0,10,0.343,0.003,0.344
Eastern Cascades Slopes and Foothills,215.0,5.0,10,0.274,0.002,0.158
Idaho Batholith,215.0,5.0,10,0.329,0.001,0.276
Klamath Mountains,215.0,5.0,9,0.278,0.002,0.182
Middle Rockies,215.0,5.0,10,0.383,0.002,0.3
North Cascades,215.0,5.0,3,0.046,-0.0,0.129
Northern Basin and Range,215.0,5.0,5,0.135,0.0,0.1
Sierra Nevada,215.0,5.0,9,0.33,0.001,0.286
Southern Rockies,215.0,5.0,10,0.406,0.001,0.298
Wasatch and Uinta Mountains,215.0,5.0,4,0.072,-0.0,0.125
