eco_region,lon,lat,embed dims,rho,slope (last 20),rho reverse
Arizona/New Mexico Mountains,195.0,37.5,1,0.05,0.001,0.027
Blue Mountains,195.0,37.5,1,-0.02,-0.001,-0.033
Canadian Rockies,195.0,37.5,8,-0.037,0.001,0.135
Cascades,195.0,37.5,1,0.082,0.001,-0.001
Central Basin and Range,195.0,37.5,1,0.043,0.0,-0.04
Columbia Mountains/Northern Rockies,195.0,37.5,2,0.097,-0.0,-0.058
Eastern Cascades Slopes and Foothills,195.0,37.5,1,-0.057,-0.001,-0.013
Idaho Batholith,195.0,37.5,7,0.073,0.001,-0.032
Klamath Mountains,195.0,37.5,1,-0.093,-0.001,-0.034
Middle Rockies,195.0,37.5,7,-0.069,-0.001,-0.038
North Cascades,195.0,37.5,4,0.002,-0.0,0.044
Northern Basin and Range,195.0,37.5,1,-0.068,-0.0,0.01
Sierra Nevada,195.0,37.5,10,0.081,0.0,-0.078
Southern Rockies,195.0,37.5,2,0.007,-0.0,-0.084
Wasatch and Uinta Mountains,195.0,37.5,10,-0.009,-0.001,-0.114
