eco_region,lon,lat,embed dims,rho,slope (last 20),rho reverse
Arizona/New Mexico Mountains,210.0,27.5,4,0.186,0.001,-0.07
Blue Mountains,210.0,27.5,4,-0.03,-0.0,-0.045
Canadian Rockies,210.0,27.5,8,0.191,0.001,0.083
Cascades,210.0,27.5,4,0.163,0.0,0.054
Central Basin and Range,210.0,27.5,4,0.077,0.001,0.014
Columbia Mountains/Northern Rockies,210.0,27.5,8,0.21,0.001,0.153
Eastern Cascades Slopes and Foothills,210.0,27.5,1,0.012,-0.001,0.024
Idaho Batholith,210.0,27.5,8,0.194,0.001,0.074
Klamath Mountains,210.0,27.5,10,0.228,0.001,0.074
Middle Rockies,210.0,27.5,9,0.206,0.002,0.134
North Cascades,210.0,27.5,10,0.248,0.002,0.218
Northern Basin and Range,210.0,27.5,4,-0.002,-0.0,-0.02
Sierra Nevada,210.0,27.5,8,0.217,0.001,0.068
Southern Rockies,210.0,27.5,8,0.211,0.001,0.065
Wasatch and Uinta Mountains,210.0,27.5,10,0.263,0.002,0.13
