eco_region,lon,lat,embed dims,rho,slope (last 20),rho reverse
Arizona/New Mexico Mountains,187.5,0.0,10,0.014,-0.001,0.036
Blue Mountains,187.5,0.0,10,0.233,0.002,0.136
Canadian Rockies,187.5,0.0,3,0.093,0.001,0.007
Cascades,187.5,0.0,10,0.277,0.002,0.191
Central Basin and Range,187.5,0.0,10,0.282,0.002,0.143
Columbia Mountains/Northern Rockies,187.5,0.0,3,0.067,0.001,0.048
Eastern Cascades Slopes and Foothills,187.5,0.0,2,0.145,0.0,0.098
Idaho Batholith,187.5,0.0,9,0.203,0.002,0.039
Klamath Mountains,187.5,0.0,10,0.364,0.002,0.178
Middle Rockies,187.5,0.0,5,0.089,-0.0,0.102
North Cascades,187.5,0.0,2,0.079,0.0,0.126
Northern Basin and Range,187.5,0.0,10,0.242,0.003,0.059
Sierra Nevada,187.5,0.0,8,0.236,0.0,0.109
Southern Rockies,187.5,0.0,3,0.088,0.0,0.143
Wasatch and Uinta Mountains,187.5,0.0,1,0.007,-0.0,0.018
