eco_region,lon,lat,embed dims,rho,slope (last 20),rho reverse
Arizona/New Mexico Mountains,220.0,37.5,2,0.083,0.001,0.029
Blue Mountains,220.0,37.5,2,0.015,0.001,-0.045
Canadian Rockies,220.0,37.5,8,0.217,0.002,0.019
Cascades,220.0,37.5,2,-0.086,-0.001,-0.008
Central Basin and Range,220.0,37.5,2,-0.012,0.0,-0.027
Columbia Mountains/Northern Rockies,220.0,37.5,8,0.259,0.001,0.158
Eastern Cascades Slopes and Foothills,220.0,37.5,2,-0.024,-0.0,0.041
Idaho Batholith,220.0,37.5,7,0.071,0.001,0.045
Klamath Mountains,220.0,37.5,2,-0.034,-0.002,0.134
Middle Rockies,220.0,37.5,8,0.159,0.002,0.056
North Cascades,220.0,37.5,9,0.132,0.001,0.12
Northern Basin and Range,220.0,37.5,2,0.033,0.001,0.006
Sierra Nevada,220.0,37.5,10,0.206,0.001,0.083
Southern Rockies,220.0,37.5,8,0.139,0.001,0.12
Wasatch and Uinta Mountains,220.0,37.5,9,0.203,0.003,0.133
