eco_region,lon,lat,embed dims,rho,slope (last 20),rho reverse
Arizona/New Mexico Mountains,200.0,0.0,10,0.043,-0.001,0.122
Blue Mountains,200.0,0.0,10,0.29,0.002,0.183
Canadian Rockies,200.0,0.0,5,0.266,0.002,0.059
Cascades,200.0,0.0,10,0.349,0.003,0.304
Central Basin and Range,200.0,0.0,10,0.344,0.003,0.209
Columbia Mountains/Northern Rockies,200.0,0.0,9,0.294,0.003,0.221
Eastern Cascades Slopes and Foothills,200.0,0.0,5,0.278,0.001,0.098
Idaho Batholith,200.0,0.0,10,0.297,0.001,0.218
Klamath Mountains,200.0,0.0,9,0.308,0.003,0.212
Middle Rockies,200.0,0.0,1,0.058,0.0,0.008
North Cascades,200.0,0.0,3,0.059,0.0,0.023
Northern Basin and Range,200.0,0.0,10,0.296,0.003,0.172
Sierra Nevada,200.0,0.0,5,0.221,0.001,0.161
Southern Rockies,200.0,0.0,9,0.337,0.001,0.242
Wasatch and Uinta Mountains,200.0,0.0,5,0.101,0.001,0.233
