eco_region,lon,lat,embed dims,rho,slope (last 20),rho reverse
Arizona/New Mexico Mountains,217.5,-2.5,8,0.098,0.001,0.169
Blue Mountains,217.5,-2.5,4,-0.005,-0.0,-0.003
Canadian Rockies,217.5,-2.5,10,0.023,-0.001,0.072
Cascades,217.5,-2.5,4,0.102,0.001,-0.0
Central Basin and Range,217.5,-2.5,4,-0.019,-0.0,-0.026
Columbia Mountains/Northern Rockies,217.5,-2.5,9,0.048,-0.001,0.073
Eastern Cascades Slopes and Foothills,217.5,-2.5,9,0.116,0.002,0.133
Idaho Batholith,217.5,-2.5,10,0.126,0.002,0.071
Klamath Mountains,217.5,-2.5,10,0.201,-0.001,0.144
Middle Rockies,217.5,-2.5,9,0.097,0.0,0.081
North Cascades,217.5,-2.5,4,0.043,0.0,-0.039
Northern Basin and Range,217.5,-2.5,9,-0.014,0.0,-0.042
Sierra Nevada,217.5,-2.5,9,0.068,-0.0,0.108
Southern Rockies,217.5,-2.5,9,0.066,-0.0,0.032
Wasatch and Uinta Mountains,217.5,-2.5,4,-0.071,0.0,-0.001
