eco_region,lon,lat,embed dims,rho,slope (last 20),rho reverse
Arizona/New Mexico Mountains,237.5,-20.0,4,0.076,-0.0,0.17
Blue Mountains,237.5,-20.0,4,-0.011,0.002,0.037
Canadian Rockies,237.5,-20.0,7,0.108,0.0,0.177
Cascades,237.5,-20.0,4,0.064,0.0,0.037
Central Basin and Range,237.5,-20.0,4,0.013,-0.0,0.066
Columbia Mountains/Northern Rockies,237.5,-20.0,7,0.065,-0.001,0.262
Eastern Cascades Slopes and Foothills,237.5,-20.0,10,0.127,0.002,0.183
Idaho Batholith,237.5,-20.0,7,0.053,0.0,0.224
Klamath Mountains,237.5,-20.0,10,0.111,-0.0,0.245
Middle Rockies,237.5,-20.0,9,0.123,0.0,0.228
North Cascades,237.5,-20.0,4,0.028,0.0,-0.006
Northern Basin and Range,237.5,-20.0,4,-0.016,0.001,0.027
Sierra Nevada,237.5,-20.0,8,0.079,0.0,0.067
Southern Rockies,237.5,-20.0,7,-0.008,-0.0,0.085
Wasatch and Uinta Mountains,237.5,-20.0,7,0.013,0.0,0.133
