eco_region,lon,lat,embed dims,rho,slope (last 20),rho reverse
Arizona/New Mexico Mountains,255.0,35.0,2,-0.046,-0.002,0.13
Blue Mountains,255.0,35.0,2,0.008,-0.002,0.141
Canadian Rockies,255.0,35.0,7,0.23,0.002,0.124
Cascades,255.0,35.0,2,0.045,-0.0,0.142
Central Basin and Range,255.0,35.0,2,0.062,-0.001,0.221
Columbia Mountains/Northern Rockies,255.0,35.0,8,0.185,0.001,0.158
Eastern Cascades Slopes and Foothills,255.0,35.0,4,0.113,-0.0,0.188
Idaho Batholith,255.0,35.0,5,0.275,0.001,0.233
Klamath Mountains,255.0,35.0,2,0.052,0.001,0.13
Middle Rockies,255.0,35.0,4,0.234,0.001,0.197
North Cascades,255.0,35.0,8,0.162,0.001,0.123
Northern Basin and Range,255.0,35.0,3,0.045,-0.0,0.083
Sierra Nevada,255.0,35.0,5,0.11,-0.0,0.095
Southern Rockies,255.0,35.0,8,0.138,0.0,0.154
Wasatch and Uinta Mountains,255.0,35.0,7,0.084,-0.001,0.206
