eco_region,lon,lat,embed dims,rho,slope (last 20),rho reverse
Arizona/New Mexico Mountains,215.0,32.5,10,0.037,0.002,0.068
Blue Mountains,215.0,32.5,10,-0.047,0.0,0.099
Canadian Rockies,215.0,32.5,8,-0.044,0.0,-0.001
Cascades,215.0,32.5,10,0.126,0.001,0.268
Central Basin and Range,215.0,32.5,10,-0.033,-0.001,0.067
Columbia Mountains/Northern Rockies,215.0,32.5,9,0.077,0.001,0.15
Eastern Cascades Slopes and Foothills,215.0,32.5,1,-0.04,-0.001,0.085
Idaho Batholith,215.0,32.5,9,-0.002,0.0,0.039
Klamath Mountains,215.0,32.5,8,-0.003,-0.001,0.08
Middle Rockies,215.0,32.5,8,0.01,-0.0,0.002
North Cascades,215.0,32.5,10,0.039,-0.001,0.289
Northern Basin and Range,215.0,32.5,10,0.004,0.0,-0.032
Sierra Nevada,215.0,32.5,8,0.026,0.001,0.147
Southern Rockies,215.0,32.5,9,0.172,0.0,-0.04
Wasatch and Uinta Mountains,215.0,32.5,8,-0.013,-0.001,0.052
