eco_region,lon,lat,embed dims,rho,slope (last 20),rho reverse
Arizona/New Mexico Mountains,245.0,25.0,8,0.054,-0.0,-0.084
Blue Mountains,245.0,25.0,8,-0.028,-0.001,0.064
Canadian Rockies,245.0,25.0,3,-0.009,0.0,0.008
Cascades,245.0,25.0,8,0.121,0.002,0.139
Central Basin and Range,245.0,25.0,8,0.157,0.002,0.189
Columbia Mountains/Northern Rockies,245.0,25.0,5,0.063,-0.0,0.035
Eastern Cascades Slopes and Foothills,245.0,25.0,3,-0.088,-0.002,0.028
Idaho Batholith,245.0,25.0,5,-0.054,-0.001,0.002
Klamath Mountains,245.0,25.0,10,0.115,-0.001,0.19
Middle Rockies,245.0,25.0,6,0.028,-0.001,0.073
North Cascades,245.0,25.0,4,0.071,0.001,-0.085
Northern Basin and Range,245.0,25.0,10,0.075,0.001,0.047
Sierra Nevada,245.0,25.0,6,0.079,0.001,0.026
Southern Rockies,245.0,25.0,5,0.054,0.0,-0.055
Wasatch and Uinta Mountains,245.0,25.0,6,0.031,0.0,-0.096
