eco_region,lon,lat,embed dims,rho,slope (last 20),rho reverse
Arizona/New Mexico Mountains,237.5,-20.0,4,0.033,-0.001,0.085
Blue Mountains,237.5,-20.0,4,0.037,-0.0,0.013
Canadian Rockies,237.5,-20.0,7,0.169,0.001,0.122
Cascades,237.5,-20.0,4,0.11,0.002,0.069
Central Basin and Range,237.5,-20.0,4,0.042,0.001,0.12
Columbia Mountains/Northern Rockies,237.5,-20.0,7,0.302,0.002,0.22
Eastern Cascades Slopes and Foothills,237.5,-20.0,10,0.244,0.003,0.173
Idaho Batholith,237.5,-20.0,7,0.237,0.0,0.163
Klamath Mountains,237.5,-20.0,10,0.216,0.001,0.178
Middle Rockies,237.5,-20.0,9,0.303,0.001,0.14
North Cascades,237.5,-20.0,4,0.202,0.001,0.057
Northern Basin and Range,237.5,-20.0,4,-0.035,0.0,0.029
Sierra Nevada,237.5,-20.0,8,0.15,0.001,0.207
Southern Rockies,237.5,-20.0,7,0.169,-0.0,0.071
Wasatch and Uinta Mountains,237.5,-20.0,7,0.053,0.0,0.159
