eco_region,lon,lat,embed dims,rho,slope (last 20),rho reverse
Arizona/New Mexico Mountains,192.5,60.0,1,0.024,0.0,0.169
Blue Mountains,192.5,60.0,1,-0.029,-0.0,-0.022
Canadian Rockies,192.5,60.0,8,0.109,-0.0,0.353
Cascades,192.5,60.0,1,-0.002,0.0,-0.004
Central Basin and Range,192.5,60.0,1,-0.056,-0.001,0.004
Columbia Mountains/Northern Rockies,192.5,60.0,10,0.175,0.002,0.349
Eastern Cascades Slopes and Foothills,192.5,60.0,2,-0.034,0.0,-0.101
Idaho Batholith,192.5,60.0,10,-0.018,-0.001,0.306
Klamath Mountains,192.5,60.0,10,0.042,-0.0,0.102
Middle Rockies,192.5,60.0,2,0.072,0.001,0.122
North Cascades,192.5,60.0,2,0.054,-0.0,-0.003
Northern Basin and Range,192.5,60.0,1,-0.012,-0.0,-0.085
Sierra Nevada,192.5,60.0,2,0.041,0.001,0.049
Southern Rockies,192.5,60.0,10,-0.103,-0.002,0.076
Wasatch and Uinta Mountains,192.5,60.0,1,-0.08,-0.002,0.038
