eco_region,lon,lat,embed dims,rho,slope (last 20),rho reverse
Arizona/New Mexico Mountains,240.0,55.0,4,0.059,0.002,0.025
Blue Mountains,240.0,55.0,3,-0.014,0.001,-0.048
Canadian Rockies,240.0,55.0,10,0.035,-0.0,-0.024
Cascades,240.0,55.0,3,0.048,-0.0,0.052
Central Basin and Range,240.0,55.0,3,0.054,0.001,-0.025
Columbia Mountains/Northern Rockies,240.0,55.0,10,0.096,-0.0,0.104
Eastern Cascades Slopes and Foothills,240.0,55.0,3,0.084,0.001,0.039
Idaho Batholith,240.0,55.0,10,0.083,0.001,0.045
Klamath Mountains,240.0,55.0,4,0.132,0.001,0.126
Middle Rockies,240.0,55.0,9,0.043,0.001,-0.066
North Cascades,240.0,55.0,5,0.011,-0.0,0.107
Northern Basin and Range,240.0,55.0,4,-0.007,0.002,-0.032
Sierra Nevada,240.0,55.0,8,0.086,0.0,-0.119
Southern Rockies,240.0,55.0,10,0.022,-0.0,0.015
Wasatch and Uinta Mountains,240.0,55.0,4,0.022,0.0,-0.011
