eco_region,lon,lat,embed dims,rho,slope (last 20),rho reverse
Arizona/New Mexico Mountains,217.5,-10.0,10,0.188,0.001,0.264
Blue Mountains,217.5,-10.0,10,0.054,0.001,0.101
Canadian Rockies,217.5,-10.0,5,-0.011,-0.001,-0.003
Cascades,217.5,-10.0,10,0.171,0.002,0.188
Central Basin and Range,217.5,-10.0,10,0.062,-0.002,0.148
Columbia Mountains/Northern Rockies,217.5,-10.0,7,0.066,0.0,0.14
Eastern Cascades Slopes and Foothills,217.5,-10.0,9,0.143,0.002,0.187
Idaho Batholith,217.5,-10.0,9,0.101,0.001,0.206
Klamath Mountains,217.5,-10.0,5,0.084,0.002,0.099
Middle Rockies,217.5,-10.0,7,0.038,-0.001,0.193
North Cascades,217.5,-10.0,7,0.171,0.0,0.156
Northern Basin and Range,217.5,-10.0,10,-0.076,-0.003,0.104
Sierra Nevada,217.5,-10.0,6,0.044,-0.0,0.205
Southern Rockies,217.5,-10.0,7,-0.127,-0.001,0.021
Wasatch and Uinta Mountains,217.5,-10.0,5,-0.06,-0.0,0.12
