eco_region,lon,lat,embed dims,rho,slope (last 20),rho reverse
Arizona/New Mexico Mountains,262.5,47.5,2,0.011,-0.0,0.045
Blue Mountains,262.5,47.5,2,-0.037,0.001,-0.054
Canadian Rockies,262.5,47.5,10,0.053,-0.0,0.041
Cascades,262.5,47.5,2,0.128,0.002,0.037
Central Basin and Range,262.5,47.5,2,0.113,0.001,-0.043
Columbia Mountains/Northern Rockies,262.5,47.5,1,0.014,0.001,-0.019
Eastern Cascades Slopes and Foothills,262.5,47.5,2,0.048,0.001,-0.024
Idaho Batholith,262.5,47.5,10,0.058,0.0,0.064
Klamath Mountains,262.5,47.5,2,0.066,0.002,0.028
Middle Rockies,262.5,47.5,2,-0.06,-0.001,-0.037
North Cascades,262.5,47.5,6,-0.003,-0.001,0.14
Northern Basin and Range,262.5,47.5,2,-0.007,0.0,-0.081
Sierra Nevada,262.5,47.5,1,-0.001,-0.001,-0.001
Southern Rockies,262.5,47.5,1,-0.028,0.0,-0.058
Wasatch and Uinta Mountains,262.5,47.5,1,0.027,0.001,-0.012
