eco_region,lon,lat,embed dims,rho,slope (last 20),rho reverse
Arizona/New Mexico Mountains,225.0,-7.5,9,0.17,0.002,0.098
Blue Mountains,225.0,-7.5,10,0.193,0.002,0.33
Canadian Rockies,225.0,-7.5,4,0.195,0.001,0.158
Cascades,225.0,-7.5,10,0.258,0.003,0.408
Central Basin and Range,225.0,-7.5,10,0.343,0.002,0.387
Columbia Mountains/Northern Rockies,225.0,-7.5,9,0.365,0.002,0.33
Eastern Cascades Slopes and Foothills,225.0,-7.5,9,0.21,0.001,0.206
Idaho Batholith,225.0,-7.5,9,0.323,0.002,0.348
Klamath Mountains,225.0,-7.5,6,0.236,0.0,0.267
Middle Rockies,225.0,-7.5,9,0.347,0.002,0.324
North Cascades,225.0,-7.5,4,0.182,0.002,0.21
Northern Basin and Range,225.0,-7.5,9,0.223,0.001,0.387
Sierra Nevada,225.0,-7.5,9,0.339,0.001,0.393
Southern Rockies,225.0,-7.5,9,0.412,0.001,0.29
Wasatch and Uinta Mountains,225.0,-7.5,5,0.075,0.001,0.151
