eco_region,lon,lat,embed dims,rho,slope (last 20),rho reverse
Arizona/New Mexico Mountains,185.0,2.5,3,-0.045,0.001,-0.069
Blue Mountains,185.0,2.5,10,0.083,0.001,0.049
Canadian Rockies,185.0,2.5,10,0.022,-0.001,-0.021
Cascades,185.0,2.5,10,0.091,0.001,0.142
Central Basin and Range,185.0,2.5,10,0.146,-0.001,-0.043
Columbia Mountains/Northern Rockies,185.0,2.5,8,0.01,0.001,-0.052
Eastern Cascades Slopes and Foothills,185.0,2.5,2,0.12,0.001,0.109
Idaho Batholith,185.0,2.5,9,-0.041,0.0,-0.009
Klamath Mountains,185.0,2.5,8,0.273,0.001,0.157
Middle Rockies,185.0,2.5,1,0.032,0.0,-0.037
North Cascades,185.0,2.5,2,0.102,0.001,0.103
Northern Basin and Range,185.0,2.5,10,0.109,0.0,0.037
Sierra Nevada,185.0,2.5,8,0.065,0.0,-0.032
Southern Rockies,185.0,2.5,8,0.16,0.0,-0.058
Wasatch and Uinta Mountains,185.0,2.5,1,0.003,-0.0,0.065
