eco_region,lon,lat,embed dims,rho,slope (last 20),rho reverse
Arizona/New Mexico Mountains,240.0,2.5,10,0.112,0.001,0.154
Blue Mountains,240.0,2.5,10,0.04,0.001,0.152
Canadian Rockies,240.0,2.5,8,0.097,0.0,0.183
Cascades,240.0,2.5,10,0.245,0.002,0.268
Central Basin and Range,240.0,2.5,10,0.161,-0.001,0.106
Columbia Mountains/Northern Rockies,240.0,2.5,9,0.081,-0.001,0.134
Eastern Cascades Slopes and Foothills,240.0,2.5,6,0.044,-0.0,-0.051
Idaho Batholith,240.0,2.5,9,0.113,0.0,0.092
Klamath Mountains,240.0,2.5,7,0.023,-0.001,0.019
Middle Rockies,240.0,2.5,10,0.155,0.0,0.214
North Cascades,240.0,2.5,3,0.054,-0.001,0.052
Northern Basin and Range,240.0,2.5,10,0.071,-0.001,0.065
Sierra Nevada,240.0,2.5,9,0.065,-0.001,0.057
Southern Rockies,240.0,2.5,9,0.044,-0.001,0.046
Wasatch and Uinta Mountains,240.0,2.5,5,-0.15,-0.002,0.108
