eco_region,lon,lat,embed dims,rho,slope (last 20),rho reverse
Arizona/New Mexico Mountains,190.0,30.0,3,0.037,0.0,0.091
Blue Mountains,190.0,30.0,5,-0.011,-0.001,0.156
Canadian Rockies,190.0,30.0,2,0.094,0.001,0.038
Cascades,190.0,30.0,5,0.075,0.001,0.165
Central Basin and Range,190.0,30.0,5,0.085,0.001,0.201
Columbia Mountains/Northern Rockies,190.0,30.0,2,0.07,0.0,0.011
Eastern Cascades Slopes and Foothills,190.0,30.0,4,-0.008,-0.002,0.056
Idaho Batholith,190.0,30.0,2,-0.073,-0.001,0.02
Klamath Mountains,190.0,30.0,9,0.027,-0.002,0.015
Middle Rockies,190.0,30.0,2,-0.028,-0.0,0.007
North Cascades,190.0,30.0,3,0.098,0.001,0.093
Northern Basin and Range,190.0,30.0,4,-0.027,0.0,0.141
Sierra Nevada,190.0,30.0,2,0.032,0.001,-0.02
Southern Rockies,190.0,30.0,2,-0.017,-0.001,0.054
Wasatch and Uinta Mountains,190.0,30.0,5,0.112,0.002,0.128
