eco_region,lon,lat,embed dims,rho,slope (last 20),rho reverse
Arizona/New Mexico Mountains,182.5,22.5,10,0.106,0.001,0.054
Blue Mountains,182.5,22.5,10,0.09,0.001,0.043
Canadian Rockies,182.5,22.5,6,0.206,0.001,0.153
Cascades,182.5,22.5,10,0.166,0.0,0.14
Central Basin and Range,182.5,22.5,10,0.198,0.002,0.087
Columbia Mountains/Northern Rockies,182.5,22.5,3,0.138,0.0,0.123
Eastern Cascades Slopes and Foothills,182.5,22.5,10,0.149,0.002,0.097
Idaho Batholith,182.5,22.5,6,0.141,0.001,0.077
Klamath Mountains,182.5,22.5,8,0.184,0.001,0.244
Middle Rockies,182.5,22.5,1,0.034,-0.0,0.007
North Cascades,182.5,22.5,9,0.099,0.002,-0.015
Northern Basin and Range,182.5,22.5,10,0.157,0.001,0.043
Sierra Nevada,182.5,22.5,10,0.213,0.001,0.032
Southern Rockies,182.5,22.5,3,0.117,0.001,0.035
Wasatch and Uinta Mountains,182.5,22.5,5,0.093,0.001,-0.001
