eco_region,lon,lat,embed dims,rho,slope (last 20),rho reverse
Arizona/New Mexico Mountains,180.0,7.5,10,0.225,0.003,0.099
Blue Mountains,180.0,7.5,10,0.272,0.002,0.151
Canadian Rockies,180.0,7.5,8,0.263,0.002,0.123
Cascades,180.0,7.5,10,0.228,0.002,0.248
Central Basin and Range,180.0,7.5,10,0.239,0.002,0.194
Columbia Mountains/Northern Rockies,180.0,7.5,7,0.238,0.003,0.153
Eastern Cascades Slopes and Foothills,180.0,7.5,10,0.385,0.004,0.231
Idaho Batholith,180.0,7.5,7,0.199,0.001,0.099
Klamath Mountains,180.0,7.5,9,0.399,0.001,0.263
Middle Rockies,180.0,7.5,1,0.032,0.0,0.03
North Cascades,180.0,7.5,2,-0.015,-0.0,0.075
Northern Basin and Range,180.0,7.5,10,0.309,0.003,0.188
Sierra Nevada,180.0,7.5,8,0.297,0.0,0.112
Southern Rockies,180.0,7.5,7,0.205,0.001,0.136
Wasatch and Uinta Mountains,180.0,7.5,1,0.039,-0.0,-0.029
