eco_region,lon,lat,embed dims,rho,slope (last 20),rho reverse
Arizona/New Mexico Mountains,237.5,50.0,10,-0.041,0.001,-0.01
Blue Mountains,237.5,50.0,4,0.045,0.001,0.116
Canadian Rockies,237.5,50.0,7,0.123,0.001,0.164
Cascades,237.5,50.0,4,0.03,0.001,0.032
Central Basin and Range,237.5,50.0,4,-0.019,-0.001,0.168
Columbia Mountains/Northern Rockies,237.5,50.0,4,0.092,0.0,0.152
Eastern Cascades Slopes and Foothills,237.5,50.0,6,0.103,0.0,0.238
Idaho Batholith,237.5,50.0,7,0.141,0.0,0.341
Klamath Mountains,237.5,50.0,2,0.134,0.001,0.104
Middle Rockies,237.5,50.0,1,0.074,0.001,0.086
North Cascades,237.5,50.0,10,0.113,-0.0,0.235
Northern Basin and Range,237.5,50.0,8,-0.036,-0.001,0.171
Sierra Nevada,237.5,50.0,5,0.089,0.001,0.226
Southern Rockies,237.5,50.0,4,0.047,0.001,0.138
Wasatch and Uinta Mountains,237.5,50.0,7,-0.005,-0.001,0.237
