eco_region,lon,lat,embed dims,rho,slope (last 20),rho reverse
Arizona/New Mexico Mountains,232.5,17.5,10,0.27,0.001,-0.055
Blue Mountains,232.5,17.5,8,0.277,0.002,0.241
Canadian Rockies,232.5,17.5,8,0.303,0.002,0.25
Cascades,232.5,17.5,8,0.311,0.001,0.296
Central Basin and Range,232.5,17.5,8,0.294,0.002,0.199
Columbia Mountains/Northern Rockies,232.5,17.5,8,0.336,0.002,0.282
Eastern Cascades Slopes and Foothills,232.5,17.5,10,0.3,0.002,0.204
Idaho Batholith,232.5,17.5,8,0.251,0.001,0.19
Klamath Mountains,232.5,17.5,5,0.138,0.0,0.041
Middle Rockies,232.5,17.5,10,0.3,0.001,0.181
North Cascades,232.5,17.5,4,0.274,0.001,0.149
Northern Basin and Range,232.5,17.5,10,0.303,0.003,0.35
Sierra Nevada,232.5,17.5,8,0.301,0.001,0.221
Southern Rockies,232.5,17.5,8,0.311,0.0,0.17
Wasatch and Uinta Mountains,232.5,17.5,7,0.342,0.002,0.121
