eco_region,lon,lat,embed dims,rho,slope (last 20),rho reverse
Arizona/New Mexico Mountains,182.5,27.5,2,0.054,0.001,-0.021
Blue Mountains,182.5,27.5,2,0.09,0.0,0.02
Canadian Rockies,182.5,27.5,9,0.118,0.002,-0.092
Cascades,182.5,27.5,2,-0.011,0.001,-0.009
Central Basin and Range,182.5,27.5,2,0.106,0.0,0.0
Columbia Mountains/Northern Rockies,182.5,27.5,6,0.105,0.001,-0.067
Eastern Cascades Slopes and Foothills,182.5,27.5,2,-0.011,0.001,-0.032
Idaho Batholith,182.5,27.5,3,-0.108,-0.002,0.078
Klamath Mountains,182.5,27.5,2,-0.011,-0.0,-0.045
Middle Rockies,182.5,27.5,6,0.119,-0.001,-0.024
North Cascades,182.5,27.5,4,0.069,0.001,-0.029
Northern Basin and Range,182.5,27.5,3,-0.111,-0.001,-0.062
Sierra Nevada,182.5,27.5,6,0.093,-0.0,-0.006
Southern Rockies,182.5,27.5,6,0.171,0.0,0.025
Wasatch and Uinta Mountains,182.5,27.5,9,0.067,0.001,0.063
