eco_region,lon,lat,embed dims,rho,slope (last 20),rho reverse
Arizona/New Mexico Mountains,182.5,10.0,2,0.07,0.001,0.023
Blue Mountains,182.5,10.0,10,0.277,0.002,0.162
Canadian Rockies,182.5,10.0,8,0.291,0.002,0.11
Cascades,182.5,10.0,10,0.269,0.002,0.278
Central Basin and Range,182.5,10.0,10,0.268,0.002,0.221
Columbia Mountains/Northern Rockies,182.5,10.0,7,0.26,0.003,0.15
Eastern Cascades Slopes and Foothills,182.5,10.0,10,0.39,0.004,0.223
Idaho Batholith,182.5,10.0,8,0.271,0.003,0.125
Klamath Mountains,182.5,10.0,9,0.399,0.001,0.302
Middle Rockies,182.5,10.0,3,0.013,-0.001,0.011
North Cascades,182.5,10.0,1,-0.037,-0.0,-0.087
Northern Basin and Range,182.5,10.0,2,0.016,-0.0,-0.035
Sierra Nevada,182.5,10.0,8,0.3,0.001,0.181
Southern Rockies,182.5,10.0,7,0.221,0.001,0.21
Wasatch and Uinta Mountains,182.5,10.0,1,0.045,-0.0,0.022
