eco_region,lon,lat,embed dims,rho,slope (last 20),rho reverse
Arizona/New Mexico Mountains,180.0,25.0,10,0.075,0.0,0.076
Blue Mountains,180.0,25.0,10,0.031,0.0,0.011
Canadian Rockies,180.0,25.0,4,0.067,0.0,0.158
Cascades,180.0,25.0,10,0.099,-0.0,0.087
Central Basin and Range,180.0,25.0,10,0.168,0.002,0.06
Columbia Mountains/Northern Rockies,180.0,25.0,4,0.103,0.0,0.181
Eastern Cascades Slopes and Foothills,180.0,25.0,9,0.124,0.002,0.064
Idaho Batholith,180.0,25.0,4,0.086,0.0,0.124
Klamath Mountains,180.0,25.0,6,0.107,0.002,0.176
Middle Rockies,180.0,25.0,3,0.077,0.0,0.099
North Cascades,180.0,25.0,7,0.068,0.002,0.114
Northern Basin and Range,180.0,25.0,10,0.122,0.001,0.035
Sierra Nevada,180.0,25.0,5,0.069,0.0,-0.005
Southern Rockies,180.0,25.0,4,-0.0,-0.0,0.112
Wasatch and Uinta Mountains,180.0,25.0,1,-0.142,-0.002,0.052
