eco_region,lon,lat,embed dims,rho,slope (last 20),rho reverse
Arizona/New Mexico Mountains,245.0,12.5,10,0.125,0.002,-0.042
Blue Mountains,245.0,12.5,9,0.01,-0.0,0.082
Canadian Rockies,245.0,12.5,10,-0.065,-0.001,0.093
Cascades,245.0,12.5,9,0.177,0.001,0.227
Central Basin and Range,245.0,12.5,9,0.167,0.001,-0.068
Columbia Mountains/Northern Rockies,245.0,12.5,4,0.06,0.0,-0.02
Eastern Cascades Slopes and Foothills,245.0,12.5,6,0.071,0.0,-0.04
Idaho Batholith,245.0,12.5,4,-0.006,-0.0,0.017
Klamath Mountains,245.0,12.5,9,0.059,0.001,0.014
Middle Rockies,245.0,12.5,2,-0.013,0.001,0.074
North Cascades,245.0,12.5,10,0.157,0.001,0.087
Northern Basin and Range,245.0,12.5,9,0.014,0.0,0.018
Sierra Nevada,245.0,12.5,4,-0.013,-0.001,-0.179
Southern Rockies,245.0,12.5,4,0.005,-0.0,-0.005
Wasatch and Uinta Mountains,245.0,12.5,8,-0.065,-0.001,0.037
