eco_region,lon,lat,embed dims,rho,slope (last 20),rho reverse
Arizona/New Mexico Mountains,205.0,17.5,10,0.256,0.002,0.118
Blue Mountains,205.0,17.5,10,0.364,0.003,0.243
Canadian Rockies,205.0,17.5,3,0.066,-0.0,0.099
Cascades,205.0,17.5,10,0.409,0.002,0.407
Central Basin and Range,205.0,17.5,10,0.393,0.003,0.204
Columbia Mountains/Northern Rockies,205.0,17.5,7,0.275,0.002,0.139
Eastern Cascades Slopes and Foothills,205.0,17.5,10,0.414,0.002,0.272
Idaho Batholith,205.0,17.5,2,0.023,-0.0,0.012
Klamath Mountains,205.0,17.5,8,0.376,0.002,0.265
Middle Rockies,205.0,17.5,5,0.153,0.002,0.084
North Cascades,205.0,17.5,6,0.26,0.001,0.1
Northern Basin and Range,205.0,17.5,10,0.367,0.004,0.212
Sierra Nevada,205.0,17.5,6,0.175,0.001,0.013
Southern Rockies,205.0,17.5,7,0.157,0.002,0.185
Wasatch and Uinta Mountains,205.0,17.5,6,0.191,0.003,0.071
