eco_region,lon,lat,embed dims,rho,slope (last 20),rho reverse
Arizona/New Mexico Mountains,190.0,42.5,6,0.111,0.001,-0.034
Blue Mountains,190.0,42.5,6,0.145,0.001,0.08
Canadian Rockies,190.0,42.5,6,0.1,0.001,0.047
Cascades,190.0,42.5,6,0.124,0.002,0.117
Central Basin and Range,190.0,42.5,6,-0.082,-0.001,0.104
Columbia Mountains/Northern Rockies,190.0,42.5,7,0.122,0.002,0.111
Eastern Cascades Slopes and Foothills,190.0,42.5,10,0.053,0.001,0.146
Idaho Batholith,190.0,42.5,5,-0.04,-0.001,0.101
Klamath Mountains,190.0,42.5,5,-0.03,0.0,0.008
Middle Rockies,190.0,42.5,10,0.02,0.0,-0.007
North Cascades,190.0,42.5,8,0.084,0.001,0.085
Northern Basin and Range,190.0,42.5,8,0.038,0.0,0.007
Sierra Nevada,190.0,42.5,10,0.029,0.0,0.038
Southern Rockies,190.0,42.5,7,0.134,0.001,0.034
Wasatch and Uinta Mountains,190.0,42.5,8,0.045,-0.0,0.13
