eco_region,lon,lat,embed dims,rho,slope (last 20),rho reverse
Arizona/New Mexico Mountains,237.5,-5.0,7,0.023,-0.001,0.192
Blue Mountains,237.5,-5.0,10,0.056,0.001,0.102
Canadian Rockies,237.5,-5.0,9,0.084,-0.0,0.209
Cascades,237.5,-5.0,10,0.218,0.002,0.245
Central Basin and Range,237.5,-5.0,10,0.132,-0.002,0.064
Columbia Mountains/Northern Rockies,237.5,-5.0,7,0.102,0.0,0.133
Eastern Cascades Slopes and Foothills,237.5,-5.0,6,0.033,-0.0,0.061
Idaho Batholith,237.5,-5.0,9,0.125,0.0,0.06
Klamath Mountains,237.5,-5.0,7,0.06,-0.001,0.007
Middle Rockies,237.5,-5.0,10,0.142,0.0,0.145
North Cascades,237.5,-5.0,4,0.041,0.0,0.017
Northern Basin and Range,237.5,-5.0,10,0.069,-0.002,0.038
Sierra Nevada,237.5,-5.0,7,0.076,-0.001,0.081
Southern Rockies,237.5,-5.0,7,-0.076,-0.001,-0.002
Wasatch and Uinta Mountains,237.5,-5.0,7,-0.094,-0.002,0.083
