eco_region,lon,lat,embed dims,rho,slope (last 20),rho reverse
Arizona/New Mexico Mountains,215.0,57.5,3,-0.057,-0.001,0.068
Blue Mountains,215.0,57.5,3,-0.048,-0.001,-0.069
Canadian Rockies,215.0,57.5,9,0.094,0.001,0.022
Cascades,215.0,57.5,3,0.05,0.001,-0.054
Central Basin and Range,215.0,57.5,3,0.034,0.001,-0.048
Columbia Mountains/Northern Rockies,215.0,57.5,9,0.088,0.001,-0.07
Eastern Cascades Slopes and Foothills,215.0,57.5,3,-0.075,-0.002,-0.019
Idaho Batholith,215.0,57.5,10,0.032,-0.0,-0.038
Klamath Mountains,215.0,57.5,4,0.025,0.001,0.031
Middle Rockies,215.0,57.5,1,-0.006,-0.0,0.092
North Cascades,215.0,57.5,6,-0.075,-0.001,-0.041
Northern Basin and Range,215.0,57.5,3,0.005,-0.001,0.001
Sierra Nevada,215.0,57.5,9,0.079,0.001,0.019
Southern Rockies,215.0,57.5,9,-0.064,-0.001,-0.03
Wasatch and Uinta Mountains,215.0,57.5,8,-0.085,-0.001,-0.063
