eco_region,lon,lat,embed dims,rho,slope (last 20),rho reverse
Arizona/New Mexico Mountains,237.5,37.5,10,0.194,0.002,0.145
Blue Mountains,237.5,37.5,10,0.123,0.002,0.052
Canadian Rockies,237.5,37.5,4,0.06,0.001,0.061
Cascades,237.5,37.5,10,0.07,0.002,0.096
Central Basin and Range,237.5,37.5,10,0.063,0.001,0.104
Columbia Mountains/Northern Rockies,237.5,37.5,5,0.007,-0.0,-0.049
Eastern Cascades Slopes and Foothills,237.5,37.5,10,0.09,0.002,0.163
Idaho Batholith,237.5,37.5,8,0.142,0.001,0.054
Klamath Mountains,237.5,37.5,8,0.089,0.002,0.177
Middle Rockies,237.5,37.5,8,0.113,-0.0,0.031
North Cascades,237.5,37.5,2,-0.021,0.001,-0.06
Northern Basin and Range,237.5,37.5,7,-0.018,-0.001,0.069
Sierra Nevada,237.5,37.5,8,0.071,-0.0,0.327
Southern Rockies,237.5,37.5,5,0.125,0.0,-0.02
Wasatch and Uinta Mountains,237.5,37.5,9,0.123,0.002,0.173
