eco_region,lon,lat,embed dims,rho,slope (last 20),rho reverse
Arizona/New Mexico Mountains,250.0,-20.0,3,0.083,0.001,0.005
Blue Mountains,250.0,-20.0,4,-0.067,-0.0,0.073
Canadian Rockies,250.0,-20.0,7,0.097,-0.0,0.184
Cascades,250.0,-20.0,4,-0.027,-0.0,0.046
Central Basin and Range,250.0,-20.0,4,-0.028,-0.001,0.018
Columbia Mountains/Northern Rockies,250.0,-20.0,8,0.038,-0.001,0.162
Eastern Cascades Slopes and Foothills,250.0,-20.0,3,-0.013,0.0,-0.065
Idaho Batholith,250.0,-20.0,7,0.079,0.0,0.106
Klamath Mountains,250.0,-20.0,10,0.129,0.0,0.044
Middle Rockies,250.0,-20.0,10,0.116,0.001,0.179
North Cascades,250.0,-20.0,2,0.019,0.0,0.007
Northern Basin and Range,250.0,-20.0,3,-0.027,-0.001,0.028
Sierra Nevada,250.0,-20.0,8,0.061,-0.0,0.071
Southern Rockies,250.0,-20.0,8,0.047,-0.0,-0.134
Wasatch and Uinta Mountains,250.0,-20.0,7,0.026,-0.0,-0.029
