eco_region,lon,lat,embed dims,rho,slope (last 20),rho reverse
Arizona/New Mexico Mountains,242.5,32.5,2,0.026,0.0,0.064
Blue Mountains,242.5,32.5,2,0.024,0.001,-0.041
Canadian Rockies,242.5,32.5,4,0.03,-0.001,0.065
Cascades,242.5,32.5,2,0.064,0.001,-0.121
Central Basin and Range,242.5,32.5,2,-0.057,-0.001,-0.069
Columbia Mountains/Northern Rockies,242.5,32.5,9,0.088,-0.0,-0.042
Eastern Cascades Slopes and Foothills,242.5,32.5,5,0.056,-0.0,0.204
Idaho Batholith,242.5,32.5,10,0.228,0.001,-0.022
Klamath Mountains,242.5,32.5,10,0.138,0.001,0.256
Middle Rockies,242.5,32.5,8,0.129,0.002,0.071
North Cascades,242.5,32.5,2,0.059,0.001,-0.154
Northern Basin and Range,242.5,32.5,2,0.081,0.001,-0.082
Sierra Nevada,242.5,32.5,10,0.187,0.001,0.105
Southern Rockies,242.5,32.5,9,0.118,0.001,0.044
Wasatch and Uinta Mountains,242.5,32.5,6,0.11,0.001,-0.034
