eco_region,lon,lat,embed dims,rho,slope (last 20),rho reverse
Arizona/New Mexico Mountains,197.5,47.5,9,0.115,0.001,0.007
Blue Mountains,197.5,47.5,8,0.155,0.001,0.136
Canadian Rockies,197.5,47.5,9,0.126,0.002,0.15
Cascades,197.5,47.5,8,0.163,0.002,0.136
Central Basin and Range,197.5,47.5,8,0.064,0.001,0.12
Columbia Mountains/Northern Rockies,197.5,47.5,9,0.23,0.001,0.161
Eastern Cascades Slopes and Foothills,197.5,47.5,10,0.155,0.003,0.113
Idaho Batholith,197.5,47.5,9,0.123,0.001,0.038
Klamath Mountains,197.5,47.5,1,-0.04,-0.0,0.026
Middle Rockies,197.5,47.5,10,-0.013,-0.001,0.088
North Cascades,197.5,47.5,9,0.234,0.001,0.059
Northern Basin and Range,197.5,47.5,9,0.084,0.001,0.089
Sierra Nevada,197.5,47.5,10,0.093,0.0,0.122
Southern Rockies,197.5,47.5,9,0.153,0.001,0.054
Wasatch and Uinta Mountains,197.5,47.5,7,-0.029,-0.001,0.118
