eco_region,lon,lat,embed dims,rho,slope (last 20),rho reverse
Arizona/New Mexico Mountains,267.5,50.0,7,-0.044,-0.001,0.122
Blue Mountains,267.5,50.0,7,0.007,0.0,0.131
Canadian Rockies,267.5,50.0,2,-0.086,-0.001,-0.051
Cascades,267.5,50.0,7,0.197,0.003,0.088
Central Basin and Range,267.5,50.0,7,-0.014,0.0,-0.015
Columbia Mountains/Northern Rockies,267.5,50.0,2,0.116,0.0,-0.058
Eastern Cascades Slopes and Foothills,267.5,50.0,2,0.06,0.002,-0.039
Idaho Batholith,267.5,50.0,8,0.078,0.001,0.061
Klamath Mountains,267.5,50.0,6,-0.089,-0.001,-0.163
Middle Rockies,267.5,50.0,8,0.016,-0.0,-0.037
North Cascades,267.5,50.0,2,-0.092,-0.002,-0.094
Northern Basin and Range,267.5,50.0,7,-0.008,0.0,0.005
Sierra Nevada,267.5,50.0,8,-0.013,0.001,0.052
Southern Rockies,267.5,50.0,2,-0.018,-0.0,-0.006
Wasatch and Uinta Mountains,267.5,50.0,2,0.097,0.001,-0.002
