eco_region,lon,lat,embed dims,rho,slope (last 20),rho reverse
Arizona/New Mexico Mountains,225.0,12.5,4,0.059,-0.0,0.114
Blue Mountains,225.0,12.5,4,0.042,0.0,0.08
Canadian Rockies,225.0,12.5,4,0.099,0.002,0.017
Cascades,225.0,12.5,4,0.176,0.001,0.174
Central Basin and Range,225.0,12.5,4,0.161,0.002,-0.058
Columbia Mountains/Northern Rockies,225.0,12.5,10,0.267,0.003,0.284
Eastern Cascades Slopes and Foothills,225.0,12.5,4,0.179,0.0,0.044
Idaho Batholith,225.0,12.5,4,0.116,0.0,0.059
Klamath Mountains,225.0,12.5,7,0.373,0.002,0.334
Middle Rockies,225.0,12.5,8,0.225,0.001,0.211
North Cascades,225.0,12.5,10,0.378,0.003,0.23
Northern Basin and Range,225.0,12.5,4,0.103,0.002,-0.07
Sierra Nevada,225.0,12.5,10,0.252,0.001,0.232
Southern Rockies,225.0,12.5,10,0.392,0.002,0.248
Wasatch and Uinta Mountains,225.0,12.5,8,0.164,0.002,0.104
