eco_region,lon,lat,embed dims,rho,slope (last 20),rho reverse
Arizona/New Mexico Mountains,265.0,-17.5,10,0.269,0.003,0.155
Blue Mountains,265.0,-17.5,10,0.314,0.002,0.255
Canadian Rockies,265.0,-17.5,9,0.328,0.001,0.238
Cascades,265.0,-17.5,10,0.375,0.004,0.159
Central Basin and Range,265.0,-17.5,10,0.417,0.003,0.157
Columbia Mountains/Northern Rockies,265.0,-17.5,7,0.363,0.002,0.198
Eastern Cascades Slopes and Foothills,265.0,-17.5,9,0.325,0.001,0.197
Idaho Batholith,265.0,-17.5,7,0.297,0.001,0.103
Klamath Mountains,265.0,-17.5,9,0.307,0.001,0.15
Middle Rockies,265.0,-17.5,8,0.238,0.001,0.174
North Cascades,265.0,-17.5,7,0.277,0.003,0.106
Northern Basin and Range,265.0,-17.5,10,0.302,0.002,0.276
Sierra Nevada,265.0,-17.5,9,0.305,0.002,0.191
Southern Rockies,265.0,-17.5,7,0.245,0.0,0.11
Wasatch and Uinta Mountains,265.0,-17.5,10,0.373,0.002,0.143
