eco_region,lon,lat,embed dims,rho,slope (last 20),rho reverse
Arizona/New Mexico Mountains,215.0,-12.5,9,0.191,0.001,0.216
Blue Mountains,215.0,-12.5,5,0.011,0.0,0.103
Canadian Rockies,215.0,-12.5,5,0.0,-0.001,0.073
Cascades,215.0,-12.5,5,0.128,0.001,0.169
Central Basin and Range,215.0,-12.5,5,0.022,-0.0,0.098
Columbia Mountains/Northern Rockies,215.0,-12.5,4,0.033,0.0,0.037
Eastern Cascades Slopes and Foothills,215.0,-12.5,4,-0.072,-0.003,0.089
Idaho Batholith,215.0,-12.5,4,0.021,0.001,0.147
Klamath Mountains,215.0,-12.5,4,0.121,0.002,0.103
Middle Rockies,215.0,-12.5,8,0.054,-0.001,0.166
North Cascades,215.0,-12.5,9,0.247,0.0,0.121
Northern Basin and Range,215.0,-12.5,4,0.042,0.002,0.048
Sierra Nevada,215.0,-12.5,8,0.054,-0.0,0.247
Southern Rockies,215.0,-12.5,4,-0.084,-0.001,0.028
Wasatch and Uinta Mountains,215.0,-12.5,6,-0.024,-0.001,0.156
