eco_region,lon,lat,embed dims,rho,slope (last 20),rho reverse
Arizona/New Mexico Mountains,270.0,45.0,9,0.02,0.003,-0.071
Blue Mountains,270.0,45.0,6,-0.044,0.0,0.01
Canadian Rockies,270.0,45.0,8,-0.02,-0.001,0.016
Cascades,270.0,45.0,6,-0.021,-0.001,-0.026
Central Basin and Range,270.0,45.0,6,-0.005,-0.0,0.02
Columbia Mountains/Northern Rockies,270.0,45.0,8,-0.01,0.001,0.068
Eastern Cascades Slopes and Foothills,270.0,45.0,2,-0.045,-0.001,0.037
Idaho Batholith,270.0,45.0,8,0.068,0.002,0.033
Klamath Mountains,270.0,45.0,10,0.041,0.0,0.079
Middle Rockies,270.0,45.0,8,-0.023,0.0,0.017
North Cascades,270.0,45.0,2,0.001,-0.0,-0.04
Northern Basin and Range,270.0,45.0,6,-0.035,-0.001,0.01
Sierra Nevada,270.0,45.0,8,0.06,0.0,0.068
Southern Rockies,270.0,45.0,8,0.025,0.001,0.058
Wasatch and Uinta Mountains,270.0,45.0,2,0.026,0.0,-0.149
