eco_region,lon,lat,embed dims,rho,slope (last 20),rho reverse
Arizona/New Mexico Mountains,225.0,12.5,4,-0.0,-0.0,0.068
Blue Mountains,225.0,12.5,4,-0.057,-0.001,0.036
Canadian Rockies,225.0,12.5,4,-0.04,-0.0,-0.083
Cascades,225.0,12.5,4,0.124,0.0,0.049
Central Basin and Range,225.0,12.5,4,-0.001,-0.0,-0.065
Columbia Mountains/Northern Rockies,225.0,12.5,10,0.095,0.0,0.21
Eastern Cascades Slopes and Foothills,225.0,12.5,4,0.102,0.0,0.117
Idaho Batholith,225.0,12.5,4,-0.005,-0.001,0.022
Klamath Mountains,225.0,12.5,7,0.184,0.001,0.124
Middle Rockies,225.0,12.5,8,0.036,-0.001,-0.033
North Cascades,225.0,12.5,10,0.323,0.002,0.028
Northern Basin and Range,225.0,12.5,4,0.093,0.001,-0.006
Sierra Nevada,225.0,12.5,10,0.1,-0.0,0.044
Southern Rockies,225.0,12.5,10,0.068,0.0,0.008
Wasatch and Uinta Mountains,225.0,12.5,8,0.02,-0.0,-0.051
