eco_region,lon,lat,embed dims,rho,slope (last 20),rho reverse
Arizona/New Mexico Mountains,257.5,45.0,1,-0.073,-0.001,0.001
Blue Mountains,257.5,45.0,1,-0.096,-0.001,0.087
Canadian Rockies,257.5,45.0,7,0.149,0.001,0.126
Cascades,257.5,45.0,1,0.036,-0.0,0.044
Central Basin and Range,257.5,45.0,1,0.053,0.001,0.072
Columbia Mountains/Northern Rockies,257.5,45.0,2,-0.004,-0.001,0.137
Eastern Cascades Slopes and Foothills,257.5,45.0,1,-0.072,-0.001,0.032
Idaho Batholith,257.5,45.0,2,0.087,-0.0,0.039
Klamath Mountains,257.5,45.0,2,0.118,0.002,0.109
Middle Rockies,257.5,45.0,10,0.135,0.001,0.074
North Cascades,257.5,45.0,9,0.057,-0.001,0.07
Northern Basin and Range,257.5,45.0,1,-0.148,-0.001,0.08
Sierra Nevada,257.5,45.0,1,0.015,-0.001,0.001
Southern Rockies,257.5,45.0,2,0.066,0.0,0.023
Wasatch and Uinta Mountains,257.5,45.0,9,0.003,0.0,-0.082
