eco_region,lon,lat,embed dims,rho,slope (last 20),rho reverse
Arizona/New Mexico Mountains,265.0,52.5,2,0.016,0.001,-0.018
Blue Mountains,265.0,52.5,10,-0.043,-0.001,-0.074
Canadian Rockies,265.0,52.5,6,0.06,0.001,0.169
Cascades,265.0,52.5,10,0.061,0.0,-0.039
Central Basin and Range,265.0,52.5,10,-0.095,-0.002,-0.08
Columbia Mountains/Northern Rockies,265.0,52.5,8,-0.007,0.0,0.026
Eastern Cascades Slopes and Foothills,265.0,52.5,2,0.094,0.002,-0.054
Idaho Batholith,265.0,52.5,8,0.01,0.0,-0.008
Klamath Mountains,265.0,52.5,5,0.026,0.0,-0.038
Middle Rockies,265.0,52.5,2,0.018,0.0,0.037
North Cascades,265.0,52.5,8,0.048,0.0,-0.088
Northern Basin and Range,265.0,52.5,1,-0.0,0.0,0.043
Sierra Nevada,265.0,52.5,8,-0.055,-0.0,0.06
Southern Rockies,265.0,52.5,8,0.015,0.001,0.021
Wasatch and Uinta Mountains,265.0,52.5,1,0.024,0.001,0.029
