eco_region,lon,lat,embed dims,rho,slope (last 20),rho reverse
Arizona/New Mexico Mountains,267.5,0.0,10,0.235,0.003,0.232
Blue Mountains,267.5,0.0,10,0.275,0.003,0.32
Canadian Rockies,267.5,0.0,5,0.188,0.001,0.258
Cascades,267.5,0.0,10,0.404,0.003,0.399
Central Basin and Range,267.5,0.0,10,0.424,0.004,0.325
Columbia Mountains/Northern Rockies,267.5,0.0,3,-0.031,-0.001,0.13
Eastern Cascades Slopes and Foothills,267.5,0.0,9,0.409,0.002,0.292
Idaho Batholith,267.5,0.0,5,0.172,0.001,0.106
Klamath Mountains,267.5,0.0,8,0.434,0.001,0.348
Middle Rockies,267.5,0.0,6,0.239,0.001,0.239
North Cascades,267.5,0.0,10,0.289,0.003,0.305
Northern Basin and Range,267.5,0.0,10,0.258,0.002,0.384
Sierra Nevada,267.5,0.0,5,0.261,0.001,0.164
Southern Rockies,267.5,0.0,3,-0.026,-0.0,0.075
Wasatch and Uinta Mountains,267.5,0.0,5,0.121,0.0,0.066
