eco_region,lon,lat,embed dims,rho,slope (last 20),rho reverse
Arizona/New Mexico Mountains,222.5,25.0,10,0.146,0.002,0.03
Blue Mountains,222.5,25.0,10,0.182,0.001,0.146
Canadian Rockies,222.5,25.0,10,0.295,0.003,0.136
Cascades,222.5,25.0,10,0.31,0.002,0.271
Central Basin and Range,222.5,25.0,10,0.333,0.002,0.125
Columbia Mountains/Northern Rockies,222.5,25.0,10,0.308,0.002,0.153
Eastern Cascades Slopes and Foothills,222.5,25.0,10,0.314,0.001,0.233
Idaho Batholith,222.5,25.0,8,0.239,0.001,0.079
Klamath Mountains,222.5,25.0,5,0.24,0.002,-0.006
Middle Rockies,222.5,25.0,10,0.335,0.002,0.148
North Cascades,222.5,25.0,8,0.333,0.002,0.271
Northern Basin and Range,222.5,25.0,10,0.24,0.002,0.149
Sierra Nevada,222.5,25.0,10,0.349,0.001,0.045
Southern Rockies,222.5,25.0,10,0.261,0.001,0.068
Wasatch and Uinta Mountains,222.5,25.0,10,0.393,0.003,0.049
