eco_region,lon,lat,embed dims,rho,slope (last 20),rho reverse
Arizona/New Mexico Mountains,202.5,50.0,10,-0.03,-0.001,-0.038
Blue Mountains,202.5,50.0,1,0.008,-0.0,0.021
Canadian Rockies,202.5,50.0,9,0.166,0.001,0.216
Cascades,202.5,50.0,1,0.027,-0.0,0.022
Central Basin and Range,202.5,50.0,1,0.0,-0.001,-0.018
Columbia Mountains/Northern Rockies,202.5,50.0,9,0.135,0.0,0.121
Eastern Cascades Slopes and Foothills,202.5,50.0,9,0.104,0.003,0.084
Idaho Batholith,202.5,50.0,10,0.081,0.0,0.05
Klamath Mountains,202.5,50.0,8,0.091,0.001,0.014
Middle Rockies,202.5,50.0,10,0.11,0.001,0.037
North Cascades,202.5,50.0,9,0.085,0.001,0.073
Northern Basin and Range,202.5,50.0,9,0.07,0.001,0.081
Sierra Nevada,202.5,50.0,10,0.045,0.001,0.062
Southern Rockies,202.5,50.0,9,0.142,0.001,0.065
Wasatch and Uinta Mountains,202.5,50.0,5,0.014,0.0,-0.01
