eco_region,lon,lat,embed dims,rho,slope (last 20),rho reverse
Arizona/New Mexico Mountains,240.0,-17.5,9,0.166,0.002,0.174
Blue Mountains,240.0,-17.5,10,0.204,0.001,0.379
Canadian Rockies,240.0,-17.5,6,0.277,0.002,0.229
Cascades,240.0,-17.5,10,0.244,0.002,0.398
Central Basin and Range,240.0,-17.5,10,0.361,0.002,0.287
Columbia Mountains/Northern Rockies,240.0,-17.5,7,0.313,0.001,0.303
Eastern Cascades Slopes and Foothills,240.0,-17.5,10,0.262,0.003,0.263
Idaho Batholith,240.0,-17.5,7,0.313,0.002,0.305
Klamath Mountains,240.0,-17.5,7,0.257,0.002,0.153
Middle Rockies,240.0,-17.5,3,0.14,0.0,0.014
North Cascades,240.0,-17.5,4,0.184,0.002,0.106
Northern Basin and Range,240.0,-17.5,9,0.221,0.001,0.37
Sierra Nevada,240.0,-17.5,3,0.092,0.001,0.067
Southern Rockies,240.0,-17.5,7,0.319,0.001,0.089
Wasatch and Uinta Mountains,240.0,-17.5,6,0.203,0.0,0.196
