eco_region,lon,lat,embed dims,rho,slope (last 20),rho reverse
Arizona/New Mexico Mountains,267.5,50.0,7,-0.025,-0.0,-0.014
Blue Mountains,267.5,50.0,7,-0.005,0.001,-0.03
Canadian Rockies,267.5,50.0,2,-0.058,-0.001,0.06
Cascades,267.5,50.0,7,0.091,0.0,0.022
Central Basin and Range,267.5,50.0,7,-0.073,-0.0,-0.078
Columbia Mountains/Northern Rockies,267.5,50.0,2,0.015,-0.0,0.081
Eastern Cascades Slopes and Foothills,267.5,50.0,2,0.083,0.002,0.015
Idaho Batholith,267.5,50.0,8,-0.005,-0.0,0.028
Klamath Mountains,267.5,50.0,6,0.118,0.002,0.002
Middle Rockies,267.5,50.0,8,0.017,0.0,0.079
North Cascades,267.5,50.0,2,-0.113,-0.001,0.063
Northern Basin and Range,267.5,50.0,7,-0.012,-0.001,-0.052
Sierra Nevada,267.5,50.0,8,-0.049,-0.0,0.105
Southern Rockies,267.5,50.0,2,0.087,0.001,0.016
Wasatch and Uinta Mountains,267.5,50.0,2,-0.09,-0.002,0.105
