eco_region,lon,lat,embed dims,rho,slope (last 20),rho reverse
Arizona/New Mexico Mountains,280.0,5.0,10,0.094,0.002,0.262
Blue Mountains,280.0,5.0,10,0.04,-0.001,0.059
Canadian Rockies,280.0,5.0,9,0.012,0.001,0.156
Cascades,280.0,5.0,10,0.163,0.001,0.023
Central Basin and Range,280.0,5.0,10,0.163,-0.001,0.082
Columbia Mountains/Northern Rockies,280.0,5.0,5,0.076,0.001,0.04
Eastern Cascades Slopes and Foothills,280.0,5.0,10,0.175,0.002,0.073
Idaho Batholith,280.0,5.0,5,0.01,-0.0,0.077
Klamath Mountains,280.0,5.0,5,0.039,0.001,0.018
Middle Rockies,280.0,5.0,5,0.039,0.0,0.059
North Cascades,280.0,5.0,10,0.144,0.001,0.095
Northern Basin and Range,280.0,5.0,10,0.075,0.001,0.074
Sierra Nevada,280.0,5.0,2,0.065,0.0,0.026
Southern Rockies,280.0,5.0,5,-0.044,0.0,0.044
Wasatch and Uinta Mountains,280.0,5.0,8,-0.078,-0.001,0.198
