eco_region,lon,lat,embed dims,rho,slope (last 20),rho reverse
Arizona/New Mexico Mountains,280.0,0.0,10,0.098,0.001,0.137
Blue Mountains,280.0,0.0,10,0.181,0.001,0.254
Canadian Rockies,280.0,0.0,3,0.036,0.0,0.12
Cascades,280.0,0.0,10,0.222,0.003,0.287
Central Basin and Range,280.0,0.0,10,0.322,0.002,0.204
Columbia Mountains/Northern Rockies,280.0,0.0,5,0.258,0.0,0.199
Eastern Cascades Slopes and Foothills,280.0,0.0,9,0.234,0.002,0.151
Idaho Batholith,280.0,0.0,6,0.232,-0.001,0.233
Klamath Mountains,280.0,0.0,9,0.372,0.002,0.152
Middle Rockies,280.0,0.0,5,0.324,0.001,0.113
North Cascades,280.0,0.0,9,0.315,0.002,0.146
Northern Basin and Range,280.0,0.0,10,0.273,0.002,0.266
Sierra Nevada,280.0,0.0,5,0.205,0.001,0.167
Southern Rockies,280.0,0.0,5,0.239,0.001,0.139
Wasatch and Uinta Mountains,280.0,0.0,10,0.396,0.001,0.265
