eco_region,lon,lat,embed dims,rho,slope (last 20),rho reverse
Arizona/New Mexico Mountains,195.0,20.0,10,0.105,0.0,-0.039
Blue Mountains,195.0,20.0,10,0.089,0.0,0.086
Canadian Rockies,195.0,20.0,3,0.17,0.0,0.175
Cascades,195.0,20.0,10,0.266,0.002,0.165
Central Basin and Range,195.0,20.0,10,0.219,0.001,0.107
Columbia Mountains/Northern Rockies,195.0,20.0,3,0.184,0.001,0.167
Eastern Cascades Slopes and Foothills,195.0,20.0,9,0.251,0.002,0.194
Idaho Batholith,195.0,20.0,3,0.047,0.0,0.08
Klamath Mountains,195.0,20.0,10,0.244,0.001,0.186
Middle Rockies,195.0,20.0,5,0.187,0.0,0.108
North Cascades,195.0,20.0,9,0.304,0.002,0.186
Northern Basin and Range,195.0,20.0,10,0.207,0.002,0.259
Sierra Nevada,195.0,20.0,3,0.04,-0.0,0.043
Southern Rockies,195.0,20.0,3,0.052,0.0,0.064
Wasatch and Uinta Mountains,195.0,20.0,6,0.202,0.001,0.132
