eco_region,lon,lat,embed dims,rho,slope (last 20),rho reverse
Arizona/New Mexico Mountains,235.0,25.0,10,0.151,0.001,0.014
Blue Mountains,235.0,25.0,10,0.085,0.001,0.214
Canadian Rockies,235.0,25.0,6,0.124,0.001,0.085
Cascades,235.0,25.0,10,0.251,0.002,0.361
Central Basin and Range,235.0,25.0,10,0.26,0.003,0.184
Columbia Mountains/Northern Rockies,235.0,25.0,5,0.172,0.001,0.155
Eastern Cascades Slopes and Foothills,235.0,25.0,5,0.125,0.001,0.207
Idaho Batholith,235.0,25.0,5,0.193,0.001,0.18
Klamath Mountains,235.0,25.0,4,0.121,0.0,0.149
Middle Rockies,235.0,25.0,4,0.095,0.0,0.115
North Cascades,235.0,25.0,7,0.267,0.001,0.194
Northern Basin and Range,235.0,25.0,10,0.148,0.001,0.244
Sierra Nevada,235.0,25.0,5,0.088,0.001,0.086
Southern Rockies,235.0,25.0,5,0.113,-0.0,0.139
Wasatch and Uinta Mountains,235.0,25.0,6,0.203,0.001,0.1
