eco_region,lon,lat,embed dims,rho,slope (last 20),rho reverse
Arizona/New Mexico Mountains,217.5,-10.0,10,0.227,0.002,0.136
Blue Mountains,217.5,-10.0,10,0.253,0.002,0.298
Canadian Rockies,217.5,-10.0,5,0.155,0.0,0.172
Cascades,217.5,-10.0,10,0.353,0.003,0.277
Central Basin and Range,217.5,-10.0,10,0.303,0.004,0.309
Columbia Mountains/Northern Rockies,217.5,-10.0,7,0.314,0.002,0.172
Eastern Cascades Slopes and Foothills,217.5,-10.0,9,0.317,0.002,0.225
Idaho Batholith,217.5,-10.0,9,0.282,0.001,0.211
Klamath Mountains,217.5,-10.0,5,0.278,0.002,0.185
Middle Rockies,217.5,-10.0,7,0.266,0.001,0.188
North Cascades,217.5,-10.0,7,0.299,0.002,0.208
Northern Basin and Range,217.5,-10.0,10,0.094,0.001,0.352
Sierra Nevada,217.5,-10.0,6,0.173,0.001,0.262
Southern Rockies,217.5,-10.0,7,0.177,0.001,0.162
Wasatch and Uinta Mountains,217.5,-10.0,5,0.022,0.0,0.018
