eco_region,lon,lat,embed dims,rho,slope (last 20),rho reverse
Arizona/New Mexico Mountains,200.0,-15.0,5,0.078,0.001,-0.041
Blue Mountains,200.0,-15.0,4,0.175,0.002,0.083
Canadian Rockies,200.0,-15.0,6,0.182,0.001,0.071
Cascades,200.0,-15.0,4,0.171,0.0,0.163
Central Basin and Range,200.0,-15.0,4,0.005,0.001,0.089
Columbia Mountains/Northern Rockies,200.0,-15.0,9,0.242,0.001,0.193
Eastern Cascades Slopes and Foothills,200.0,-15.0,8,0.234,0.003,0.105
Idaho Batholith,200.0,-15.0,6,0.12,0.001,0.136
Klamath Mountains,200.0,-15.0,8,0.138,0.0,0.13
Middle Rockies,200.0,-15.0,10,0.242,0.002,0.178
North Cascades,200.0,-15.0,7,0.171,0.002,0.218
Northern Basin and Range,200.0,-15.0,5,0.123,0.0,0.078
Sierra Nevada,200.0,-15.0,6,0.172,0.002,0.076
Southern Rockies,200.0,-15.0,9,0.314,0.001,0.219
Wasatch and Uinta Mountains,200.0,-15.0,6,0.211,0.001,0.182
