eco_region,lon,lat,embed dims,rho,slope (last 20),rho reverse
Arizona/New Mexico Mountains,252.5,-7.5,10,0.142,0.001,0.147
Blue Mountains,252.5,-7.5,10,0.155,0.002,0.103
Canadian Rockies,252.5,-7.5,9,0.094,-0.0,0.193
Cascades,252.5,-7.5,10,0.251,0.002,0.24
Central Basin and Range,252.5,-7.5,10,0.198,-0.002,0.094
Columbia Mountains/Northern Rockies,252.5,-7.5,3,0.034,0.001,0.002
Eastern Cascades Slopes and Foothills,252.5,-7.5,9,0.169,0.002,0.012
Idaho Batholith,252.5,-7.5,9,0.145,0.0,0.089
Klamath Mountains,252.5,-7.5,10,0.101,-0.001,0.133
Middle Rockies,252.5,-7.5,9,0.213,0.001,0.165
North Cascades,252.5,-7.5,3,0.026,-0.0,-0.028
Northern Basin and Range,252.5,-7.5,10,0.163,-0.001,0.031
Sierra Nevada,252.5,-7.5,3,0.034,0.0,0.001
Southern Rockies,252.5,-7.5,3,-0.003,0.001,-0.061
Wasatch and Uinta Mountains,252.5,-7.5,3,-0.105,-0.001,-0.114
