eco_region,lon,lat,embed dims,rho,slope (last 20),rho reverse
Arizona/New Mexico Mountains,277.5,12.5,8,0.207,0.001,0.299
Blue Mountains,277.5,12.5,8,0.039,-0.0,-0.078
Canadian Rockies,277.5,12.5,10,-0.044,0.001,-0.092
Cascades,277.5,12.5,8,0.09,0.0,-0.101
Central Basin and Range,277.5,12.5,8,0.143,-0.0,-0.03
Columbia Mountains/Northern Rockies,277.5,12.5,6,0.044,0.001,-0.04
Eastern Cascades Slopes and Foothills,277.5,12.5,10,0.191,0.001,0.094
Idaho Batholith,277.5,12.5,6,-0.017,-0.001,-0.023
Klamath Mountains,277.5,12.5,6,0.144,0.003,0.322
Middle Rockies,277.5,12.5,10,0.138,0.001,-0.123
North Cascades,277.5,12.5,8,0.042,-0.001,-0.06
Northern Basin and Range,277.5,12.5,8,0.023,0.0,-0.063
Sierra Nevada,277.5,12.5,6,-0.003,-0.001,0.207
Southern Rockies,277.5,12.5,6,-0.049,-0.001,-0.04
Wasatch and Uinta Mountains,277.5,12.5,10,0.134,0.001,-0.071
