eco_region,lon,lat,embed dims,rho,slope (last 20),rho reverse
Arizona/New Mexico Mountains,245.0,12.5,10,0.223,0.002,0.051
Blue Mountains,245.0,12.5,9,0.135,0.001,0.09
Canadian Rockies,245.0,12.5,10,0.251,0.002,0.122
Cascades,245.0,12.5,9,0.277,0.004,0.24
Central Basin and Range,245.0,12.5,9,0.265,0.002,0.039
Columbia Mountains/Northern Rockies,245.0,12.5,4,-0.035,-0.002,0.028
Eastern Cascades Slopes and Foothills,245.0,12.5,6,0.214,0.002,0.072
Idaho Batholith,245.0,12.5,4,0.092,-0.0,0.038
Klamath Mountains,245.0,12.5,9,0.333,0.002,0.149
Middle Rockies,245.0,12.5,2,-0.002,0.0,0.049
North Cascades,245.0,12.5,10,0.275,0.003,0.112
Northern Basin and Range,245.0,12.5,9,0.063,0.002,0.114
Sierra Nevada,245.0,12.5,4,0.18,0.002,0.001
Southern Rockies,245.0,12.5,4,-0.039,-0.0,0.003
Wasatch and Uinta Mountains,245.0,12.5,8,0.13,0.002,0.065
