eco_region,lon,lat,embed dims,rho,slope (last 20),rho reverse
Arizona/New Mexico Mountains,280.0,50.0,4,-0.049,0.0,0.009
Blue Mountains,280.0,50.0,5,0.093,0.0,0.039
Canadian Rockies,280.0,50.0,2,-0.116,-0.002,0.07
Cascades,280.0,50.0,5,0.043,0.002,-0.036
Central Basin and Range,280.0,50.0,5,-0.117,-0.001,-0.036
Columbia Mountains/Northern Rockies,280.0,50.0,3,0.041,0.0,-0.063
Eastern Cascades Slopes and Foothills,280.0,50.0,4,-0.043,-0.0,-0.052
Idaho Batholith,280.0,50.0,7,0.098,0.001,0.083
Klamath Mountains,280.0,50.0,4,-0.041,-0.001,-0.005
Middle Rockies,280.0,50.0,1,-0.083,-0.001,-0.006
North Cascades,280.0,50.0,7,0.09,0.001,0.008
Northern Basin and Range,280.0,50.0,4,-0.101,-0.001,-0.017
Sierra Nevada,280.0,50.0,1,-0.066,-0.001,0.081
Southern Rockies,280.0,50.0,3,0.014,0.0,-0.016
Wasatch and Uinta Mountains,280.0,50.0,3,0.069,0.001,-0.005
