eco_region,lon,lat,embed dims,rho,slope (last 20),rho reverse
Arizona/New Mexico Mountains,265.0,35.0,1,0.027,-0.0,0.015
Blue Mountains,265.0,35.0,1,-0.027,-0.001,0.104
Canadian Rockies,265.0,35.0,7,-0.061,-0.0,0.086
Cascades,265.0,35.0,1,0.049,-0.0,0.068
Central Basin and Range,265.0,35.0,1,0.028,-0.0,0.116
Columbia Mountains/Northern Rockies,265.0,35.0,8,0.073,-0.0,0.189
Eastern Cascades Slopes and Foothills,265.0,35.0,9,0.101,-0.0,0.375
Idaho Batholith,265.0,35.0,5,0.139,-0.0,0.213
Klamath Mountains,265.0,35.0,5,0.175,0.002,0.155
Middle Rockies,265.0,35.0,5,0.056,-0.0,0.087
North Cascades,265.0,35.0,1,0.108,0.001,0.081
Northern Basin and Range,265.0,35.0,1,-0.024,0.0,0.094
Sierra Nevada,265.0,35.0,8,0.076,-0.001,0.262
Southern Rockies,265.0,35.0,8,0.085,-0.0,0.209
Wasatch and Uinta Mountains,265.0,35.0,4,0.038,0.0,0.129
