eco_region,lon,lat,embed dims,rho,slope (last 20),rho reverse
Arizona/New Mexico Mountains,235.0,30.0,4,0.094,0.0,0.228
Blue Mountains,235.0,30.0,6,-0.103,-0.003,-0.095
Canadian Rockies,235.0,30.0,3,-0.045,-0.001,-0.032
Cascades,235.0,30.0,6,0.095,-0.0,0.072
Central Basin and Range,235.0,30.0,6,0.096,0.003,-0.072
Columbia Mountains/Northern Rockies,235.0,30.0,5,0.001,0.001,0.054
Eastern Cascades Slopes and Foothills,235.0,30.0,6,0.075,0.001,0.093
Idaho Batholith,235.0,30.0,5,0.051,0.0,-0.057
Klamath Mountains,235.0,30.0,1,-0.042,-0.001,0.093
Middle Rockies,235.0,30.0,4,0.076,0.0,0.057
North Cascades,235.0,30.0,2,-0.009,-0.001,0.014
Northern Basin and Range,235.0,30.0,8,0.006,0.0,-0.081
Sierra Nevada,235.0,30.0,5,-0.004,-0.001,0.235
Southern Rockies,235.0,30.0,5,0.063,-0.001,-0.007
Wasatch and Uinta Mountains,235.0,30.0,2,-0.099,-0.001,0.024
