eco_region,lon,lat,embed dims,rho,slope (last 20),rho reverse
Arizona/New Mexico Mountains,235.0,30.0,4,0.121,0.001,0.087
Blue Mountains,235.0,30.0,6,0.067,0.001,-0.006
Canadian Rockies,235.0,30.0,3,0.0,0.001,0.073
Cascades,235.0,30.0,6,0.132,0.001,0.049
Central Basin and Range,235.0,30.0,6,0.07,0.0,-0.009
Columbia Mountains/Northern Rockies,235.0,30.0,5,0.068,-0.001,0.162
Eastern Cascades Slopes and Foothills,235.0,30.0,6,0.104,0.0,0.138
Idaho Batholith,235.0,30.0,5,0.037,0.0,0.061
Klamath Mountains,235.0,30.0,1,-0.042,-0.001,0.093
Middle Rockies,235.0,30.0,4,0.103,-0.0,-0.006
North Cascades,235.0,30.0,2,0.107,0.001,0.113
Northern Basin and Range,235.0,30.0,8,0.129,0.001,0.11
Sierra Nevada,235.0,30.0,5,0.147,0.002,0.156
Southern Rockies,235.0,30.0,5,0.152,0.0,0.034
Wasatch and Uinta Mountains,235.0,30.0,2,0.075,0.001,0.031
