eco_region,lon,lat,embed dims,rho,slope (last 20),rho reverse
Arizona/New Mexico Mountains,265.0,-17.5,10,0.213,0.002,0.124
Blue Mountains,265.0,-17.5,10,0.199,0.002,0.119
Canadian Rockies,265.0,-17.5,9,0.141,0.0,0.144
Cascades,265.0,-17.5,10,0.236,0.001,0.13
Central Basin and Range,265.0,-17.5,10,0.178,0.0,0.081
Columbia Mountains/Northern Rockies,265.0,-17.5,7,0.091,-0.0,0.138
Eastern Cascades Slopes and Foothills,265.0,-17.5,9,0.194,0.001,0.14
Idaho Batholith,265.0,-17.5,7,0.156,0.0,0.162
Klamath Mountains,265.0,-17.5,9,0.017,-0.001,0.008
Middle Rockies,265.0,-17.5,8,0.078,-0.001,0.165
North Cascades,265.0,-17.5,7,0.151,0.0,0.096
Northern Basin and Range,265.0,-17.5,10,0.188,-0.001,-0.009
Sierra Nevada,265.0,-17.5,9,0.06,-0.0,0.127
Southern Rockies,265.0,-17.5,7,0.027,-0.0,0.058
Wasatch and Uinta Mountains,265.0,-17.5,10,0.196,-0.0,0.072
