eco_region,lon,lat,embed dims,rho,slope (last 20),rho reverse
Arizona/New Mexico Mountains,182.5,50.0,10,0.107,0.002,0.032
Blue Mountains,182.5,50.0,10,0.097,0.001,0.047
Canadian Rockies,182.5,50.0,5,0.078,0.0,0.046
Cascades,182.5,50.0,10,-0.0,-0.001,0.051
Central Basin and Range,182.5,50.0,10,0.112,0.002,0.056
Columbia Mountains/Northern Rockies,182.5,50.0,1,0.047,0.0,-0.025
Eastern Cascades Slopes and Foothills,182.5,50.0,10,0.051,0.001,0.008
Idaho Batholith,182.5,50.0,2,0.096,0.001,-0.09
Klamath Mountains,182.5,50.0,10,0.017,0.001,0.045
Middle Rockies,182.5,50.0,3,0.088,0.0,-0.027
North Cascades,182.5,50.0,10,0.213,0.002,-0.032
Northern Basin and Range,182.5,50.0,10,-0.023,-0.0,-0.006
Sierra Nevada,182.5,50.0,1,0.055,0.0,-0.061
Southern Rockies,182.5,50.0,1,0.04,0.001,-0.105
Wasatch and Uinta Mountains,182.5,50.0,2,-0.052,-0.001,-0.119
