eco_region,lon,lat,embed dims,rho,slope (last 20),rho reverse
Arizona/New Mexico Mountains,260.0,50.0,2,-0.017,-0.0,-0.018
Blue Mountains,260.0,50.0,2,-0.033,0.0,-0.05
Canadian Rockies,260.0,50.0,4,0.035,-0.0,0.033
Cascades,260.0,50.0,2,-0.032,-0.001,-0.05
Central Basin and Range,260.0,50.0,2,0.026,0.001,-0.104
Columbia Mountains/Northern Rockies,260.0,50.0,10,-0.136,-0.001,0.059
Eastern Cascades Slopes and Foothills,260.0,50.0,3,-0.022,-0.001,-0.09
Idaho Batholith,260.0,50.0,6,-0.099,-0.001,-0.034
Klamath Mountains,260.0,50.0,2,-0.038,0.0,0.019
Middle Rockies,260.0,50.0,1,-0.028,-0.001,0.091
North Cascades,260.0,50.0,6,-0.006,0.0,-0.023
Northern Basin and Range,260.0,50.0,2,-0.094,0.0,-0.054
Sierra Nevada,260.0,50.0,1,-0.004,-0.001,0.038
Southern Rockies,260.0,50.0,10,0.02,0.001,-0.078
Wasatch and Uinta Mountains,260.0,50.0,10,0.015,0.001,-0.072
