eco_region,lon,lat,embed dims,rho,slope (last 20),rho reverse
Arizona/New Mexico Mountains,255.0,57.5,4,-0.046,0.0,0.043
Blue Mountains,255.0,57.5,2,0.004,0.001,-0.114
Canadian Rockies,255.0,57.5,4,0.002,-0.0,-0.038
Cascades,255.0,57.5,2,-0.132,-0.001,-0.097
Central Basin and Range,255.0,57.5,2,-0.032,-0.001,-0.083
Columbia Mountains/Northern Rockies,255.0,57.5,3,0.018,0.0,-0.032
Eastern Cascades Slopes and Foothills,255.0,57.5,8,-0.009,0.001,-0.052
Idaho Batholith,255.0,57.5,4,-0.009,-0.001,-0.083
Klamath Mountains,255.0,57.5,5,-0.006,0.001,-0.028
Middle Rockies,255.0,57.5,3,-0.022,-0.0,-0.039
North Cascades,255.0,57.5,2,-0.047,-0.0,-0.088
Northern Basin and Range,255.0,57.5,4,-0.007,0.0,-0.017
Sierra Nevada,255.0,57.5,3,-0.034,-0.0,-0.034
Southern Rockies,255.0,57.5,3,0.043,0.0,-0.109
Wasatch and Uinta Mountains,255.0,57.5,2,0.11,0.001,0.012
