eco_region,lon,lat,embed dims,rho,slope (last 20),rho reverse
Arizona/New Mexico Mountains,230.0,2.5,10,0.087,-0.001,0.073
Blue Mountains,230.0,2.5,10,0.242,0.002,0.34
Canadian Rockies,230.0,2.5,5,0.269,0.002,0.087
Cascades,230.0,2.5,10,0.302,0.003,0.396
Central Basin and Range,230.0,2.5,10,0.342,0.002,0.343
Columbia Mountains/Northern Rockies,230.0,2.5,9,0.313,0.002,0.265
Eastern Cascades Slopes and Foothills,230.0,2.5,6,0.192,0.003,0.156
Idaho Batholith,230.0,2.5,9,0.308,0.002,0.304
Klamath Mountains,230.0,2.5,8,0.26,0.001,0.169
Middle Rockies,230.0,2.5,9,0.344,0.002,0.287
North Cascades,230.0,2.5,3,0.061,-0.0,-0.016
Northern Basin and Range,230.0,2.5,10,0.291,0.003,0.406
Sierra Nevada,230.0,2.5,9,0.323,0.001,0.303
Southern Rockies,230.0,2.5,9,0.382,0.001,0.31
Wasatch and Uinta Mountains,230.0,2.5,5,0.031,0.0,0.152
