eco_region,lon,lat,embed dims,rho,slope (last 20),rho reverse
Arizona/New Mexico Mountains,205.0,47.5,10,0.144,0.004,-0.062
Blue Mountains,205.0,47.5,10,0.129,0.001,0.072
Canadian Rockies,205.0,47.5,10,0.15,0.001,0.134
Cascades,205.0,47.5,10,0.188,0.001,0.071
Central Basin and Range,205.0,47.5,10,0.178,0.001,0.063
Columbia Mountains/Northern Rockies,205.0,47.5,10,0.249,0.003,0.181
Eastern Cascades Slopes and Foothills,205.0,47.5,10,0.162,0.002,0.089
Idaho Batholith,205.0,47.5,10,0.097,0.001,0.075
Klamath Mountains,205.0,47.5,2,0.062,0.001,0.017
Middle Rockies,205.0,47.5,10,0.008,-0.001,0.062
North Cascades,205.0,47.5,6,0.079,0.001,0.086
Northern Basin and Range,205.0,47.5,10,0.04,-0.0,0.067
Sierra Nevada,205.0,47.5,9,0.099,0.001,0.061
Southern Rockies,205.0,47.5,10,0.129,0.001,0.047
Wasatch and Uinta Mountains,205.0,47.5,10,0.065,-0.001,0.126
