eco_region,lon,lat,embed dims,rho,slope (last 20),rho reverse
Arizona/New Mexico Mountains,237.5,27.5,8,0.122,0.0,0.121
Blue Mountains,237.5,27.5,7,0.13,0.002,0.071
Canadian Rockies,237.5,27.5,3,0.007,0.0,0.146
Cascades,237.5,27.5,7,0.187,0.001,0.139
Central Basin and Range,237.5,27.5,7,0.159,0.003,0.098
Columbia Mountains/Northern Rockies,237.5,27.5,4,-0.029,-0.001,0.081
Eastern Cascades Slopes and Foothills,237.5,27.5,4,0.074,0.0,0.12
Idaho Batholith,237.5,27.5,3,0.071,0.001,0.081
Klamath Mountains,237.5,27.5,4,0.073,0.001,0.185
Middle Rockies,237.5,27.5,4,0.124,0.0,0.034
North Cascades,237.5,27.5,7,0.262,0.002,0.131
Northern Basin and Range,237.5,27.5,7,0.155,0.001,0.119
Sierra Nevada,237.5,27.5,4,0.062,0.001,0.082
Southern Rockies,237.5,27.5,4,0.152,0.001,0.045
Wasatch and Uinta Mountains,237.5,27.5,6,0.082,0.0,0.074
