eco_region,lon,lat,embed dims,rho,slope (last 20),rho reverse
Arizona/New Mexico Mountains,247.5,10.0,10,0.116,0.002,0.011
Blue Mountains,247.5,10.0,7,-0.032,0.0,0.008
Canadian Rockies,247.5,10.0,6,0.01,0.0,0.027
Cascades,247.5,10.0,7,0.144,-0.0,0.159
Central Basin and Range,247.5,10.0,7,0.08,-0.0,-0.002
Columbia Mountains/Northern Rockies,247.5,10.0,6,0.077,-0.0,-0.004
Eastern Cascades Slopes and Foothills,247.5,10.0,9,0.217,0.002,-0.088
Idaho Batholith,247.5,10.0,6,0.022,-0.0,0.051
Klamath Mountains,247.5,10.0,9,0.06,-0.0,0.029
Middle Rockies,247.5,10.0,4,0.06,0.001,0.041
North Cascades,247.5,10.0,9,0.151,0.0,0.12
Northern Basin and Range,247.5,10.0,9,0.048,0.001,-0.012
Sierra Nevada,247.5,10.0,6,0.033,0.0,0.036
Southern Rockies,247.5,10.0,6,0.057,0.001,-0.019
Wasatch and Uinta Mountains,247.5,10.0,8,-0.09,-0.001,-0.033
