eco_region,lon,lat,embed dims,rho,slope (last 20),rho reverse
Arizona/New Mexico Mountains,230.0,45.0,1,0.009,-0.0,0.122
Blue Mountains,230.0,45.0,1,0.025,-0.001,0.053
Canadian Rockies,230.0,45.0,4,0.145,0.001,0.047
Cascades,230.0,45.0,1,0.114,0.001,0.051
Central Basin and Range,230.0,45.0,1,-0.035,0.0,0.06
Columbia Mountains/Northern Rockies,230.0,45.0,4,0.003,0.0,0.056
Eastern Cascades Slopes and Foothills,230.0,45.0,1,0.061,0.001,0.148
Idaho Batholith,230.0,45.0,3,0.118,0.001,0.055
Klamath Mountains,230.0,45.0,1,0.072,-0.001,0.13
Middle Rockies,230.0,45.0,10,0.104,0.001,0.083
North Cascades,230.0,45.0,8,0.108,0.001,0.061
Northern Basin and Range,230.0,45.0,8,0.016,-0.001,0.156
Sierra Nevada,230.0,45.0,5,0.12,0.0,0.131
Southern Rockies,230.0,45.0,4,0.044,0.0,-0.021
Wasatch and Uinta Mountains,230.0,45.0,7,-0.032,-0.001,0.135
