eco_region,lon,lat,embed dims,rho,slope (last 20),rho reverse
Arizona/New Mexico Mountains,187.5,-15.0,10,0.137,0.0,-0.092
Blue Mountains,187.5,-15.0,10,0.117,0.001,0.196
Canadian Rockies,187.5,-15.0,6,0.08,-0.0,0.022
Cascades,187.5,-15.0,10,0.218,0.002,0.283
Central Basin and Range,187.5,-15.0,10,0.136,0.001,0.153
Columbia Mountains/Northern Rockies,187.5,-15.0,7,0.104,0.001,0.09
Eastern Cascades Slopes and Foothills,187.5,-15.0,8,0.16,0.002,0.197
Idaho Batholith,187.5,-15.0,6,0.127,0.002,0.11
Klamath Mountains,187.5,-15.0,9,0.113,0.001,0.03
Middle Rockies,187.5,-15.0,1,0.037,-0.0,0.009
North Cascades,187.5,-15.0,10,0.144,0.001,0.175
Northern Basin and Range,187.5,-15.0,10,0.122,0.002,0.201
Sierra Nevada,187.5,-15.0,1,-0.043,0.0,0.009
Southern Rockies,187.5,-15.0,7,0.139,0.001,0.055
Wasatch and Uinta Mountains,187.5,-15.0,7,0.123,0.001,0.036
