eco_region,lon,lat,embed dims,rho,slope (last 20),rho reverse
Arizona/New Mexico Mountains,275.0,57.5,1,0.062,0.001,-0.003
Blue Mountains,275.0,57.5,8,-0.086,-0.001,0.074
Canadian Rockies,275.0,57.5,6,-0.027,0.0,0.049
Cascades,275.0,57.5,8,-0.001,0.0,0.046
Central Basin and Range,275.0,57.5,8,-0.167,-0.002,0.098
Columbia Mountains/Northern Rockies,275.0,57.5,9,0.074,0.001,0.001
Eastern Cascades Slopes and Foothills,275.0,57.5,7,-0.077,-0.001,-0.029
Idaho Batholith,275.0,57.5,7,0.03,0.0,0.067
Klamath Mountains,275.0,57.5,1,0.107,0.001,0.026
Middle Rockies,275.0,57.5,10,0.015,-0.0,0.009
North Cascades,275.0,57.5,6,0.039,0.0,0.034
Northern Basin and Range,275.0,57.5,1,-0.012,-0.001,-0.08
Sierra Nevada,275.0,57.5,9,-0.053,-0.001,0.128
Southern Rockies,275.0,57.5,9,0.118,0.001,0.057
Wasatch and Uinta Mountains,275.0,57.5,8,0.017,-0.0,0.084
