eco_region,lon,lat,embed dims,rho,slope (last 20),rho reverse
Arizona/New Mexico Mountains,267.5,5.0,10,0.131,0.001,0.135
Blue Mountains,267.5,5.0,10,0.148,0.002,0.326
Canadian Rockies,267.5,5.0,7,0.316,0.002,0.294
Cascades,267.5,5.0,10,0.356,0.003,0.449
Central Basin and Range,267.5,5.0,10,0.308,0.002,0.358
Columbia Mountains/Northern Rockies,267.5,5.0,6,0.312,0.002,0.332
Eastern Cascades Slopes and Foothills,267.5,5.0,7,0.277,0.002,0.206
Idaho Batholith,267.5,5.0,4,0.113,0.0,0.076
Klamath Mountains,267.5,5.0,6,0.325,0.001,0.255
Middle Rockies,267.5,5.0,3,0.087,-0.001,0.002
North Cascades,267.5,5.0,10,0.37,0.003,0.341
Northern Basin and Range,267.5,5.0,10,0.229,0.002,0.367
Sierra Nevada,267.5,5.0,4,0.18,0.001,0.18
Southern Rockies,267.5,5.0,6,0.317,0.001,0.146
Wasatch and Uinta Mountains,267.5,5.0,7,0.228,0.001,0.209
