eco_region,lon,lat,embed dims,rho,slope (last 20),rho reverse
Arizona/New Mexico Mountains,230.0,35.0,1,0.004,0.0,0.035
Blue Mountains,230.0,35.0,1,-0.009,0.0,-0.065
Canadian Rockies,230.0,35.0,7,0.207,0.001,0.137
Cascades,230.0,35.0,1,0.105,0.001,-0.043
Central Basin and Range,230.0,35.0,1,-0.097,-0.001,0.025
Columbia Mountains/Northern Rockies,230.0,35.0,8,0.162,0.001,0.194
Eastern Cascades Slopes and Foothills,230.0,35.0,1,0.047,0.001,0.052
Idaho Batholith,230.0,35.0,8,0.082,0.001,0.134
Klamath Mountains,230.0,35.0,9,0.188,0.002,0.201
Middle Rockies,230.0,35.0,8,0.176,0.0,0.057
North Cascades,230.0,35.0,7,0.097,0.001,0.138
Northern Basin and Range,230.0,35.0,1,-0.036,-0.001,-0.09
Sierra Nevada,230.0,35.0,8,0.163,0.001,0.322
Southern Rockies,230.0,35.0,8,0.098,0.002,0.168
Wasatch and Uinta Mountains,230.0,35.0,8,0.081,-0.0,0.195
