eco_region,lon,lat,embed dims,rho,slope (last 20),rho reverse
Arizona/New Mexico Mountains,215.0,-12.5,9,0.268,0.003,0.172
Blue Mountains,215.0,-12.5,5,0.102,-0.0,0.255
Canadian Rockies,215.0,-12.5,5,0.174,0.0,0.141
Cascades,215.0,-12.5,5,0.295,0.003,0.254
Central Basin and Range,215.0,-12.5,5,0.088,0.0,0.286
Columbia Mountains/Northern Rockies,215.0,-12.5,4,0.114,-0.001,0.11
Eastern Cascades Slopes and Foothills,215.0,-12.5,4,0.088,0.001,0.238
Idaho Batholith,215.0,-12.5,4,0.112,-0.0,0.1
Klamath Mountains,215.0,-12.5,4,0.163,-0.001,0.151
Middle Rockies,215.0,-12.5,8,0.287,0.001,0.284
North Cascades,215.0,-12.5,9,0.29,0.002,0.235
Northern Basin and Range,215.0,-12.5,4,-0.048,0.0,0.18
Sierra Nevada,215.0,-12.5,8,0.178,0.001,0.344
Southern Rockies,215.0,-12.5,4,-0.008,0.0,0.024
Wasatch and Uinta Mountains,215.0,-12.5,6,0.097,0.0,0.188
