eco_region,lon,lat,embed dims,rho,slope (last 20),rho reverse
Arizona/New Mexico Mountains,182.5,37.5,2,0.044,0.0,0.03
Blue Mountains,182.5,37.5,2,0.08,0.0,-0.112
Canadian Rockies,182.5,37.5,7,0.057,0.001,0.024
Cascades,182.5,37.5,2,0.001,-0.0,-0.125
Central Basin and Range,182.5,37.5,2,0.1,0.0,-0.123
Columbia Mountains/Northern Rockies,182.5,37.5,7,0.096,0.002,-0.017
Eastern Cascades Slopes and Foothills,182.5,37.5,5,-0.0,0.001,0.096
Idaho Batholith,182.5,37.5,1,0.099,0.001,0.078
Klamath Mountains,182.5,37.5,10,0.118,0.001,0.075
Middle Rockies,182.5,37.5,6,-0.021,-0.001,-0.047
North Cascades,182.5,37.5,9,0.156,0.001,0.025
Northern Basin and Range,182.5,37.5,2,-0.148,-0.002,-0.108
Sierra Nevada,182.5,37.5,6,0.036,-0.0,0.078
Southern Rockies,182.5,37.5,7,0.127,0.0,0.053
Wasatch and Uinta Mountains,182.5,37.5,9,0.027,0.0,-0.026
