eco_region,lon,lat,embed dims,rho,slope (last 20),rho reverse
Arizona/New Mexico Mountains,235.0,52.5,1,-0.03,-0.001,-0.013
Blue Mountains,235.0,52.5,1,-0.019,-0.001,0.046
Canadian Rockies,235.0,52.5,6,-0.014,-0.0,0.133
Cascades,235.0,52.5,1,0.093,0.001,0.046
Central Basin and Range,235.0,52.5,1,-0.008,0.001,-0.001
Columbia Mountains/Northern Rockies,235.0,52.5,5,0.162,0.0,0.315
Eastern Cascades Slopes and Foothills,235.0,52.5,1,0.068,0.001,0.139
Idaho Batholith,235.0,52.5,5,0.107,-0.0,0.26
Klamath Mountains,235.0,52.5,2,0.208,0.001,0.274
Middle Rockies,235.0,52.5,5,-0.053,-0.001,0.119
North Cascades,235.0,52.5,1,0.015,-0.001,0.081
Northern Basin and Range,235.0,52.5,1,-0.052,-0.0,0.104
Sierra Nevada,235.0,52.5,5,0.092,0.001,0.109
Southern Rockies,235.0,52.5,5,0.066,0.001,0.161
Wasatch and Uinta Mountains,235.0,52.5,1,0.052,0.0,-0.051
