eco_region,lon,lat,embed dims,rho,slope (last 20),rho reverse
Arizona/New Mexico Mountains,195.0,50.0,1,0.026,0.0,0.014
Blue Mountains,195.0,50.0,1,-0.0,-0.0,0.014
Canadian Rockies,195.0,50.0,8,0.182,0.0,0.191
Cascades,195.0,50.0,1,0.024,-0.0,0.037
Central Basin and Range,195.0,50.0,1,-0.022,-0.001,0.021
Columbia Mountains/Northern Rockies,195.0,50.0,2,0.082,-0.0,0.125
Eastern Cascades Slopes and Foothills,195.0,50.0,1,-0.037,-0.001,-0.045
Idaho Batholith,195.0,50.0,10,0.101,0.001,0.113
Klamath Mountains,195.0,50.0,8,0.077,0.001,0.007
Middle Rockies,195.0,50.0,10,0.088,0.0,0.093
North Cascades,195.0,50.0,9,0.07,0.0,0.127
Northern Basin and Range,195.0,50.0,1,0.004,0.001,-0.003
Sierra Nevada,195.0,50.0,3,-0.037,0.0,0.028
Southern Rockies,195.0,50.0,2,-0.033,-0.0,0.039
Wasatch and Uinta Mountains,195.0,50.0,2,0.087,0.0,0.072
