eco_region,lon,lat,embed dims,rho,slope (last 20),rho reverse
Arizona/New Mexico Mountains,215.0,-15.0,5,0.1,-0.001,0.138
Blue Mountains,215.0,-15.0,4,0.011,-0.001,0.172
Canadian Rockies,215.0,-15.0,6,0.175,0.0,0.125
Cascades,215.0,-15.0,4,0.213,0.002,0.225
Central Basin and Range,215.0,-15.0,4,0.075,0.001,0.262
Columbia Mountains/Northern Rockies,215.0,-15.0,4,0.127,-0.001,0.13
Eastern Cascades Slopes and Foothills,215.0,-15.0,5,0.166,0.002,0.304
Idaho Batholith,215.0,-15.0,4,0.092,-0.0,0.125
Klamath Mountains,215.0,-15.0,5,0.266,0.002,0.273
Middle Rockies,215.0,-15.0,9,0.31,0.001,0.312
North Cascades,215.0,-15.0,6,0.178,0.001,0.252
Northern Basin and Range,215.0,-15.0,5,0.068,0.002,0.25
Sierra Nevada,215.0,-15.0,3,-0.001,0.0,0.333
Southern Rockies,215.0,-15.0,4,-0.02,-0.0,0.022
Wasatch and Uinta Mountains,215.0,-15.0,7,0.112,0.001,0.316
