eco_region,lon,lat,embed dims,rho,slope (last 20),rho reverse
Arizona/New Mexico Mountains,245.0,42.5,7,0.039,0.001,-0.007
Blue Mountains,245.0,42.5,7,0.023,0.0,0.085
Canadian Rockies,245.0,42.5,10,0.132,0.001,0.133
Cascades,245.0,42.5,7,0.061,-0.0,0.093
Central Basin and Range,245.0,42.5,7,0.074,0.001,0.074
Columbia Mountains/Northern Rockies,245.0,42.5,9,0.126,0.0,0.19
Eastern Cascades Slopes and Foothills,245.0,42.5,6,0.066,0.0,0.06
Idaho Batholith,245.0,42.5,9,0.276,0.001,0.341
Klamath Mountains,245.0,42.5,2,-0.089,-0.001,0.094
Middle Rockies,245.0,42.5,3,0.141,0.0,0.066
North Cascades,245.0,42.5,6,0.106,0.001,0.1
Northern Basin and Range,245.0,42.5,7,0.119,0.001,0.117
Sierra Nevada,245.0,42.5,9,0.116,-0.0,0.23
Southern Rockies,245.0,42.5,9,0.132,0.001,0.183
Wasatch and Uinta Mountains,245.0,42.5,9,-0.018,0.0,0.186
