eco_region,lon,lat,embed dims,rho,slope (last 20),rho reverse
Arizona/New Mexico Mountains,227.5,37.5,2,0.101,0.002,0.054
Blue Mountains,227.5,37.5,6,0.112,0.001,0.058
Canadian Rockies,227.5,37.5,7,0.245,0.002,0.031
Cascades,227.5,37.5,6,0.19,0.002,0.063
Central Basin and Range,227.5,37.5,6,0.107,0.001,0.019
Columbia Mountains/Northern Rockies,227.5,37.5,7,0.25,0.002,0.081
Eastern Cascades Slopes and Foothills,227.5,37.5,2,-0.015,-0.001,0.095
Idaho Batholith,227.5,37.5,7,0.038,0.001,-0.013
Klamath Mountains,227.5,37.5,2,-0.006,-0.001,0.07
Middle Rockies,227.5,37.5,8,0.126,0.002,0.024
North Cascades,227.5,37.5,5,0.152,0.002,0.214
Northern Basin and Range,227.5,37.5,10,0.051,0.002,0.022
Sierra Nevada,227.5,37.5,9,0.213,-0.0,0.076
Southern Rockies,227.5,37.5,7,0.129,0.002,0.018
Wasatch and Uinta Mountains,227.5,37.5,7,0.168,0.0,0.007
