eco_region,lon,lat,embed dims,rho,slope (last 20),rho reverse
Arizona/New Mexico Mountains,260.0,55.0,2,0.076,0.002,0.069
Blue Mountains,260.0,55.0,2,-0.088,0.0,-0.079
Canadian Rockies,260.0,55.0,3,0.011,0.0,-0.021
Cascades,260.0,55.0,2,0.096,0.002,-0.065
Central Basin and Range,260.0,55.0,2,0.152,0.001,-0.084
Columbia Mountains/Northern Rockies,260.0,55.0,2,0.024,0.0,-0.042
Eastern Cascades Slopes and Foothills,260.0,55.0,8,-0.04,-0.001,-0.085
Idaho Batholith,260.0,55.0,3,0.01,0.001,-0.072
Klamath Mountains,260.0,55.0,3,0.033,-0.0,-0.033
Middle Rockies,260.0,55.0,1,-0.023,-0.0,-0.044
North Cascades,260.0,55.0,2,-0.08,-0.001,-0.052
Northern Basin and Range,260.0,55.0,1,-0.017,0.0,-0.053
Sierra Nevada,260.0,55.0,2,-0.095,-0.001,-0.065
Southern Rockies,260.0,55.0,2,0.092,0.0,0.035
Wasatch and Uinta Mountains,260.0,55.0,2,-0.059,-0.001,-0.09
