eco_region,lon,lat,embed dims,rho,slope (last 20),rho reverse
Arizona/New Mexico Mountains,252.5,12.5,9,0.165,0.001,0.068
Blue Mountains,252.5,12.5,9,0.182,0.002,0.223
Canadian Rockies,252.5,12.5,8,0.238,0.001,0.211
Cascades,252.5,12.5,9,0.356,0.003,0.296
Central Basin and Range,252.5,12.5,9,0.29,0.002,0.199
Columbia Mountains/Northern Rockies,252.5,12.5,6,0.24,0.001,0.276
Eastern Cascades Slopes and Foothills,252.5,12.5,9,0.24,0.003,0.109
Idaho Batholith,252.5,12.5,7,0.159,0.001,0.218
Klamath Mountains,252.5,12.5,9,0.349,0.002,0.166
Middle Rockies,252.5,12.5,2,0.064,0.0,-0.012
North Cascades,252.5,12.5,10,0.267,0.002,0.307
Northern Basin and Range,252.5,12.5,10,0.134,0.001,0.151
Sierra Nevada,252.5,12.5,2,0.031,0.001,-0.013
Southern Rockies,252.5,12.5,6,0.263,0.001,0.116
Wasatch and Uinta Mountains,252.5,12.5,8,0.242,0.002,0.105
