eco_region,lon,lat,embed dims,rho,slope (last 20),rho reverse
Arizona/New Mexico Mountains,215.0,0.0,9,0.099,0.001,0.188
Blue Mountains,215.0,0.0,10,-0.036,0.0,0.027
Canadian Rockies,215.0,0.0,10,0.04,-0.002,-0.009
Cascades,215.0,0.0,10,0.171,0.001,0.152
Central Basin and Range,215.0,0.0,10,0.042,-0.002,0.107
Columbia Mountains/Northern Rockies,215.0,0.0,10,0.043,-0.001,0.044
Eastern Cascades Slopes and Foothills,215.0,0.0,10,0.081,0.002,0.092
Idaho Batholith,215.0,0.0,10,0.111,0.002,0.053
Klamath Mountains,215.0,0.0,9,0.165,-0.002,0.093
Middle Rockies,215.0,0.0,4,0.06,0.0,-0.084
North Cascades,215.0,0.0,3,0.033,-0.0,0.024
Northern Basin and Range,215.0,0.0,9,-0.016,0.0,-0.064
Sierra Nevada,215.0,0.0,9,0.061,-0.0,0.03
Southern Rockies,215.0,0.0,10,0.136,0.0,0.033
Wasatch and Uinta Mountains,215.0,0.0,4,-0.047,0.0,-0.031
