eco_region,lon,lat,embed dims,rho,slope (last 20),rho reverse
Arizona/New Mexico Mountains,275.0,15.0,6,0.042,0.0,0.055
Blue Mountains,275.0,15.0,6,-0.003,0.0,0.207
Canadian Rockies,275.0,15.0,3,-0.073,0.0,-0.056
Cascades,275.0,15.0,6,0.131,0.001,0.136
Central Basin and Range,275.0,15.0,6,0.195,0.001,0.11
Columbia Mountains/Northern Rockies,275.0,15.0,3,-0.046,-0.001,-0.039
Eastern Cascades Slopes and Foothills,275.0,15.0,3,-0.018,-0.001,0.09
Idaho Batholith,275.0,15.0,9,0.248,0.002,0.107
Klamath Mountains,275.0,15.0,4,0.128,-0.0,0.033
Middle Rockies,275.0,15.0,3,-0.038,-0.001,0.005
North Cascades,275.0,15.0,7,0.095,-0.0,0.155
Northern Basin and Range,275.0,15.0,6,0.191,0.003,0.23
Sierra Nevada,275.0,15.0,3,0.101,0.001,0.103
Southern Rockies,275.0,15.0,3,0.006,-0.0,-0.047
Wasatch and Uinta Mountains,275.0,15.0,3,0.055,0.0,-0.016
