eco_region,lon,lat,embed dims,rho,slope (last 20),rho reverse
Arizona/New Mexico Mountains,250.0,22.5,7,-0.03,0.0,0.014
Blue Mountains,250.0,22.5,4,0.133,0.001,0.015
Canadian Rockies,250.0,22.5,2,0.019,0.0,-0.059
Cascades,250.0,22.5,4,0.015,-0.0,0.003
Central Basin and Range,250.0,22.5,4,0.175,0.002,0.032
Columbia Mountains/Northern Rockies,250.0,22.5,2,0.03,0.0,-0.055
Eastern Cascades Slopes and Foothills,250.0,22.5,4,0.062,0.0,0.051
Idaho Batholith,250.0,22.5,2,0.057,0.001,0.062
Klamath Mountains,250.0,22.5,3,-0.058,-0.001,-0.158
Middle Rockies,250.0,22.5,8,0.142,0.001,0.132
North Cascades,250.0,22.5,2,0.006,0.0,-0.047
Northern Basin and Range,250.0,22.5,7,0.166,0.001,-0.047
Sierra Nevada,250.0,22.5,9,0.157,0.001,0.116
Southern Rockies,250.0,22.5,2,-0.004,0.0,-0.038
Wasatch and Uinta Mountains,250.0,22.5,4,0.157,0.002,0.13
