eco_region,lon,lat,embed dims,rho,slope (last 20),rho reverse
Arizona/New Mexico Mountains,242.5,47.5,6,-0.074,-0.0,0.096
Blue Mountains,242.5,47.5,7,0.014,-0.0,0.136
Canadian Rockies,242.5,47.5,7,0.131,0.001,0.161
Cascades,242.5,47.5,7,0.014,-0.001,0.143
Central Basin and Range,242.5,47.5,7,0.04,-0.001,0.291
Columbia Mountains/Northern Rockies,242.5,47.5,7,0.135,0.001,0.253
Eastern Cascades Slopes and Foothills,242.5,47.5,3,0.015,-0.001,0.181
Idaho Batholith,242.5,47.5,7,0.187,0.001,0.362
Klamath Mountains,242.5,47.5,1,0.012,-0.002,0.117
Middle Rockies,242.5,47.5,10,0.177,0.001,0.241
North Cascades,242.5,47.5,5,0.026,-0.0,0.033
Northern Basin and Range,242.5,47.5,6,0.021,0.001,0.156
Sierra Nevada,242.5,47.5,6,0.117,0.0,0.342
Southern Rockies,242.5,47.5,7,0.118,0.001,0.201
Wasatch and Uinta Mountains,242.5,47.5,7,0.025,-0.001,0.319
