eco_region,lon,lat,embed dims,rho,slope (last 20),rho reverse
Arizona/New Mexico Mountains,262.5,-5.0,9,0.226,0.002,0.09
Blue Mountains,262.5,-5.0,10,0.161,0.002,0.23
Canadian Rockies,262.5,-5.0,9,0.358,0.001,0.323
Cascades,262.5,-5.0,10,0.326,0.004,0.33
Central Basin and Range,262.5,-5.0,10,0.316,0.002,0.193
Columbia Mountains/Northern Rockies,262.5,-5.0,3,0.078,-0.001,0.298
Eastern Cascades Slopes and Foothills,262.5,-5.0,9,0.238,0.002,0.182
Idaho Batholith,262.5,-5.0,3,0.124,0.001,0.118
Klamath Mountains,262.5,-5.0,9,0.42,0.002,0.177
Middle Rockies,262.5,-5.0,6,0.349,0.002,0.238
North Cascades,262.5,-5.0,10,0.365,0.002,0.224
Northern Basin and Range,262.5,-5.0,9,0.234,0.0,0.244
Sierra Nevada,262.5,-5.0,6,0.223,0.001,0.202
Southern Rockies,262.5,-5.0,3,0.008,0.0,0.01
Wasatch and Uinta Mountains,262.5,-5.0,5,0.148,0.001,0.103
