eco_region,lon,lat,embed dims,rho,slope (last 20),rho reverse
Arizona/New Mexico Mountains,230.0,-10.0,10,0.164,0.002,0.309
Blue Mountains,230.0,-10.0,10,0.056,0.001,0.206
Canadian Rockies,230.0,-10.0,5,0.006,-0.001,0.044
Cascades,230.0,-10.0,10,0.138,0.001,0.235
Central Basin and Range,230.0,-10.0,10,0.11,-0.002,0.176
Columbia Mountains/Northern Rockies,230.0,-10.0,7,0.093,0.0,0.169
Eastern Cascades Slopes and Foothills,230.0,-10.0,9,0.12,0.002,0.188
Idaho Batholith,230.0,-10.0,5,-0.037,-0.001,-0.017
Klamath Mountains,230.0,-10.0,7,0.108,0.0,0.196
Middle Rockies,230.0,-10.0,9,0.136,0.0,0.224
North Cascades,230.0,-10.0,3,0.059,-0.0,0.017
Northern Basin and Range,230.0,-10.0,10,0.001,-0.002,0.095
Sierra Nevada,230.0,-10.0,7,0.114,-0.001,0.177
Southern Rockies,230.0,-10.0,7,-0.105,-0.001,0.035
Wasatch and Uinta Mountains,230.0,-10.0,3,-0.114,-0.001,0.1
