eco_region,lon,lat,embed dims,rho,slope (last 20),rho reverse
Arizona/New Mexico Mountains,225.0,40.0,8,-0.013,0.0,0.21
Blue Mountains,225.0,40.0,1,0.012,-0.0,-0.069
Canadian Rockies,225.0,40.0,9,-0.044,-0.001,0.115
Cascades,225.0,40.0,1,0.096,0.001,-0.03
Central Basin and Range,225.0,40.0,1,-0.107,-0.001,-0.064
Columbia Mountains/Northern Rockies,225.0,40.0,7,0.015,-0.0,0.1
Eastern Cascades Slopes and Foothills,225.0,40.0,9,-0.12,-0.002,0.172
Idaho Batholith,225.0,40.0,7,-0.027,-0.001,0.024
Klamath Mountains,225.0,40.0,3,0.082,0.001,0.162
Middle Rockies,225.0,40.0,7,-0.069,-0.002,0.071
North Cascades,225.0,40.0,9,-0.094,-0.002,0.061
Northern Basin and Range,225.0,40.0,8,0.03,0.0,0.139
Sierra Nevada,225.0,40.0,7,0.081,0.001,0.304
Southern Rockies,225.0,40.0,7,0.064,0.0,0.004
Wasatch and Uinta Mountains,225.0,40.0,8,-0.127,-0.002,0.096
