eco_region,lon,lat,embed dims,rho,slope (last 20),rho reverse
Arizona/New Mexico Mountains,180.0,-7.5,2,-0.099,-0.001,0.059
Blue Mountains,180.0,-7.5,10,0.199,0.002,0.198
Canadian Rockies,180.0,-7.5,4,0.109,0.001,0.006
Cascades,180.0,-7.5,10,0.248,0.002,0.192
Central Basin and Range,180.0,-7.5,10,0.147,0.001,0.157
Columbia Mountains/Northern Rockies,180.0,-7.5,10,0.173,0.001,0.129
Eastern Cascades Slopes and Foothills,180.0,-7.5,2,0.119,0.0,0.068
Idaho Batholith,180.0,-7.5,5,0.182,0.001,-0.028
Klamath Mountains,180.0,-7.5,9,0.24,0.001,0.017
Middle Rockies,180.0,-7.5,4,0.005,0.0,-0.008
North Cascades,180.0,-7.5,2,0.032,-0.0,-0.072
Northern Basin and Range,180.0,-7.5,2,0.051,0.001,0.12
Sierra Nevada,180.0,-7.5,10,0.221,0.001,0.17
Southern Rockies,180.0,-7.5,10,0.123,0.001,0.053
Wasatch and Uinta Mountains,180.0,-7.5,5,0.039,0.0,0.12
