eco_region,lon,lat,embed dims,rho,slope (last 20),rho reverse
Arizona/New Mexico Mountains,250.0,-5.0,10,0.136,0.001,0.131
Blue Mountains,250.0,-5.0,10,0.085,0.001,0.054
Canadian Rockies,250.0,-5.0,9,0.101,0.0,0.178
Cascades,250.0,-5.0,10,0.236,0.002,0.213
Central Basin and Range,250.0,-5.0,10,0.187,-0.001,0.017
Columbia Mountains/Northern Rockies,250.0,-5.0,9,0.087,-0.001,0.199
Eastern Cascades Slopes and Foothills,250.0,-5.0,7,0.078,0.0,0.06
Idaho Batholith,250.0,-5.0,9,0.139,0.0,0.061
Klamath Mountains,250.0,-5.0,7,0.031,-0.001,0.024
Middle Rockies,250.0,-5.0,9,0.209,0.001,0.13
North Cascades,250.0,-5.0,4,0.016,0.0,-0.098
Northern Basin and Range,250.0,-5.0,10,0.141,-0.001,-0.043
Sierra Nevada,250.0,-5.0,9,0.119,-0.001,-0.0
Southern Rockies,250.0,-5.0,9,0.041,-0.001,-0.012
Wasatch and Uinta Mountains,250.0,-5.0,7,-0.101,-0.002,0.061
