eco_region,lon,lat,embed dims,rho,slope (last 20),rho reverse
Arizona/New Mexico Mountains,235.0,47.5,10,0.047,-0.0,0.111
Blue Mountains,235.0,47.5,10,0.043,-0.0,0.024
Canadian Rockies,235.0,47.5,5,0.122,0.001,0.051
Cascades,235.0,47.5,10,0.102,0.002,0.084
Central Basin and Range,235.0,47.5,10,0.031,0.0,0.037
Columbia Mountains/Northern Rockies,235.0,47.5,6,0.052,-0.0,0.104
Eastern Cascades Slopes and Foothills,235.0,47.5,8,0.082,0.001,0.163
Idaho Batholith,235.0,47.5,5,0.06,0.0,0.076
Klamath Mountains,235.0,47.5,1,0.059,-0.002,-0.008
Middle Rockies,235.0,47.5,5,0.12,0.001,0.04
North Cascades,235.0,47.5,6,0.156,0.001,0.107
Northern Basin and Range,235.0,47.5,10,0.023,0.001,0.004
Sierra Nevada,235.0,47.5,6,0.166,0.0,0.255
Southern Rockies,235.0,47.5,6,0.087,0.001,0.016
Wasatch and Uinta Mountains,235.0,47.5,10,0.083,0.001,0.024
