eco_region,lon,lat,embed dims,rho,slope (last 20),rho reverse
Arizona/New Mexico Mountains,252.5,30.0,2,0.161,0.0,0.158
Blue Mountains,252.5,30.0,2,0.12,0.0,0.119
Canadian Rockies,252.5,30.0,2,0.09,0.0,0.007
Cascades,252.5,30.0,2,0.111,0.001,0.12
Central Basin and Range,252.5,30.0,2,0.081,-0.0,0.159
Columbia Mountains/Northern Rockies,252.5,30.0,2,0.046,-0.001,0.098
Eastern Cascades Slopes and Foothills,252.5,30.0,4,0.159,0.001,0.23
Idaho Batholith,252.5,30.0,10,0.083,0.0,0.303
Klamath Mountains,252.5,30.0,4,0.158,0.002,0.148
Middle Rockies,252.5,30.0,10,0.042,-0.001,0.158
North Cascades,252.5,30.0,1,0.089,0.001,0.182
Northern Basin and Range,252.5,30.0,2,0.17,0.002,0.021
Sierra Nevada,252.5,30.0,10,0.111,-0.001,0.318
Southern Rockies,252.5,30.0,2,-0.002,-0.001,0.123
Wasatch and Uinta Mountains,252.5,30.0,8,0.095,0.001,0.341
