eco_region,lon,lat,embed dims,rho,slope (last 20),rho reverse
Arizona/New Mexico Mountains,227.5,22.5,10,0.085,0.002,-0.069
Blue Mountains,227.5,22.5,10,0.066,0.0,-0.173
Canadian Rockies,227.5,22.5,6,-0.017,-0.0,0.082
Cascades,227.5,22.5,10,0.216,0.001,0.025
Central Basin and Range,227.5,22.5,10,0.036,-0.001,-0.114
Columbia Mountains/Northern Rockies,227.5,22.5,10,0.076,-0.0,0.083
Eastern Cascades Slopes and Foothills,227.5,22.5,4,-0.013,-0.001,0.032
Idaho Batholith,227.5,22.5,8,0.034,0.001,-0.014
Klamath Mountains,227.5,22.5,6,0.014,0.0,-0.011
Middle Rockies,227.5,22.5,6,0.052,-0.0,0.041
North Cascades,227.5,22.5,5,0.071,-0.001,0.097
Northern Basin and Range,227.5,22.5,10,0.072,-0.001,-0.087
Sierra Nevada,227.5,22.5,8,-0.003,-0.0,-0.013
Southern Rockies,227.5,22.5,10,0.111,0.0,-0.034
Wasatch and Uinta Mountains,227.5,22.5,6,0.086,0.001,-0.105
