eco_region,lon,lat,embed dims,rho,slope (last 20),rho reverse
Arizona/New Mexico Mountains,207.5,20.0,10,0.066,0.001,0.097
Blue Mountains,207.5,20.0,10,0.07,0.002,0.048
Canadian Rockies,207.5,20.0,3,0.012,0.0,0.001
Cascades,207.5,20.0,10,0.249,0.002,0.087
Central Basin and Range,207.5,20.0,10,0.035,-0.0,0.042
Columbia Mountains/Northern Rockies,207.5,20.0,7,-0.084,-0.0,-0.097
Eastern Cascades Slopes and Foothills,207.5,20.0,9,0.136,0.0,0.013
Idaho Batholith,207.5,20.0,8,-0.042,-0.001,0.07
Klamath Mountains,207.5,20.0,3,0.144,0.001,0.081
Middle Rockies,207.5,20.0,8,0.059,0.0,0.181
North Cascades,207.5,20.0,8,0.071,0.001,0.01
Northern Basin and Range,207.5,20.0,10,0.149,-0.0,0.09
Sierra Nevada,207.5,20.0,6,-0.185,-0.002,-0.132
Southern Rockies,207.5,20.0,7,0.154,0.001,-0.006
Wasatch and Uinta Mountains,207.5,20.0,10,0.075,-0.0,0.003
