eco_region,lon,lat,embed dims,rho,slope (last 20),rho reverse
Arizona/New Mexico Mountains,260.0,30.0,8,0.067,0.001,0.034
Blue Mountains,260.0,30.0,7,0.081,0.001,0.149
Canadian Rockies,260.0,30.0,9,0.107,0.002,-0.012
Cascades,260.0,30.0,7,0.066,-0.001,0.18
Central Basin and Range,260.0,30.0,7,0.178,0.001,0.117
Columbia Mountains/Northern Rockies,260.0,30.0,3,0.119,0.001,0.118
Eastern Cascades Slopes and Foothills,260.0,30.0,9,0.16,0.001,0.012
Idaho Batholith,260.0,30.0,9,0.194,0.001,0.2
Klamath Mountains,260.0,30.0,10,0.162,0.001,0.202
Middle Rockies,260.0,30.0,4,0.121,0.001,0.155
North Cascades,260.0,30.0,8,0.138,0.0,0.201
Northern Basin and Range,260.0,30.0,8,0.211,0.002,0.118
Sierra Nevada,260.0,30.0,3,0.039,-0.0,0.089
Southern Rockies,260.0,30.0,3,0.041,-0.0,0.036
Wasatch and Uinta Mountains,260.0,30.0,6,0.114,-0.001,0.095
