eco_region,lon,lat,embed dims,rho,slope (last 20),rho reverse
Arizona/New Mexico Mountains,210.0,-20.0,9,0.204,0.002,0.02
Blue Mountains,210.0,-20.0,9,0.228,0.001,0.223
Canadian Rockies,210.0,-20.0,5,0.172,0.001,0.051
Cascades,210.0,-20.0,9,0.226,0.002,0.369
Central Basin and Range,210.0,-20.0,9,0.137,0.001,0.243
Columbia Mountains/Northern Rockies,210.0,-20.0,6,0.247,0.001,0.153
Eastern Cascades Slopes and Foothills,210.0,-20.0,7,0.201,0.002,0.139
Idaho Batholith,210.0,-20.0,5,0.158,0.001,0.081
Klamath Mountains,210.0,-20.0,5,0.133,0.0,0.085
Middle Rockies,210.0,-20.0,1,0.061,-0.0,0.002
North Cascades,210.0,-20.0,8,0.215,0.002,0.153
Northern Basin and Range,210.0,-20.0,9,0.179,0.001,0.215
Sierra Nevada,210.0,-20.0,6,0.148,0.001,0.201
Southern Rockies,210.0,-20.0,6,0.211,-0.0,0.146
Wasatch and Uinta Mountains,210.0,-20.0,4,0.105,0.0,0.144
