eco_region,lon,lat,embed dims,rho,slope (last 20),rho reverse
Arizona/New Mexico Mountains,247.5,-20.0,3,0.02,-0.001,0.1
Blue Mountains,247.5,-20.0,1,0.057,-0.001,-0.118
Canadian Rockies,247.5,-20.0,7,0.246,0.001,0.188
Cascades,247.5,-20.0,1,-0.075,-0.0,-0.123
Central Basin and Range,247.5,-20.0,1,0.083,0.001,-0.049
Columbia Mountains/Northern Rockies,247.5,-20.0,7,0.265,0.001,0.221
Eastern Cascades Slopes and Foothills,247.5,-20.0,3,0.055,0.0,0.028
Idaho Batholith,247.5,-20.0,7,0.263,0.002,0.202
Klamath Mountains,247.5,-20.0,3,-0.035,-0.0,0.103
Middle Rockies,247.5,-20.0,10,0.329,0.001,0.247
North Cascades,247.5,-20.0,10,0.303,0.003,0.16
Northern Basin and Range,247.5,-20.0,3,-0.07,-0.001,-0.063
Sierra Nevada,247.5,-20.0,7,0.175,0.001,0.082
Southern Rockies,247.5,-20.0,7,0.246,0.001,0.105
Wasatch and Uinta Mountains,247.5,-20.0,7,0.228,0.0,0.19
