eco_region,lon,lat,embed dims,rho,slope (last 20),rho reverse
Arizona/New Mexico Mountains,280.0,5.0,10,0.175,0.001,0.31
Blue Mountains,280.0,5.0,10,0.248,0.004,0.21
Canadian Rockies,280.0,5.0,9,0.286,0.001,0.189
Cascades,280.0,5.0,10,0.325,0.002,0.295
Central Basin and Range,280.0,5.0,10,0.348,0.004,0.233
Columbia Mountains/Northern Rockies,280.0,5.0,5,0.1,-0.0,0.132
Eastern Cascades Slopes and Foothills,280.0,5.0,10,0.383,0.002,0.22
Idaho Batholith,280.0,5.0,5,0.149,0.001,0.084
Klamath Mountains,280.0,5.0,5,0.228,0.001,0.008
Middle Rockies,280.0,5.0,5,0.133,-0.001,0.109
North Cascades,280.0,5.0,10,0.249,0.003,0.179
Northern Basin and Range,280.0,5.0,10,0.199,0.002,0.329
Sierra Nevada,280.0,5.0,2,0.033,-0.0,-0.099
Southern Rockies,280.0,5.0,5,0.114,0.0,0.044
Wasatch and Uinta Mountains,280.0,5.0,8,0.232,0.002,0.138
