eco_region,lon,lat,embed dims,rho,slope (last 20),rho reverse
Arizona/New Mexico Mountains,267.5,37.5,1,0.009,-0.0,-0.049
Blue Mountains,267.5,37.5,1,-0.033,-0.001,0.046
Canadian Rockies,267.5,37.5,5,-0.035,0.001,0.06
Cascades,267.5,37.5,1,0.048,0.0,0.011
Central Basin and Range,267.5,37.5,1,0.029,0.0,0.106
Columbia Mountains/Northern Rockies,267.5,37.5,4,0.082,-0.0,0.091
Eastern Cascades Slopes and Foothills,267.5,37.5,2,0.108,0.001,0.18
Idaho Batholith,267.5,37.5,4,0.088,0.0,0.104
Klamath Mountains,267.5,37.5,2,0.099,-0.001,0.14
Middle Rockies,267.5,37.5,7,0.118,0.002,0.117
North Cascades,267.5,37.5,9,0.08,0.0,0.302
Northern Basin and Range,267.5,37.5,1,-0.038,0.0,0.041
Sierra Nevada,267.5,37.5,8,0.042,-0.001,0.229
Southern Rockies,267.5,37.5,4,0.014,-0.0,0.039
Wasatch and Uinta Mountains,267.5,37.5,1,0.056,0.0,0.1
