eco_region,lon,lat,embed dims,rho,slope (last 20),rho reverse
Arizona/New Mexico Mountains,262.5,10.0,9,0.183,0.001,0.242
Blue Mountains,262.5,10.0,7,0.049,-0.001,0.12
Canadian Rockies,262.5,10.0,10,0.271,0.001,0.262
Cascades,262.5,10.0,7,0.277,0.003,0.174
Central Basin and Range,262.5,10.0,7,0.263,0.001,0.155
Columbia Mountains/Northern Rockies,262.5,10.0,10,0.314,0.002,0.273
Eastern Cascades Slopes and Foothills,262.5,10.0,9,0.36,0.003,0.201
Idaho Batholith,262.5,10.0,5,0.11,0.001,0.07
Klamath Mountains,262.5,10.0,8,0.364,0.003,0.206
Middle Rockies,262.5,10.0,9,0.252,0.001,0.156
North Cascades,262.5,10.0,10,0.257,0.003,0.21
Northern Basin and Range,262.5,10.0,9,0.081,0.002,0.27
Sierra Nevada,262.5,10.0,10,0.286,0.002,0.225
Southern Rockies,262.5,10.0,10,0.37,0.002,0.088
Wasatch and Uinta Mountains,262.5,10.0,6,0.144,0.001,0.044
