eco_region,lon,lat,embed dims,rho,slope (last 20),rho reverse
Arizona/New Mexico Mountains,252.5,30.0,2,0.019,-0.0,0.139
Blue Mountains,252.5,30.0,2,0.098,0.001,0.155
Canadian Rockies,252.5,30.0,2,0.008,0.0,0.051
Cascades,252.5,30.0,2,0.106,0.001,0.124
Central Basin and Range,252.5,30.0,2,0.098,-0.0,0.141
Columbia Mountains/Northern Rockies,252.5,30.0,2,0.035,-0.001,0.115
Eastern Cascades Slopes and Foothills,252.5,30.0,4,0.026,-0.001,0.209
Idaho Batholith,252.5,30.0,10,0.213,0.0,0.24
Klamath Mountains,252.5,30.0,4,0.082,0.0,0.058
Middle Rockies,252.5,30.0,10,0.251,0.001,0.177
North Cascades,252.5,30.0,1,0.089,0.001,0.182
Northern Basin and Range,252.5,30.0,2,0.026,-0.0,0.119
Sierra Nevada,252.5,30.0,10,0.097,0.001,0.198
Southern Rockies,252.5,30.0,2,0.124,0.001,0.115
Wasatch and Uinta Mountains,252.5,30.0,8,0.148,0.001,0.217
