eco_region,lon,lat,embed dims,rho,slope (last 20),rho reverse
Arizona/New Mexico Mountains,197.5,32.5,4,0.054,0.0,0.043
Blue Mountains,197.5,32.5,1,-0.051,-0.001,-0.089
Canadian Rockies,197.5,32.5,3,0.013,0.0,0.027
Cascades,197.5,32.5,1,0.004,-0.0,-0.085
Central Basin and Range,197.5,32.5,1,0.055,0.0,-0.003
Columbia Mountains/Northern Rockies,197.5,32.5,3,0.073,0.001,0.098
Eastern Cascades Slopes and Foothills,197.5,32.5,10,-0.006,-0.001,0.189
Idaho Batholith,197.5,32.5,3,0.02,-0.0,-0.014
Klamath Mountains,197.5,32.5,7,0.067,0.0,0.015
Middle Rockies,197.5,32.5,3,-0.116,-0.001,-0.05
North Cascades,197.5,32.5,4,0.098,0.001,0.046
Northern Basin and Range,197.5,32.5,4,0.027,0.001,0.074
Sierra Nevada,197.5,32.5,3,-0.043,-0.0,-0.055
Southern Rockies,197.5,32.5,3,0.13,0.001,-0.067
Wasatch and Uinta Mountains,197.5,32.5,10,0.109,0.002,0.247
