eco_region,lon,lat,embed dims,rho,slope (last 20),rho reverse
Arizona/New Mexico Mountains,260.0,37.5,2,-0.067,-0.001,0.073
Blue Mountains,260.0,37.5,3,0.033,-0.0,0.058
Canadian Rockies,260.0,37.5,6,0.167,0.001,0.063
Cascades,260.0,37.5,3,0.069,0.0,0.07
Central Basin and Range,260.0,37.5,3,0.04,-0.0,0.043
Columbia Mountains/Northern Rockies,260.0,37.5,6,0.147,0.001,0.162
Eastern Cascades Slopes and Foothills,260.0,37.5,3,0.057,-0.001,0.183
Idaho Batholith,260.0,37.5,6,0.206,0.001,0.175
Klamath Mountains,260.0,37.5,8,0.142,0.0,0.185
Middle Rockies,260.0,37.5,3,0.1,0.0,0.025
North Cascades,260.0,37.5,5,0.181,0.002,0.103
Northern Basin and Range,260.0,37.5,3,-0.052,-0.001,0.005
Sierra Nevada,260.0,37.5,6,0.087,0.0,0.14
Southern Rockies,260.0,37.5,6,0.042,0.001,-0.004
Wasatch and Uinta Mountains,260.0,37.5,10,0.124,0.001,0.156
