eco_region,lon,lat,embed dims,rho,slope (last 20),rho reverse
Arizona/New Mexico Mountains,277.5,45.0,3,0.009,0.0,-0.057
Blue Mountains,277.5,45.0,3,-0.015,0.0,0.017
Canadian Rockies,277.5,45.0,7,-0.01,0.0,0.038
Cascades,277.5,45.0,3,0.047,0.001,0.058
Central Basin and Range,277.5,45.0,3,-0.063,0.0,-0.035
Columbia Mountains/Northern Rockies,277.5,45.0,3,-0.006,-0.0,0.092
Eastern Cascades Slopes and Foothills,277.5,45.0,3,-0.101,-0.002,0.11
Idaho Batholith,277.5,45.0,7,0.07,0.001,-0.015
Klamath Mountains,277.5,45.0,3,0.044,0.001,0.043
Middle Rockies,277.5,45.0,8,0.006,0.0,0.122
North Cascades,277.5,45.0,10,0.061,0.001,0.025
Northern Basin and Range,277.5,45.0,3,-0.022,-0.0,-0.053
Sierra Nevada,277.5,45.0,7,-0.004,-0.0,0.038
Southern Rockies,277.5,45.0,3,-0.032,-0.0,-0.006
Wasatch and Uinta Mountains,277.5,45.0,3,-0.062,-0.002,0.002
