eco_region,lon,lat,embed dims,rho,slope (last 20),rho reverse
Arizona/New Mexico Mountains,220.0,10.0,7,0.175,0.003,-0.011
Blue Mountains,220.0,10.0,10,0.29,0.003,0.281
Canadian Rockies,220.0,10.0,4,0.201,0.001,0.054
Cascades,220.0,10.0,10,0.316,0.003,0.401
Central Basin and Range,220.0,10.0,10,0.357,0.002,0.321
Columbia Mountains/Northern Rockies,220.0,10.0,5,0.232,0.001,0.105
Eastern Cascades Slopes and Foothills,220.0,10.0,6,0.238,0.002,0.03
Idaho Batholith,220.0,10.0,5,0.202,0.0,0.071
Klamath Mountains,220.0,10.0,7,0.169,-0.001,0.19
Middle Rockies,220.0,10.0,10,0.352,0.002,0.274
North Cascades,220.0,10.0,10,0.35,0.002,0.359
Northern Basin and Range,220.0,10.0,7,0.192,0.001,0.139
Sierra Nevada,220.0,10.0,10,0.353,0.002,0.3
Southern Rockies,220.0,10.0,5,0.06,0.0,0.118
Wasatch and Uinta Mountains,220.0,10.0,3,0.02,0.0,0.02
