eco_region,lon,lat,embed dims,rho,slope (last 20),rho reverse
Arizona/New Mexico Mountains,220.0,27.5,10,0.119,0.002,0.144
Blue Mountains,220.0,27.5,10,0.29,0.001,0.26
Canadian Rockies,220.0,27.5,8,0.226,0.002,0.111
Cascades,220.0,27.5,10,0.339,0.002,0.324
Central Basin and Range,220.0,27.5,10,0.258,0.002,0.302
Columbia Mountains/Northern Rockies,220.0,27.5,10,0.263,0.002,0.303
Eastern Cascades Slopes and Foothills,220.0,27.5,10,0.254,0.002,0.168
Idaho Batholith,220.0,27.5,8,0.134,0.001,0.162
Klamath Mountains,220.0,27.5,4,0.094,0.0,0.095
Middle Rockies,220.0,27.5,8,0.2,0.002,0.174
North Cascades,220.0,27.5,8,0.224,0.002,0.19
Northern Basin and Range,220.0,27.5,10,0.246,0.002,0.267
Sierra Nevada,220.0,27.5,10,0.197,0.0,0.301
Southern Rockies,220.0,27.5,10,0.26,0.001,0.239
Wasatch and Uinta Mountains,220.0,27.5,8,0.134,0.001,0.237
