eco_region,lon,lat,embed dims,rho,slope (last 20),rho reverse
Arizona/New Mexico Mountains,220.0,50.0,10,0.074,0.001,-0.01
Blue Mountains,220.0,50.0,2,-0.05,-0.001,0.075
Canadian Rockies,220.0,50.0,4,0.06,0.0,-0.115
Cascades,220.0,50.0,2,-0.057,-0.001,0.012
Central Basin and Range,220.0,50.0,2,0.013,0.002,-0.015
Columbia Mountains/Northern Rockies,220.0,50.0,4,0.063,0.001,-0.097
Eastern Cascades Slopes and Foothills,220.0,50.0,2,-0.063,-0.0,0.128
Idaho Batholith,220.0,50.0,3,0.018,0.0,-0.027
Klamath Mountains,220.0,50.0,10,0.093,-0.0,0.119
Middle Rockies,220.0,50.0,5,0.031,0.001,-0.012
North Cascades,220.0,50.0,4,0.009,0.0,0.039
Northern Basin and Range,220.0,50.0,2,-0.121,-0.001,0.005
Sierra Nevada,220.0,50.0,4,-0.05,-0.0,0.042
Southern Rockies,220.0,50.0,4,-0.009,0.0,-0.058
Wasatch and Uinta Mountains,220.0,50.0,4,-0.007,-0.001,-0.054
