eco_region,lon,lat,embed dims,rho,slope (last 20),rho reverse
Arizona/New Mexico Mountains,255.0,57.5,4,0.029,0.001,0.087
Blue Mountains,255.0,57.5,2,-0.063,0.0,-0.092
Canadian Rockies,255.0,57.5,4,0.068,-0.0,-0.067
Cascades,255.0,57.5,2,0.086,0.001,-0.107
Central Basin and Range,255.0,57.5,2,0.169,0.001,-0.029
Columbia Mountains/Northern Rockies,255.0,57.5,3,0.034,0.0,-0.046
Eastern Cascades Slopes and Foothills,255.0,57.5,8,-0.04,-0.001,-0.044
Idaho Batholith,255.0,57.5,4,0.12,0.001,-0.011
Klamath Mountains,255.0,57.5,5,-0.002,-0.0,-0.07
Middle Rockies,255.0,57.5,3,-0.017,-0.001,0.012
North Cascades,255.0,57.5,2,-0.029,-0.0,-0.053
Northern Basin and Range,255.0,57.5,4,-0.028,0.0,0.063
Sierra Nevada,255.0,57.5,3,-0.005,0.0,0.04
Southern Rockies,255.0,57.5,3,0.158,0.001,-0.024
Wasatch and Uinta Mountains,255.0,57.5,2,-0.051,-0.001,-0.016
