eco_region,lon,lat,embed dims,rho,slope (last 20),rho reverse
Arizona/New Mexico Mountains,245.0,25.0,8,0.103,0.001,0.112
Blue Mountains,245.0,25.0,8,0.009,-0.0,-0.051
Canadian Rockies,245.0,25.0,3,-0.046,-0.001,-0.061
Cascades,245.0,25.0,8,0.108,0.0,-0.032
Central Basin and Range,245.0,25.0,8,0.017,-0.001,0.046
Columbia Mountains/Northern Rockies,245.0,25.0,5,0.058,0.001,0.046
Eastern Cascades Slopes and Foothills,245.0,25.0,3,0.008,0.0,-0.033
Idaho Batholith,245.0,25.0,5,-0.015,-0.001,-0.006
Klamath Mountains,245.0,25.0,10,0.082,-0.0,0.072
Middle Rockies,245.0,25.0,6,0.054,0.001,0.018
North Cascades,245.0,25.0,4,-0.107,-0.0,-0.02
Northern Basin and Range,245.0,25.0,10,0.047,-0.0,-0.001
Sierra Nevada,245.0,25.0,6,0.014,-0.001,0.082
Southern Rockies,245.0,25.0,5,0.017,-0.0,-0.007
Wasatch and Uinta Mountains,245.0,25.0,6,-0.049,-0.002,0.036
