eco_region,lon,lat,embed dims,rho,slope (last 20),rho reverse
Arizona/New Mexico Mountains,207.5,2.5,4,0.016,0.0,0.183
Blue Mountains,207.5,2.5,4,-0.084,-0.001,-0.046
Canadian Rockies,207.5,2.5,10,0.044,-0.002,-0.006
Cascades,207.5,2.5,4,0.103,0.001,0.017
Central Basin and Range,207.5,2.5,4,-0.071,-0.001,-0.049
Columbia Mountains/Northern Rockies,207.5,2.5,8,0.032,-0.0,-0.017
Eastern Cascades Slopes and Foothills,207.5,2.5,10,0.05,0.002,0.115
Idaho Batholith,207.5,2.5,10,0.078,0.002,0.097
Klamath Mountains,207.5,2.5,8,0.167,0.001,0.166
Middle Rockies,207.5,2.5,5,0.036,-0.0,0.004
North Cascades,207.5,2.5,3,-0.001,-0.001,-0.043
Northern Basin and Range,207.5,2.5,4,-0.004,0.0,-0.016
Sierra Nevada,207.5,2.5,8,0.054,-0.0,0.073
Southern Rockies,207.5,2.5,8,0.112,0.001,0.02
Wasatch and Uinta Mountains,207.5,2.5,5,0.001,-0.0,0.044
