eco_region,lon,lat,embed dims,rho,slope (last 20),rho reverse
Arizona/New Mexico Mountains,200.0,52.5,10,-0.077,-0.002,-0.008
Blue Mountains,200.0,52.5,10,0.054,0.001,0.017
Canadian Rockies,200.0,52.5,2,0.055,-0.001,0.159
Cascades,200.0,52.5,10,0.009,-0.001,0.185
Central Basin and Range,200.0,52.5,10,-0.103,-0.002,-0.004
Columbia Mountains/Northern Rockies,200.0,52.5,9,0.182,0.001,0.318
Eastern Cascades Slopes and Foothills,200.0,52.5,8,0.026,0.0,0.013
Idaho Batholith,200.0,52.5,9,0.001,-0.0,0.248
Klamath Mountains,200.0,52.5,8,0.041,0.0,-0.024
Middle Rockies,200.0,52.5,10,0.037,0.001,0.24
North Cascades,200.0,52.5,9,0.034,-0.0,0.194
Northern Basin and Range,200.0,52.5,10,-0.132,-0.001,-0.127
Sierra Nevada,200.0,52.5,9,0.009,-0.001,-0.058
Southern Rockies,200.0,52.5,9,-0.077,0.0,0.114
Wasatch and Uinta Mountains,200.0,52.5,3,0.061,0.001,-0.024
