eco_region,lon,lat,embed dims,rho,slope (last 20),rho reverse
Arizona/New Mexico Mountains,212.5,42.5,3,0.087,0.001,0.147
Blue Mountains,212.5,42.5,3,0.124,0.001,0.016
Canadian Rockies,212.5,42.5,4,0.043,-0.0,0.109
Cascades,212.5,42.5,3,0.009,-0.002,0.05
Central Basin and Range,212.5,42.5,3,-0.062,-0.001,-0.071
Columbia Mountains/Northern Rockies,212.5,42.5,4,0.068,0.001,0.162
Eastern Cascades Slopes and Foothills,212.5,42.5,1,-0.038,-0.001,0.03
Idaho Batholith,212.5,42.5,10,0.003,0.0,-0.017
Klamath Mountains,212.5,42.5,10,-0.021,0.0,0.127
Middle Rockies,212.5,42.5,9,0.075,0.001,0.016
North Cascades,212.5,42.5,6,-0.078,-0.001,0.071
Northern Basin and Range,212.5,42.5,3,0.046,-0.0,-0.046
Sierra Nevada,212.5,42.5,4,-0.025,-0.0,-0.101
Southern Rockies,212.5,42.5,4,0.041,-0.001,-0.099
Wasatch and Uinta Mountains,212.5,42.5,7,-0.043,-0.001,-0.049
