eco_region,lon,lat,embed dims,rho,slope (last 20),rho reverse
Arizona/New Mexico Mountains,230.0,35.0,1,0.004,0.0,0.035
Blue Mountains,230.0,35.0,1,-0.009,0.0,-0.065
Canadian Rockies,230.0,35.0,7,-0.094,-0.001,0.174
Cascades,230.0,35.0,1,0.105,0.001,-0.043
Central Basin and Range,230.0,35.0,1,-0.097,-0.001,0.025
Columbia Mountains/Northern Rockies,230.0,35.0,8,0.017,-0.001,0.065
Eastern Cascades Slopes and Foothills,230.0,35.0,1,0.047,0.001,0.052
Idaho Batholith,230.0,35.0,8,-0.015,0.001,0.045
Klamath Mountains,230.0,35.0,9,0.047,-0.001,0.28
Middle Rockies,230.0,35.0,8,-0.011,-0.0,-0.056
North Cascades,230.0,35.0,7,0.03,0.001,0.091
Northern Basin and Range,230.0,35.0,1,-0.036,-0.001,-0.09
Sierra Nevada,230.0,35.0,8,0.095,0.0,0.398
Southern Rockies,230.0,35.0,8,0.016,-0.0,0.017
Wasatch and Uinta Mountains,230.0,35.0,8,-0.116,-0.002,0.102
