eco_region,lon,lat,embed dims,rho,slope (last 20),rho reverse
Arizona/New Mexico Mountains,200.0,32.5,4,0.132,0.0,-0.148
Blue Mountains,200.0,32.5,4,0.058,0.001,-0.013
Canadian Rockies,200.0,32.5,3,0.008,-0.0,-0.037
Cascades,200.0,32.5,4,0.021,0.0,-0.009
Central Basin and Range,200.0,32.5,4,0.002,-0.0,-0.084
Columbia Mountains/Northern Rockies,200.0,32.5,3,0.038,0.0,-0.033
Eastern Cascades Slopes and Foothills,200.0,32.5,4,0.046,0.001,0.147
Idaho Batholith,200.0,32.5,3,-0.098,-0.0,-0.043
Klamath Mountains,200.0,32.5,8,0.137,0.001,0.088
Middle Rockies,200.0,32.5,3,-0.064,-0.001,-0.06
North Cascades,200.0,32.5,4,0.075,0.0,0.007
Northern Basin and Range,200.0,32.5,4,-0.046,-0.0,-0.067
Sierra Nevada,200.0,32.5,3,0.068,0.001,-0.022
Southern Rockies,200.0,32.5,3,0.077,0.002,-0.05
Wasatch and Uinta Mountains,200.0,32.5,10,0.053,0.0,0.064
