eco_region,lon,lat,embed dims,rho,slope (last 20),rho reverse
Arizona/New Mexico Mountains,200.0,-12.5,6,0.091,0.0,-0.032
Blue Mountains,200.0,-12.5,6,0.261,0.002,0.082
Canadian Rockies,200.0,-12.5,5,0.244,0.002,0.065
Cascades,200.0,-12.5,6,0.294,0.002,0.194
Central Basin and Range,200.0,-12.5,6,0.104,0.002,0.162
Columbia Mountains/Northern Rockies,200.0,-12.5,10,0.313,0.002,0.23
Eastern Cascades Slopes and Foothills,200.0,-12.5,6,0.234,0.003,-0.02
Idaho Batholith,200.0,-12.5,6,0.133,0.001,0.119
Klamath Mountains,200.0,-12.5,8,0.191,0.001,0.159
Middle Rockies,200.0,-12.5,7,0.242,0.002,0.135
North Cascades,200.0,-12.5,6,0.278,0.002,0.127
Northern Basin and Range,200.0,-12.5,6,0.121,0.003,0.093
Sierra Nevada,200.0,-12.5,8,0.269,0.002,0.255
Southern Rockies,200.0,-12.5,10,0.361,0.001,0.2
Wasatch and Uinta Mountains,200.0,-12.5,6,0.224,0.001,0.173
