eco_region,lon,lat,embed dims,rho,slope (last 20),rho reverse
Arizona/New Mexico Mountains,225.0,25.0,10,0.144,0.002,0.061
Blue Mountains,225.0,25.0,10,0.296,0.002,0.234
Canadian Rockies,225.0,25.0,8,0.197,0.002,0.195
Cascades,225.0,25.0,10,0.352,0.002,0.336
Central Basin and Range,225.0,25.0,10,0.264,0.002,0.233
Columbia Mountains/Northern Rockies,225.0,25.0,10,0.288,0.002,0.311
Eastern Cascades Slopes and Foothills,225.0,25.0,9,0.285,0.003,0.206
Idaho Batholith,225.0,25.0,10,0.207,0.002,0.22
Klamath Mountains,225.0,25.0,3,0.1,0.001,0.103
Middle Rockies,225.0,25.0,2,-0.031,-0.001,-0.015
North Cascades,225.0,25.0,8,0.26,0.003,0.214
Northern Basin and Range,225.0,25.0,10,0.272,0.002,0.198
Sierra Nevada,225.0,25.0,8,0.203,0.002,0.111
Southern Rockies,225.0,25.0,10,0.266,0.001,0.212
Wasatch and Uinta Mountains,225.0,25.0,10,0.325,0.003,0.127
