eco_region,lon,lat,embed dims,rho,slope (last 20),rho reverse
Arizona/New Mexico Mountains,260.0,12.5,10,0.158,0.0,0.223
Blue Mountains,260.0,12.5,9,0.137,0.002,0.15
Canadian Rockies,260.0,12.5,10,0.203,0.001,0.223
Cascades,260.0,12.5,9,0.275,0.004,0.252
Central Basin and Range,260.0,12.5,9,0.277,0.002,0.173
Columbia Mountains/Northern Rockies,260.0,12.5,9,0.265,0.002,0.234
Eastern Cascades Slopes and Foothills,260.0,12.5,9,0.314,0.003,0.216
Idaho Batholith,260.0,12.5,10,0.13,0.001,0.119
Klamath Mountains,260.0,12.5,8,0.323,0.003,0.213
Middle Rockies,260.0,12.5,9,0.221,0.001,0.186
North Cascades,260.0,12.5,10,0.224,0.002,0.228
Northern Basin and Range,260.0,12.5,9,0.016,0.001,0.217
Sierra Nevada,260.0,12.5,10,0.261,0.002,0.171
Southern Rockies,260.0,12.5,9,0.287,0.002,0.058
Wasatch and Uinta Mountains,260.0,12.5,6,0.131,0.001,0.048
