eco_region,lon,lat,embed dims,rho,slope (last 20),rho reverse
Arizona/New Mexico Mountains,210.0,60.0,8,0.082,0.001,0.021
Blue Mountains,210.0,60.0,9,0.159,0.001,-0.031
Canadian Rockies,210.0,60.0,10,0.078,0.0,0.191
Cascades,210.0,60.0,9,0.178,0.002,0.049
Central Basin and Range,210.0,60.0,9,0.097,0.002,0.007
Columbia Mountains/Northern Rockies,210.0,60.0,9,0.057,-0.0,0.002
Eastern Cascades Slopes and Foothills,210.0,60.0,6,0.065,-0.001,-0.064
Idaho Batholith,210.0,60.0,9,0.117,0.001,0.036
Klamath Mountains,210.0,60.0,4,0.043,0.001,0.061
Middle Rockies,210.0,60.0,9,0.062,0.0,0.011
North Cascades,210.0,60.0,3,0.011,0.001,-0.065
Northern Basin and Range,210.0,60.0,8,-0.015,-0.001,-0.006
Sierra Nevada,210.0,60.0,9,0.071,0.001,0.009
Southern Rockies,210.0,60.0,9,0.064,0.001,0.034
Wasatch and Uinta Mountains,210.0,60.0,10,0.099,0.0,-0.065
