eco_region,lon,lat,embed dims,rho,slope (last 20),rho reverse
Arizona/New Mexico Mountains,272.5,10.0,7,0.119,0.001,0.201
Blue Mountains,272.5,10.0,7,0.172,0.001,0.247
Canadian Rockies,272.5,10.0,5,0.102,0.001,0.145
Cascades,272.5,10.0,7,0.327,0.001,0.257
Central Basin and Range,272.5,10.0,7,0.311,0.002,0.171
Columbia Mountains/Northern Rockies,272.5,10.0,5,0.185,0.001,0.131
Eastern Cascades Slopes and Foothills,272.5,10.0,6,0.319,0.003,0.14
Idaho Batholith,272.5,10.0,3,0.049,0.0,0.015
Klamath Mountains,272.5,10.0,9,0.376,0.002,0.143
Middle Rockies,272.5,10.0,5,0.224,0.0,0.115
North Cascades,272.5,10.0,5,0.205,0.001,0.119
Northern Basin and Range,272.5,10.0,7,0.273,0.002,0.205
Sierra Nevada,272.5,10.0,5,0.212,0.002,0.157
Southern Rockies,272.5,10.0,5,0.199,0.001,-0.009
Wasatch and Uinta Mountains,272.5,10.0,7,0.212,0.001,0.142
