eco_region,lon,lat,embed dims,rho,slope (last 20),rho reverse
Arizona/New Mexico Mountains,200.0,5.0,6,-0.034,-0.001,0.01
Blue Mountains,200.0,5.0,10,-0.03,0.0,0.036
Canadian Rockies,200.0,5.0,10,0.011,-0.001,0.051
Cascades,200.0,5.0,10,0.194,0.001,0.183
Central Basin and Range,200.0,5.0,10,0.03,-0.002,0.038
Columbia Mountains/Northern Rockies,200.0,5.0,10,-0.019,-0.001,0.166
Eastern Cascades Slopes and Foothills,200.0,5.0,5,0.008,-0.001,-0.002
Idaho Batholith,200.0,5.0,10,0.059,0.001,0.148
Klamath Mountains,200.0,5.0,9,0.24,-0.001,0.192
Middle Rockies,200.0,5.0,1,0.058,0.0,0.033
North Cascades,200.0,5.0,2,0.025,0.001,-0.072
Northern Basin and Range,200.0,5.0,6,0.004,-0.001,0.006
Sierra Nevada,200.0,5.0,10,0.064,0.0,0.086
Southern Rockies,200.0,5.0,10,0.205,0.001,0.012
Wasatch and Uinta Mountains,200.0,5.0,1,0.0,-0.0,0.008
