eco_region,lon,lat,embed dims,rho,slope (last 20),rho reverse
Arizona/New Mexico Mountains,277.5,60.0,5,0.024,0.0,0.167
Blue Mountains,277.5,60.0,5,0.026,0.0,0.051
Canadian Rockies,277.5,60.0,10,-0.033,-0.001,-0.055
Cascades,277.5,60.0,5,0.053,0.0,0.061
Central Basin and Range,277.5,60.0,5,0.052,0.0,0.071
Columbia Mountains/Northern Rockies,277.5,60.0,10,-0.11,-0.001,-0.022
Eastern Cascades Slopes and Foothills,277.5,60.0,10,-0.0,0.0,0.148
Idaho Batholith,277.5,60.0,1,-0.012,-0.0,-0.027
Klamath Mountains,277.5,60.0,6,0.002,-0.0,0.085
Middle Rockies,277.5,60.0,2,0.085,0.001,-0.048
North Cascades,277.5,60.0,2,-0.07,-0.0,-0.016
Northern Basin and Range,277.5,60.0,5,-0.112,-0.001,0.083
Sierra Nevada,277.5,60.0,1,-0.018,-0.001,0.045
Southern Rockies,277.5,60.0,10,-0.08,-0.002,0.231
Wasatch and Uinta Mountains,277.5,60.0,3,-0.098,-0.001,-0.021
