eco_region,lon,lat,embed dims,rho,slope (last 20),rho reverse
Arizona/New Mexico Mountains,192.5,-20.0,5,0.022,-0.001,-0.005
Blue Mountains,192.5,-20.0,5,0.107,-0.0,-0.037
Canadian Rockies,192.5,-20.0,5,0.118,0.001,-0.067
Cascades,192.5,-20.0,5,0.039,0.0,0.051
Central Basin and Range,192.5,-20.0,5,0.117,0.001,-0.01
Columbia Mountains/Northern Rockies,192.5,-20.0,8,0.047,0.001,-0.011
Eastern Cascades Slopes and Foothills,192.5,-20.0,7,0.133,-0.0,0.048
Idaho Batholith,192.5,-20.0,5,-0.01,-0.001,-0.113
Klamath Mountains,192.5,-20.0,8,0.199,0.0,-0.009
Middle Rockies,192.5,-20.0,8,0.053,0.001,0.063
North Cascades,192.5,-20.0,9,-0.034,0.0,0.123
Northern Basin and Range,192.5,-20.0,5,0.086,0.002,0.018
Sierra Nevada,192.5,-20.0,10,0.047,0.0,0.12
Southern Rockies,192.5,-20.0,8,0.196,0.002,0.11
Wasatch and Uinta Mountains,192.5,-20.0,10,0.108,0.001,0.18
