eco_region,lon,lat,embed dims,rho,slope (last 20),rho reverse
Arizona/New Mexico Mountains,205.0,0.0,4,0.008,-0.001,0.067
Blue Mountains,205.0,0.0,10,0.295,0.003,0.225
Canadian Rockies,205.0,0.0,10,0.411,0.002,0.211
Cascades,205.0,0.0,10,0.352,0.003,0.325
Central Basin and Range,205.0,0.0,10,0.362,0.003,0.234
Columbia Mountains/Northern Rockies,205.0,0.0,10,0.364,0.003,0.282
Eastern Cascades Slopes and Foothills,205.0,0.0,5,0.27,0.002,0.132
Idaho Batholith,205.0,0.0,10,0.307,0.001,0.241
Klamath Mountains,205.0,0.0,7,0.169,0.0,0.191
Middle Rockies,205.0,0.0,5,0.135,0.0,0.118
North Cascades,205.0,0.0,3,0.036,0.0,0.002
Northern Basin and Range,205.0,0.0,10,0.295,0.003,0.215
Sierra Nevada,205.0,0.0,7,0.302,0.001,0.236
Southern Rockies,205.0,0.0,10,0.391,0.002,0.237
Wasatch and Uinta Mountains,205.0,0.0,4,0.091,-0.0,0.19
