eco_region,lon,lat,embed dims,rho,slope (last 20),rho reverse
Arizona/New Mexico Mountains,180.0,7.5,10,0.005,0.0,0.069
Blue Mountains,180.0,7.5,10,0.081,0.001,-0.07
Canadian Rockies,180.0,7.5,8,0.123,-0.0,0.061
Cascades,180.0,7.5,10,0.04,0.001,-0.019
Central Basin and Range,180.0,7.5,10,0.11,-0.001,-0.031
Columbia Mountains/Northern Rockies,180.0,7.5,7,0.052,-0.001,-0.001
Eastern Cascades Slopes and Foothills,180.0,7.5,10,0.08,0.0,0.09
Idaho Batholith,180.0,7.5,7,-0.038,-0.0,-0.045
Klamath Mountains,180.0,7.5,9,0.283,0.0,0.208
Middle Rockies,180.0,7.5,1,0.032,0.0,0.03
North Cascades,180.0,7.5,2,0.129,0.001,-0.01
Northern Basin and Range,180.0,7.5,10,0.096,-0.0,-0.043
Sierra Nevada,180.0,7.5,8,0.097,0.0,0.028
Southern Rockies,180.0,7.5,7,0.158,0.0,-0.01
Wasatch and Uinta Mountains,180.0,7.5,1,0.039,-0.0,-0.029
