eco_region,lon,lat,embed dims,rho,slope (last 20),rho reverse
Arizona/New Mexico Mountains,197.5,-12.5,6,0.035,-0.001,0.085
Blue Mountains,197.5,-12.5,6,0.196,0.0,0.101
Canadian Rockies,197.5,-12.5,5,0.146,0.001,-0.019
Cascades,197.5,-12.5,6,0.274,0.002,0.155
Central Basin and Range,197.5,-12.5,6,0.112,-0.0,0.106
Columbia Mountains/Northern Rockies,197.5,-12.5,8,0.222,0.001,0.05
Eastern Cascades Slopes and Foothills,197.5,-12.5,3,0.056,-0.001,-0.095
Idaho Batholith,197.5,-12.5,6,0.061,0.001,0.1
Klamath Mountains,197.5,-12.5,8,0.304,0.002,0.059
Middle Rockies,197.5,-12.5,1,0.074,-0.0,0.046
North Cascades,197.5,-12.5,5,0.108,0.001,0.057
Northern Basin and Range,197.5,-12.5,6,0.088,0.0,0.154
Sierra Nevada,197.5,-12.5,8,0.094,0.0,0.12
Southern Rockies,197.5,-12.5,8,0.27,0.003,0.209
Wasatch and Uinta Mountains,197.5,-12.5,6,0.078,0.0,0.134
