eco_region,lon,lat,embed dims,rho,slope (last 20),rho reverse
Arizona/New Mexico Mountains,257.5,-12.5,10,0.15,0.001,0.047
Blue Mountains,257.5,-12.5,10,0.242,0.002,0.341
Canadian Rockies,257.5,-12.5,4,0.16,0.0,0.252
Cascades,257.5,-12.5,10,0.259,0.005,0.302
Central Basin and Range,257.5,-12.5,10,0.34,0.002,0.233
Columbia Mountains/Northern Rockies,257.5,-12.5,4,0.24,0.001,0.207
Eastern Cascades Slopes and Foothills,257.5,-12.5,9,0.201,0.002,0.241
Idaho Batholith,257.5,-12.5,4,0.234,-0.0,0.205
Klamath Mountains,257.5,-12.5,3,0.015,-0.0,0.05
Middle Rockies,257.5,-12.5,9,0.381,0.001,0.337
North Cascades,257.5,-12.5,4,0.234,0.002,0.071
Northern Basin and Range,257.5,-12.5,10,0.264,0.001,0.33
Sierra Nevada,257.5,-12.5,4,0.081,0.0,0.136
Southern Rockies,257.5,-12.5,4,0.144,0.0,0.135
Wasatch and Uinta Mountains,257.5,-12.5,3,0.198,0.001,0.086
