eco_region,lon,lat,embed dims,rho,slope (last 20),rho reverse
Arizona/New Mexico Mountains,225.0,47.5,2,-0.052,-0.001,0.187
Blue Mountains,225.0,47.5,2,0.048,0.001,0.096
Canadian Rockies,225.0,47.5,4,-0.028,-0.0,0.009
Cascades,225.0,47.5,2,-0.041,-0.002,0.041
Central Basin and Range,225.0,47.5,2,0.01,0.001,0.069
Columbia Mountains/Northern Rockies,225.0,47.5,5,0.052,0.0,0.057
Eastern Cascades Slopes and Foothills,225.0,47.5,2,0.004,0.0,0.142
Idaho Batholith,225.0,47.5,5,-0.01,-0.0,0.007
Klamath Mountains,225.0,47.5,2,0.187,0.001,0.1
Middle Rockies,225.0,47.5,5,-0.067,-0.001,-0.033
North Cascades,225.0,47.5,10,-0.008,-0.001,0.028
Northern Basin and Range,225.0,47.5,2,-0.094,-0.0,0.089
Sierra Nevada,225.0,47.5,5,0.027,0.0,0.152
Southern Rockies,225.0,47.5,5,0.03,0.001,-0.006
Wasatch and Uinta Mountains,225.0,47.5,6,-0.039,-0.001,0.005
