eco_region,lon,lat,embed dims,rho,slope (last 20),rho reverse
Arizona/New Mexico Mountains,257.5,45.0,1,-0.073,-0.001,0.001
Blue Mountains,257.5,45.0,1,-0.096,-0.001,0.087
Canadian Rockies,257.5,45.0,7,-0.079,-0.001,0.12
Cascades,257.5,45.0,1,0.036,-0.0,0.044
Central Basin and Range,257.5,45.0,1,0.053,0.001,0.072
Columbia Mountains/Northern Rockies,257.5,45.0,2,0.146,0.001,0.219
Eastern Cascades Slopes and Foothills,257.5,45.0,1,-0.072,-0.001,0.032
Idaho Batholith,257.5,45.0,2,0.039,-0.0,0.176
Klamath Mountains,257.5,45.0,2,-0.004,-0.001,0.131
Middle Rockies,257.5,45.0,10,0.089,-0.001,0.307
North Cascades,257.5,45.0,9,0.179,0.001,0.27
Northern Basin and Range,257.5,45.0,1,-0.148,-0.001,0.08
Sierra Nevada,257.5,45.0,1,0.015,-0.001,0.001
Southern Rockies,257.5,45.0,2,-0.063,-0.0,0.061
Wasatch and Uinta Mountains,257.5,45.0,9,0.055,0.0,0.179
