eco_region,lon,lat,embed dims,rho,slope (last 20),rho reverse
Arizona/New Mexico Mountains,262.5,10.0,9,0.063,0.001,0.256
Blue Mountains,262.5,10.0,7,-0.019,0.0,0.054
Canadian Rockies,262.5,10.0,10,-0.029,0.0,0.035
Cascades,262.5,10.0,7,0.091,-0.0,0.054
Central Basin and Range,262.5,10.0,7,0.107,0.0,0.038
Columbia Mountains/Northern Rockies,262.5,10.0,10,0.111,-0.0,0.054
Eastern Cascades Slopes and Foothills,262.5,10.0,9,0.229,0.002,0.035
Idaho Batholith,262.5,10.0,5,-0.059,-0.001,0.011
Klamath Mountains,262.5,10.0,8,0.025,-0.0,0.05
Middle Rockies,262.5,10.0,9,0.154,0.001,0.002
North Cascades,262.5,10.0,10,0.115,0.001,0.101
Northern Basin and Range,262.5,10.0,9,0.03,0.001,0.16
Sierra Nevada,262.5,10.0,10,0.186,0.001,0.094
Southern Rockies,262.5,10.0,10,0.002,-0.001,-0.04
Wasatch and Uinta Mountains,262.5,10.0,6,-0.157,-0.002,0.042
