eco_region,lon,lat,embed dims,rho,slope (last 20),rho reverse
Arizona/New Mexico Mountains,187.5,5.0,10,-0.024,0.0,-0.008
Blue Mountains,187.5,5.0,10,0.071,0.001,0.028
Canadian Rockies,187.5,5.0,10,0.017,-0.001,-0.024
Cascades,187.5,5.0,10,0.122,0.001,0.112
Central Basin and Range,187.5,5.0,10,0.14,-0.001,-0.03
Columbia Mountains/Northern Rockies,187.5,5.0,7,-0.014,-0.001,-0.079
Eastern Cascades Slopes and Foothills,187.5,5.0,2,0.11,0.001,0.144
Idaho Batholith,187.5,5.0,8,-0.038,-0.001,0.008
Klamath Mountains,187.5,5.0,9,0.274,-0.001,0.184
Middle Rockies,187.5,5.0,1,0.04,0.0,0.031
North Cascades,187.5,5.0,2,0.092,0.001,0.026
Northern Basin and Range,187.5,5.0,10,0.103,-0.0,-0.029
Sierra Nevada,187.5,5.0,7,0.059,0.0,-0.027
Southern Rockies,187.5,5.0,7,0.145,0.0,0.013
Wasatch and Uinta Mountains,187.5,5.0,1,0.008,-0.0,0.08
