eco_region,lon,lat,embed dims,rho,slope (last 20),rho reverse
Arizona/New Mexico Mountains,212.5,-7.5,8,0.156,0.001,0.085
Blue Mountains,212.5,-7.5,10,0.243,0.002,0.317
Canadian Rockies,212.5,-7.5,10,0.36,0.002,0.247
Cascades,212.5,-7.5,10,0.295,0.003,0.375
Central Basin and Range,212.5,-7.5,10,0.347,0.002,0.363
Columbia Mountains/Northern Rockies,212.5,-7.5,5,0.244,0.001,0.148
Eastern Cascades Slopes and Foothills,212.5,-7.5,9,0.202,0.001,0.239
Idaho Batholith,212.5,-7.5,10,0.305,0.001,0.323
Klamath Mountains,212.5,-7.5,8,0.238,0.001,0.252
Middle Rockies,212.5,-7.5,5,0.161,0.0,0.178
North Cascades,212.5,-7.5,3,0.015,-0.0,0.006
Northern Basin and Range,212.5,-7.5,8,0.142,0.001,0.286
Sierra Nevada,212.5,-7.5,5,0.163,0.001,0.206
Southern Rockies,212.5,-7.5,5,0.125,0.001,0.179
Wasatch and Uinta Mountains,212.5,-7.5,9,0.372,0.002,0.344
