eco_region,lon,lat,embed dims,rho,slope (last 20),rho reverse
Arizona/New Mexico Mountains,277.5,25.0,5,0.045,-0.001,0.076
Blue Mountains,277.5,25.0,5,0.018,0.002,0.041
Canadian Rockies,277.5,25.0,8,0.026,-0.0,0.127
Cascades,277.5,25.0,5,0.049,0.0,0.051
Central Basin and Range,277.5,25.0,5,0.089,0.001,0.091
Columbia Mountains/Northern Rockies,277.5,25.0,5,0.025,-0.0,0.017
Eastern Cascades Slopes and Foothills,277.5,25.0,2,-0.015,-0.0,0.015
Idaho Batholith,277.5,25.0,9,0.207,0.001,0.163
Klamath Mountains,277.5,25.0,2,0.104,0.001,0.081
Middle Rockies,277.5,25.0,3,0.005,-0.001,0.013
North Cascades,277.5,25.0,5,-0.01,-0.001,0.061
Northern Basin and Range,277.5,25.0,2,-0.133,-0.002,-0.011
Sierra Nevada,277.5,25.0,10,0.205,0.002,0.114
Southern Rockies,277.5,25.0,5,0.082,0.0,0.066
Wasatch and Uinta Mountains,277.5,25.0,1,-0.048,-0.001,-0.087
