eco_region,lon,lat,embed dims,rho,slope (last 20),rho reverse
Arizona/New Mexico Mountains,202.5,37.5,1,0.064,0.0,0.071
Blue Mountains,202.5,37.5,1,-0.016,-0.001,-0.022
Canadian Rockies,202.5,37.5,8,0.117,0.0,0.079
Cascades,202.5,37.5,1,0.065,0.0,0.015
Central Basin and Range,202.5,37.5,1,0.022,0.0,0.0
Columbia Mountains/Northern Rockies,202.5,37.5,6,0.095,0.002,0.117
Eastern Cascades Slopes and Foothills,202.5,37.5,1,-0.076,-0.002,-0.024
Idaho Batholith,202.5,37.5,7,0.031,0.0,0.066
Klamath Mountains,202.5,37.5,3,0.085,0.002,0.005
Middle Rockies,202.5,37.5,4,-0.004,0.0,-0.028
North Cascades,202.5,37.5,6,0.099,0.001,0.178
Northern Basin and Range,202.5,37.5,1,-0.052,-0.0,0.011
Sierra Nevada,202.5,37.5,6,-0.019,0.0,0.02
Southern Rockies,202.5,37.5,6,0.1,0.001,-0.051
Wasatch and Uinta Mountains,202.5,37.5,10,0.133,0.002,0.227
