eco_region,lon,lat,embed dims,rho,slope (last 20),rho reverse
Arizona/New Mexico Mountains,207.5,35.0,3,0.139,0.0,0.084
Blue Mountains,207.5,35.0,3,0.008,0.001,0.067
Canadian Rockies,207.5,35.0,7,0.103,0.001,-0.057
Cascades,207.5,35.0,3,0.036,-0.001,0.095
Central Basin and Range,207.5,35.0,3,0.021,-0.0,0.029
Columbia Mountains/Northern Rockies,207.5,35.0,7,0.164,0.001,0.024
Eastern Cascades Slopes and Foothills,207.5,35.0,3,0.027,0.001,0.009
Idaho Batholith,207.5,35.0,7,0.151,0.001,0.005
Klamath Mountains,207.5,35.0,8,0.19,0.002,0.095
Middle Rockies,207.5,35.0,7,0.127,0.001,0.021
North Cascades,207.5,35.0,5,0.094,0.001,0.131
Northern Basin and Range,207.5,35.0,3,-0.027,0.0,0.019
Sierra Nevada,207.5,35.0,7,0.143,0.0,0.145
Southern Rockies,207.5,35.0,7,0.126,0.001,0.128
Wasatch and Uinta Mountains,207.5,35.0,7,0.143,0.0,0.18
