eco_region,lon,lat,embed dims,rho,slope (last 20),rho reverse
Arizona/New Mexico Mountains,255.0,-2.5,10,0.183,0.0,0.068
Blue Mountains,255.0,-2.5,10,0.184,0.003,0.33
Canadian Rockies,255.0,-2.5,10,0.434,0.002,0.375
Cascades,255.0,-2.5,10,0.348,0.004,0.411
Central Basin and Range,255.0,-2.5,10,0.339,0.002,0.264
Columbia Mountains/Northern Rockies,255.0,-2.5,7,0.334,0.001,0.325
Eastern Cascades Slopes and Foothills,255.0,-2.5,9,0.278,0.003,0.266
Idaho Batholith,255.0,-2.5,9,0.352,0.002,0.296
Klamath Mountains,255.0,-2.5,10,0.404,0.002,0.276
Middle Rockies,255.0,-2.5,3,0.122,-0.001,0.146
North Cascades,255.0,-2.5,10,0.356,0.002,0.364
Northern Basin and Range,255.0,-2.5,10,0.27,0.002,0.322
Sierra Nevada,255.0,-2.5,7,0.184,0.0,0.148
Southern Rockies,255.0,-2.5,7,0.401,0.002,0.231
Wasatch and Uinta Mountains,255.0,-2.5,8,0.363,0.002,0.267
