eco_region,lon,lat,embed dims,rho,slope (last 20),rho reverse
Arizona/New Mexico Mountains,202.5,20.0,10,0.227,0.002,0.16
Blue Mountains,202.5,20.0,10,0.329,0.003,0.213
Canadian Rockies,202.5,20.0,3,0.08,0.0,-0.017
Cascades,202.5,20.0,10,0.382,0.002,0.39
Central Basin and Range,202.5,20.0,10,0.355,0.003,0.242
Columbia Mountains/Northern Rockies,202.5,20.0,3,0.051,0.001,-0.098
Eastern Cascades Slopes and Foothills,202.5,20.0,9,0.325,0.002,0.273
Idaho Batholith,202.5,20.0,3,0.049,0.0,-0.088
Klamath Mountains,202.5,20.0,10,0.352,0.002,0.314
Middle Rockies,202.5,20.0,5,0.167,0.002,0.115
North Cascades,202.5,20.0,9,0.345,0.002,0.288
Northern Basin and Range,202.5,20.0,10,0.349,0.003,0.224
Sierra Nevada,202.5,20.0,7,0.187,0.001,0.147
Southern Rockies,202.5,20.0,3,0.106,0.0,-0.025
Wasatch and Uinta Mountains,202.5,20.0,7,0.209,0.002,0.224
