eco_region,lon,lat,embed dims,rho,slope (last 20),rho reverse
Arizona/New Mexico Mountains,207.5,-10.0,6,0.121,0.001,0.04
Blue Mountains,207.5,-10.0,6,0.268,0.002,0.212
Canadian Rockies,207.5,-10.0,5,0.281,0.002,0.14
Cascades,207.5,-10.0,6,0.328,0.002,0.253
Central Basin and Range,207.5,-10.0,6,0.185,0.003,0.233
Columbia Mountains/Northern Rockies,207.5,-10.0,5,0.254,0.002,0.169
Eastern Cascades Slopes and Foothills,207.5,-10.0,4,0.15,0.001,0.1
Idaho Batholith,207.5,-10.0,9,0.253,0.002,0.332
Klamath Mountains,207.5,-10.0,4,0.299,0.001,0.207
Middle Rockies,207.5,-10.0,7,0.274,0.002,0.233
North Cascades,207.5,-10.0,8,0.312,0.002,0.262
Northern Basin and Range,207.5,-10.0,6,0.131,0.003,0.19
Sierra Nevada,207.5,-10.0,5,0.172,0.001,0.173
Southern Rockies,207.5,-10.0,5,0.177,0.001,0.212
Wasatch and Uinta Mountains,207.5,-10.0,7,0.312,0.001,0.311
