eco_region,lon,lat,embed dims,rho,slope (last 20),rho reverse
Arizona/New Mexico Mountains,275.0,10.0,7,0.077,-0.001,0.142
Blue Mountains,275.0,10.0,7,0.039,0.0,-0.004
Canadian Rockies,275.0,10.0,4,-0.016,-0.0,0.016
Cascades,275.0,10.0,7,0.048,-0.001,-0.074
Central Basin and Range,275.0,10.0,7,0.183,0.0,-0.061
Columbia Mountains/Northern Rockies,275.0,10.0,5,0.086,0.002,-0.039
Eastern Cascades Slopes and Foothills,275.0,10.0,9,0.219,0.002,0.128
Idaho Batholith,275.0,10.0,4,-0.07,-0.001,0.02
Klamath Mountains,275.0,10.0,9,0.052,-0.0,0.145
Middle Rockies,275.0,10.0,6,0.052,0.0,0.057
North Cascades,275.0,10.0,7,0.082,0.001,0.016
Northern Basin and Range,275.0,10.0,6,0.029,-0.0,0.036
Sierra Nevada,275.0,10.0,5,0.021,-0.0,0.17
Southern Rockies,275.0,10.0,5,-0.07,-0.0,0.036
Wasatch and Uinta Mountains,275.0,10.0,10,0.105,-0.0,0.021
