eco_region,lon,lat,embed dims,rho,slope (last 20),rho reverse
Arizona/New Mexico Mountains,210.0,45.0,1,0.036,-0.0,-0.047
Blue Mountains,210.0,45.0,9,0.232,0.002,0.094
Canadian Rockies,210.0,45.0,4,0.106,0.001,-0.013
Cascades,210.0,45.0,9,0.221,0.002,0.082
Central Basin and Range,210.0,45.0,9,0.157,0.002,0.065
Columbia Mountains/Northern Rockies,210.0,45.0,10,0.245,0.003,0.147
Eastern Cascades Slopes and Foothills,210.0,45.0,1,-0.006,-0.001,-0.077
Idaho Batholith,210.0,45.0,9,0.124,0.001,0.043
Klamath Mountains,210.0,45.0,10,0.177,0.001,0.056
Middle Rockies,210.0,45.0,10,0.017,-0.0,0.021
North Cascades,210.0,45.0,6,0.07,0.001,0.068
Northern Basin and Range,210.0,45.0,10,0.022,-0.0,0.051
Sierra Nevada,210.0,45.0,10,0.128,0.001,0.046
Southern Rockies,210.0,45.0,10,0.137,0.001,-0.0
Wasatch and Uinta Mountains,210.0,45.0,4,0.101,0.002,0.019
