eco_region,lon,lat,embed dims,rho,slope (last 20),rho reverse
Arizona/New Mexico Mountains,222.5,-7.5,9,0.146,0.0,0.238
Blue Mountains,222.5,-7.5,10,0.034,0.001,0.135
Canadian Rockies,222.5,-7.5,5,-0.001,-0.001,-0.02
Cascades,222.5,-7.5,10,0.157,0.001,0.191
Central Basin and Range,222.5,-7.5,10,0.085,-0.002,0.134
Columbia Mountains/Northern Rockies,222.5,-7.5,9,0.067,-0.001,0.188
Eastern Cascades Slopes and Foothills,222.5,-7.5,10,0.135,0.002,0.21
Idaho Batholith,222.5,-7.5,9,0.12,0.001,0.141
Klamath Mountains,222.5,-7.5,7,0.096,0.0,0.147
Middle Rockies,222.5,-7.5,5,0.051,0.0,0.023
North Cascades,222.5,-7.5,3,0.06,-0.0,0.079
Northern Basin and Range,222.5,-7.5,9,-0.043,0.0,0.128
Sierra Nevada,222.5,-7.5,6,0.051,-0.0,0.154
Southern Rockies,222.5,-7.5,9,-0.024,-0.001,0.086
Wasatch and Uinta Mountains,222.5,-7.5,5,-0.089,-0.001,0.128
