eco_region,lon,lat,embed dims,rho,slope (last 20),rho reverse
Arizona/New Mexico Mountains,265.0,-2.5,10,0.231,0.003,0.189
Blue Mountains,265.0,-2.5,10,0.277,0.003,0.291
Canadian Rockies,265.0,-2.5,7,0.253,0.001,0.308
Cascades,265.0,-2.5,10,0.393,0.003,0.388
Central Basin and Range,265.0,-2.5,10,0.431,0.004,0.306
Columbia Mountains/Northern Rockies,265.0,-2.5,3,-0.036,-0.001,0.098
Eastern Cascades Slopes and Foothills,265.0,-2.5,9,0.387,0.001,0.28
Idaho Batholith,265.0,-2.5,5,0.15,0.001,0.095
Klamath Mountains,265.0,-2.5,9,0.436,0.001,0.345
Middle Rockies,265.0,-2.5,6,0.241,0.001,0.253
North Cascades,265.0,-2.5,10,0.273,0.003,0.309
Northern Basin and Range,265.0,-2.5,10,0.277,0.002,0.366
Sierra Nevada,265.0,-2.5,5,0.252,0.001,0.095
Southern Rockies,265.0,-2.5,3,-0.027,-0.0,0.021
Wasatch and Uinta Mountains,265.0,-2.5,6,0.193,0.001,0.145
