eco_region,lon,lat,embed dims,rho,slope (last 20),rho reverse
Arizona/New Mexico Mountains,192.5,60.0,1,0.024,0.0,0.169
Blue Mountains,192.5,60.0,1,-0.029,-0.0,-0.022
Canadian Rockies,192.5,60.0,8,0.172,0.001,0.224
Cascades,192.5,60.0,1,-0.002,0.0,-0.004
Central Basin and Range,192.5,60.0,1,-0.056,-0.001,0.004
Columbia Mountains/Northern Rockies,192.5,60.0,10,0.158,0.0,0.188
Eastern Cascades Slopes and Foothills,192.5,60.0,2,-0.143,-0.001,-0.021
Idaho Batholith,192.5,60.0,10,0.064,0.0,0.08
Klamath Mountains,192.5,60.0,10,0.124,0.0,-0.056
Middle Rockies,192.5,60.0,2,0.04,-0.0,0.1
North Cascades,192.5,60.0,2,0.131,0.001,0.106
Northern Basin and Range,192.5,60.0,1,-0.012,-0.0,-0.085
Sierra Nevada,192.5,60.0,2,-0.045,0.001,0.032
Southern Rockies,192.5,60.0,10,0.068,0.002,0.068
Wasatch and Uinta Mountains,192.5,60.0,1,-0.08,-0.002,0.038
