eco_region,lon,lat,embed dims,rho,slope (last 20),rho reverse
Arizona/New Mexico Mountains,242.5,5.0,8,0.169,0.0,0.098
Blue Mountains,242.5,5.0,10,0.252,0.003,0.156
Canadian Rockies,242.5,5.0,8,0.284,0.0,0.22
Cascades,242.5,5.0,10,0.378,0.004,0.263
Central Basin and Range,242.5,5.0,10,0.359,0.004,0.075
Columbia Mountains/Northern Rockies,242.5,5.0,7,0.304,0.002,0.258
Eastern Cascades Slopes and Foothills,242.5,5.0,9,0.352,0.002,0.1
Idaho Batholith,242.5,5.0,9,0.215,0.001,0.161
Klamath Mountains,242.5,5.0,8,0.393,0.001,0.17
Middle Rockies,242.5,5.0,9,0.305,0.001,0.191
North Cascades,242.5,5.0,5,0.184,0.002,0.13
Northern Basin and Range,242.5,5.0,8,0.142,0.002,0.26
Sierra Nevada,242.5,5.0,7,0.162,0.0,0.181
Southern Rockies,242.5,5.0,7,0.097,-0.0,0.155
Wasatch and Uinta Mountains,242.5,5.0,8,0.172,0.002,0.11
