eco_region,lon,lat,embed dims,rho,slope (last 20),rho reverse
Arizona/New Mexico Mountains,280.0,37.5,6,-0.0,-0.001,0.086
Blue Mountains,280.0,37.5,6,0.099,0.0,0.077
Canadian Rockies,280.0,37.5,4,-0.046,-0.0,0.127
Cascades,280.0,37.5,6,0.029,0.001,-0.029
Central Basin and Range,280.0,37.5,6,0.057,-0.001,0.054
Columbia Mountains/Northern Rockies,280.0,37.5,5,0.032,-0.0,0.094
Eastern Cascades Slopes and Foothills,280.0,37.5,6,0.157,0.002,0.09
Idaho Batholith,280.0,37.5,5,0.023,-0.0,0.134
Klamath Mountains,280.0,37.5,1,0.103,0.001,-0.033
Middle Rockies,280.0,37.5,8,-0.033,0.0,0.094
North Cascades,280.0,37.5,2,0.0,-0.0,-0.15
Northern Basin and Range,280.0,37.5,6,0.064,-0.0,0.019
Sierra Nevada,280.0,37.5,8,-0.01,-0.0,0.007
Southern Rockies,280.0,37.5,5,-0.099,-0.001,0.07
Wasatch and Uinta Mountains,280.0,37.5,4,-0.083,0.0,-0.007
