eco_region,lon,lat,embed dims,rho,slope (last 20),rho reverse
Arizona/New Mexico Mountains,280.0,17.5,7,0.091,-0.002,0.099
Blue Mountains,280.0,17.5,9,0.018,-0.001,0.072
Canadian Rockies,280.0,17.5,2,-0.049,-0.0,0.17
Cascades,280.0,17.5,9,0.031,-0.0,0.088
Central Basin and Range,280.0,17.5,9,0.07,-0.001,0.141
Columbia Mountains/Northern Rockies,280.0,17.5,2,-0.044,-0.0,0.1
Eastern Cascades Slopes and Foothills,280.0,17.5,7,-0.01,-0.0,0.193
Idaho Batholith,280.0,17.5,7,-0.034,-0.0,-0.014
Klamath Mountains,280.0,17.5,7,0.14,0.001,0.249
Middle Rockies,280.0,17.5,2,0.042,0.0,0.12
North Cascades,280.0,17.5,6,-0.108,-0.002,-0.04
Northern Basin and Range,280.0,17.5,7,0.036,-0.001,0.008
Sierra Nevada,280.0,17.5,2,0.074,0.001,0.026
Southern Rockies,280.0,17.5,2,-0.062,-0.001,0.032
Wasatch and Uinta Mountains,280.0,17.5,3,-0.021,-0.001,-0.074
