eco_region,lon,lat,embed dims,rho,slope (last 20),rho reverse
Arizona/New Mexico Mountains,247.5,22.5,10,0.106,0.001,0.086
Blue Mountains,247.5,22.5,10,0.022,-0.0,0.018
Canadian Rockies,247.5,22.5,1,-0.077,-0.001,0.08
Cascades,247.5,22.5,10,0.122,0.002,0.144
Central Basin and Range,247.5,22.5,10,0.182,0.003,0.089
Columbia Mountains/Northern Rockies,247.5,22.5,5,0.041,-0.0,-0.047
Eastern Cascades Slopes and Foothills,247.5,22.5,3,-0.106,-0.002,0.057
Idaho Batholith,247.5,22.5,5,-0.028,-0.002,-0.021
Klamath Mountains,247.5,22.5,10,0.144,-0.0,0.128
Middle Rockies,247.5,22.5,6,0.044,-0.001,0.114
North Cascades,247.5,22.5,1,-0.036,-0.0,0.027
Northern Basin and Range,247.5,22.5,10,0.012,-0.001,0.087
Sierra Nevada,247.5,22.5,10,0.134,0.002,0.122
Southern Rockies,247.5,22.5,5,0.027,0.0,0.044
Wasatch and Uinta Mountains,247.5,22.5,3,-0.055,0.0,-0.042
