eco_region,lon,lat,embed dims,rho,slope (last 20),rho reverse
Arizona/New Mexico Mountains,272.5,-20.0,10,0.244,0.003,0.116
Blue Mountains,272.5,-20.0,10,0.229,0.001,0.208
Canadian Rockies,272.5,-20.0,8,0.267,0.0,0.141
Cascades,272.5,-20.0,10,0.301,0.003,0.19
Central Basin and Range,272.5,-20.0,10,0.334,0.002,0.109
Columbia Mountains/Northern Rockies,272.5,-20.0,10,0.404,0.003,0.258
Eastern Cascades Slopes and Foothills,272.5,-20.0,9,0.283,0.001,0.219
Idaho Batholith,272.5,-20.0,8,0.292,0.001,0.171
Klamath Mountains,272.5,-20.0,3,-0.071,-0.001,0.024
Middle Rockies,272.5,-20.0,10,0.305,0.002,0.156
North Cascades,272.5,-20.0,7,0.199,0.002,0.049
Northern Basin and Range,272.5,-20.0,10,0.263,0.002,0.253
Sierra Nevada,272.5,-20.0,10,0.293,0.002,0.111
Southern Rockies,272.5,-20.0,10,0.42,0.003,0.134
Wasatch and Uinta Mountains,272.5,-20.0,6,0.165,0.001,0.103
