eco_region,lon,lat,embed dims,rho,slope (last 20),rho reverse
Arizona/New Mexico Mountains,242.5,5.0,8,0.068,0.0,0.07
Blue Mountains,242.5,5.0,10,0.029,0.0,0.096
Canadian Rockies,242.5,5.0,8,0.092,0.001,0.203
Cascades,242.5,5.0,10,0.248,0.002,0.221
Central Basin and Range,242.5,5.0,10,0.177,-0.001,0.039
Columbia Mountains/Northern Rockies,242.5,5.0,7,0.097,0.0,0.106
Eastern Cascades Slopes and Foothills,242.5,5.0,9,0.181,0.002,-0.018
Idaho Batholith,242.5,5.0,9,0.101,-0.0,0.114
Klamath Mountains,242.5,5.0,8,0.078,0.001,0.025
Middle Rockies,242.5,5.0,9,0.191,0.001,0.173
North Cascades,242.5,5.0,5,0.122,0.0,0.054
Northern Basin and Range,242.5,5.0,8,0.029,0.0,-0.049
Sierra Nevada,242.5,5.0,7,0.071,-0.001,0.006
Southern Rockies,242.5,5.0,7,-0.061,-0.0,0.07
Wasatch and Uinta Mountains,242.5,5.0,8,-0.117,-0.001,0.074
