eco_region,lon,lat,embed dims,rho,slope (last 20),rho reverse
Arizona/New Mexico Mountains,195.0,-2.5,10,0.174,0.003,0.082
Blue Mountains,195.0,-2.5,10,0.208,0.002,0.11
Canadian Rockies,195.0,-2.5,10,0.168,0.001,0.185
Cascades,195.0,-2.5,10,0.259,0.003,0.189
Central Basin and Range,195.0,-2.5,10,0.224,0.002,0.179
Columbia Mountains/Northern Rockies,195.0,-2.5,9,0.188,0.001,0.11
Eastern Cascades Slopes and Foothills,195.0,-2.5,5,0.146,0.001,0.13
Idaho Batholith,195.0,-2.5,10,0.114,0.002,0.117
Klamath Mountains,195.0,-2.5,9,0.295,0.001,0.153
Middle Rockies,195.0,-2.5,1,0.049,0.0,-0.088
North Cascades,195.0,-2.5,3,0.161,0.002,0.012
Northern Basin and Range,195.0,-2.5,10,0.173,0.003,0.164
Sierra Nevada,195.0,-2.5,8,0.223,0.001,0.142
Southern Rockies,195.0,-2.5,9,0.328,0.002,0.248
Wasatch and Uinta Mountains,195.0,-2.5,5,0.073,0.001,0.161
