eco_region,lon,lat,embed dims,rho,slope (last 20),rho reverse
Arizona/New Mexico Mountains,222.5,30.0,10,0.098,0.002,0.167
Blue Mountains,222.5,30.0,10,0.245,0.001,0.197
Canadian Rockies,222.5,30.0,10,0.168,0.002,0.238
Cascades,222.5,30.0,10,0.294,0.002,0.277
Central Basin and Range,222.5,30.0,10,0.212,0.002,0.289
Columbia Mountains/Northern Rockies,222.5,30.0,8,0.16,0.001,0.118
Eastern Cascades Slopes and Foothills,222.5,30.0,10,0.207,0.002,0.182
Idaho Batholith,222.5,30.0,8,0.105,0.001,0.072
Klamath Mountains,222.5,30.0,10,0.208,0.002,0.085
Middle Rockies,222.5,30.0,8,0.203,0.001,0.118
North Cascades,222.5,30.0,10,0.163,0.001,0.298
Northern Basin and Range,222.5,30.0,10,0.178,0.001,0.232
Sierra Nevada,222.5,30.0,8,0.186,0.002,0.307
Southern Rockies,222.5,30.0,8,0.154,0.003,0.233
Wasatch and Uinta Mountains,222.5,30.0,10,0.285,0.002,0.246
