eco_region,lon,lat,embed dims,rho,slope (last 20),rho reverse
Arizona/New Mexico Mountains,247.5,60.0,4,-0.038,-0.001,-0.018
Blue Mountains,247.5,60.0,4,-0.049,-0.0,0.046
Canadian Rockies,247.5,60.0,1,0.0,0.0,0.015
Cascades,247.5,60.0,4,0.074,0.0,0.089
Central Basin and Range,247.5,60.0,4,-0.054,-0.001,0.02
Columbia Mountains/Northern Rockies,247.5,60.0,3,0.093,0.001,0.002
Eastern Cascades Slopes and Foothills,247.5,60.0,10,0.062,0.0,0.037
Idaho Batholith,247.5,60.0,3,0.04,0.0,-0.111
Klamath Mountains,247.5,60.0,1,-0.067,-0.0,0.03
Middle Rockies,247.5,60.0,3,0.052,0.0,-0.034
North Cascades,247.5,60.0,2,0.042,0.0,0.125
Northern Basin and Range,247.5,60.0,4,-0.065,-0.002,0.044
Sierra Nevada,247.5,60.0,3,-0.017,-0.0,0.039
Southern Rockies,247.5,60.0,3,0.064,0.0,-0.043
Wasatch and Uinta Mountains,247.5,60.0,1,-0.051,-0.0,0.014
