eco_region,lon,lat,embed dims,rho,slope (last 20),rho reverse
Arizona/New Mexico Mountains,180.0,47.5,10,-0.074,-0.002,-0.002
Blue Mountains,180.0,47.5,10,0.088,-0.0,-0.01
Canadian Rockies,180.0,47.5,8,0.102,0.0,0.28
Cascades,180.0,47.5,10,0.022,-0.001,0.14
Central Basin and Range,180.0,47.5,10,-0.197,-0.003,0.054
Columbia Mountains/Northern Rockies,180.0,47.5,10,0.083,0.0,0.341
Eastern Cascades Slopes and Foothills,180.0,47.5,10,0.093,0.001,0.078
Idaho Batholith,180.0,47.5,8,0.003,-0.0,0.197
Klamath Mountains,180.0,47.5,8,0.06,-0.0,-0.011
Middle Rockies,180.0,47.5,10,-0.04,-0.0,0.151
North Cascades,180.0,47.5,10,0.086,0.002,0.249
Northern Basin and Range,180.0,47.5,10,-0.129,-0.001,0.069
Sierra Nevada,180.0,47.5,10,0.0,0.001,0.026
Southern Rockies,180.0,47.5,10,-0.001,0.001,0.039
Wasatch and Uinta Mountains,180.0,47.5,9,0.003,0.0,0.149
