eco_region,lon,lat,embed dims,rho,slope (last 20),rho reverse
Arizona/New Mexico Mountains,190.0,-7.5,6,-0.006,0.0,0.007
Blue Mountains,190.0,-7.5,10,0.029,-0.0,0.072
Canadian Rockies,190.0,-7.5,5,0.005,-0.001,-0.191
Cascades,190.0,-7.5,10,0.18,0.002,0.184
Central Basin and Range,190.0,-7.5,10,0.178,-0.0,-0.005
Columbia Mountains/Northern Rockies,190.0,-7.5,10,-0.044,-0.002,0.004
Eastern Cascades Slopes and Foothills,190.0,-7.5,5,0.101,0.001,-0.126
Idaho Batholith,190.0,-7.5,5,-0.096,-0.002,0.057
Klamath Mountains,190.0,-7.5,8,0.186,0.001,0.102
Middle Rockies,190.0,-7.5,1,0.035,-0.0,0.018
North Cascades,190.0,-7.5,5,0.131,0.002,-0.003
Northern Basin and Range,190.0,-7.5,6,0.105,0.0,-0.022
Sierra Nevada,190.0,-7.5,10,0.048,-0.0,0.084
Southern Rockies,190.0,-7.5,10,0.103,0.0,-0.065
Wasatch and Uinta Mountains,190.0,-7.5,4,-0.056,0.0,0.09
