eco_region,lon,lat,embed dims,rho,slope (last 20),rho reverse
Arizona/New Mexico Mountains,185.0,45.0,9,0.012,0.001,-0.04
Blue Mountains,185.0,45.0,3,0.011,0.0,0.021
Canadian Rockies,185.0,45.0,7,0.055,0.0,0.105
Cascades,185.0,45.0,3,0.008,-0.001,0.031
Central Basin and Range,185.0,45.0,3,0.082,0.002,-0.072
Columbia Mountains/Northern Rockies,185.0,45.0,8,0.119,0.001,0.168
Eastern Cascades Slopes and Foothills,185.0,45.0,10,0.036,0.001,0.095
Idaho Batholith,185.0,45.0,7,0.026,0.0,0.063
Klamath Mountains,185.0,45.0,5,-0.028,-0.0,0.045
Middle Rockies,185.0,45.0,10,-0.007,-0.0,-0.002
North Cascades,185.0,45.0,9,0.014,-0.001,0.143
Northern Basin and Range,185.0,45.0,8,-0.005,0.0,-0.032
Sierra Nevada,185.0,45.0,8,-0.037,-0.0,0.021
Southern Rockies,185.0,45.0,8,0.139,0.0,-0.018
Wasatch and Uinta Mountains,185.0,45.0,8,0.016,-0.001,0.112
