eco_region,lon,lat,embed dims,rho,slope (last 20),rho reverse
Arizona/New Mexico Mountains,252.5,7.5,10,0.159,0.001,0.111
Blue Mountains,252.5,7.5,10,0.147,0.002,0.277
Canadian Rockies,252.5,7.5,6,0.262,0.001,0.212
Cascades,252.5,7.5,10,0.361,0.003,0.415
Central Basin and Range,252.5,7.5,10,0.316,0.002,0.278
Columbia Mountains/Northern Rockies,252.5,7.5,6,0.328,0.002,0.328
Eastern Cascades Slopes and Foothills,252.5,7.5,9,0.301,0.003,0.208
Idaho Batholith,252.5,7.5,6,0.175,-0.0,0.223
Klamath Mountains,252.5,7.5,8,0.338,0.001,0.224
Middle Rockies,252.5,7.5,3,0.11,-0.001,-0.054
North Cascades,252.5,7.5,9,0.346,0.002,0.279
Northern Basin and Range,252.5,7.5,10,0.21,0.002,0.312
Sierra Nevada,252.5,7.5,6,0.221,0.001,0.186
Southern Rockies,252.5,7.5,6,0.35,0.001,0.162
Wasatch and Uinta Mountains,252.5,7.5,9,0.312,0.001,0.221
