eco_region,lon,lat,embed dims,rho,slope (last 20),rho reverse
Arizona/New Mexico Mountains,257.5,0.0,10,0.199,0.001,0.123
Blue Mountains,257.5,0.0,10,0.18,0.002,0.367
Canadian Rockies,257.5,0.0,8,0.365,0.001,0.313
Cascades,257.5,0.0,10,0.358,0.003,0.429
Central Basin and Range,257.5,0.0,10,0.342,0.002,0.304
Columbia Mountains/Northern Rockies,257.5,0.0,3,0.074,-0.0,0.202
Eastern Cascades Slopes and Foothills,257.5,0.0,9,0.293,0.003,0.303
Idaho Batholith,257.5,0.0,5,0.204,-0.0,0.143
Klamath Mountains,257.5,0.0,9,0.45,0.002,0.287
Middle Rockies,257.5,0.0,3,0.111,-0.001,0.151
North Cascades,257.5,0.0,10,0.385,0.002,0.387
Northern Basin and Range,257.5,0.0,10,0.275,0.003,0.359
Sierra Nevada,257.5,0.0,9,0.397,0.002,0.315
Southern Rockies,257.5,0.0,3,0.034,0.0,-0.019
Wasatch and Uinta Mountains,257.5,0.0,9,0.346,0.001,0.261
