eco_region,lon,lat,embed dims,rho,slope (last 20),rho reverse
Arizona/New Mexico Mountains,277.5,60.0,5,-0.047,0.0,-0.026
Blue Mountains,277.5,60.0,5,0.061,-0.0,0.029
Canadian Rockies,277.5,60.0,10,-0.049,-0.001,-0.052
Cascades,277.5,60.0,5,0.025,-0.001,0.023
Central Basin and Range,277.5,60.0,5,0.064,0.001,0.048
Columbia Mountains/Northern Rockies,277.5,60.0,10,0.015,0.002,-0.06
Eastern Cascades Slopes and Foothills,277.5,60.0,10,0.09,0.001,-0.034
Idaho Batholith,277.5,60.0,1,-0.012,-0.0,-0.027
Klamath Mountains,277.5,60.0,6,0.111,0.001,0.003
Middle Rockies,277.5,60.0,2,0.063,0.001,0.094
North Cascades,277.5,60.0,2,-0.065,-0.0,0.039
Northern Basin and Range,277.5,60.0,5,-0.044,-0.0,0.004
Sierra Nevada,277.5,60.0,1,-0.018,-0.001,0.045
Southern Rockies,277.5,60.0,10,0.075,0.0,0.036
Wasatch and Uinta Mountains,277.5,60.0,3,-0.059,-0.001,0.078
