eco_region,lon,lat,embed dims,rho,slope (last 20),rho reverse
Arizona/New Mexico Mountains,205.0,17.5,10,0.093,0.001,0.099
Blue Mountains,205.0,17.5,10,0.041,0.001,0.132
Canadian Rockies,205.0,17.5,3,0.039,0.001,0.05
Cascades,205.0,17.5,10,0.238,0.001,0.143
Central Basin and Range,205.0,17.5,10,0.052,-0.001,0.058
Columbia Mountains/Northern Rockies,205.0,17.5,7,-0.064,-0.0,-0.067
Eastern Cascades Slopes and Foothills,205.0,17.5,10,0.161,0.001,0.069
Idaho Batholith,205.0,17.5,2,0.042,0.0,-0.013
Klamath Mountains,205.0,17.5,8,0.315,0.001,0.003
Middle Rockies,205.0,17.5,5,-0.04,-0.0,0.172
North Cascades,205.0,17.5,6,0.151,0.001,0.03
Northern Basin and Range,205.0,17.5,10,0.159,-0.0,0.15
Sierra Nevada,205.0,17.5,6,-0.156,-0.002,-0.088
Southern Rockies,205.0,17.5,7,0.124,0.001,0.07
Wasatch and Uinta Mountains,205.0,17.5,6,0.046,0.001,-0.02
