eco_region,lon,lat,embed dims,rho,slope (last 20),rho reverse
Arizona/New Mexico Mountains,210.0,15.0,9,0.268,0.003,0.07
Blue Mountains,210.0,15.0,10,0.38,0.003,0.284
Canadian Rockies,210.0,15.0,4,0.125,0.002,0.005
Cascades,210.0,15.0,10,0.425,0.003,0.412
Central Basin and Range,210.0,15.0,10,0.425,0.003,0.224
Columbia Mountains/Northern Rockies,210.0,15.0,7,0.29,0.002,0.163
Eastern Cascades Slopes and Foothills,210.0,15.0,9,0.435,0.002,0.319
Idaho Batholith,210.0,15.0,8,0.257,0.002,0.231
Klamath Mountains,210.0,15.0,7,0.419,0.002,0.287
Middle Rockies,210.0,15.0,7,0.204,0.001,0.157
North Cascades,210.0,15.0,5,0.249,0.002,0.195
Northern Basin and Range,210.0,15.0,9,0.318,0.003,0.263
Sierra Nevada,210.0,15.0,8,0.303,0.002,0.199
Southern Rockies,210.0,15.0,7,0.161,0.001,0.212
Wasatch and Uinta Mountains,210.0,15.0,6,0.185,0.003,0.042
