eco_region,lon,lat,embed dims,rho,slope (last 20),rho reverse
Arizona/New Mexico Mountains,197.5,32.5,4,0.02,0.0,0.017
Blue Mountains,197.5,32.5,1,-0.051,-0.001,-0.089
Canadian Rockies,197.5,32.5,3,-0.122,-0.001,-0.044
Cascades,197.5,32.5,1,0.004,-0.0,-0.085
Central Basin and Range,197.5,32.5,1,0.055,0.0,-0.003
Columbia Mountains/Northern Rockies,197.5,32.5,3,0.106,0.0,0.002
Eastern Cascades Slopes and Foothills,197.5,32.5,10,0.106,0.002,0.1
Idaho Batholith,197.5,32.5,3,-0.041,0.0,-0.07
Klamath Mountains,197.5,32.5,7,0.047,-0.0,-0.028
Middle Rockies,197.5,32.5,3,-0.115,-0.001,-0.113
North Cascades,197.5,32.5,4,0.037,-0.0,0.031
Northern Basin and Range,197.5,32.5,4,0.002,0.0,0.019
Sierra Nevada,197.5,32.5,3,0.003,0.0,-0.013
Southern Rockies,197.5,32.5,3,0.045,0.0,-0.049
Wasatch and Uinta Mountains,197.5,32.5,10,-0.045,-0.0,-0.089
