eco_region,lon,lat,embed dims,rho,slope (last 20),rho reverse
Arizona/New Mexico Mountains,212.5,7.5,5,-0.03,-0.001,0.085
Blue Mountains,212.5,7.5,10,-0.022,0.0,0.07
Canadian Rockies,212.5,7.5,4,-0.002,-0.0,-0.042
Cascades,212.5,7.5,10,0.231,0.001,0.207
Central Basin and Range,212.5,7.5,10,0.061,-0.002,0.07
Columbia Mountains/Northern Rockies,212.5,7.5,10,0.029,-0.0,0.134
Eastern Cascades Slopes and Foothills,212.5,7.5,4,0.038,0.0,-0.065
Idaho Batholith,212.5,7.5,9,0.045,-0.0,0.006
Klamath Mountains,212.5,7.5,9,0.211,-0.001,0.094
Middle Rockies,212.5,7.5,10,0.044,-0.001,0.054
North Cascades,212.5,7.5,3,0.027,-0.0,-0.017
Northern Basin and Range,212.5,7.5,5,0.028,0.0,-0.005
Sierra Nevada,212.5,7.5,10,0.066,-0.0,0.043
Southern Rockies,212.5,7.5,10,0.153,0.001,0.062
Wasatch and Uinta Mountains,212.5,7.5,3,-0.03,-0.0,0.008
