eco_region,lon,lat,embed dims,rho,slope (last 20),rho reverse
Arizona/New Mexico Mountains,237.5,55.0,4,-0.083,-0.001,0.081
Blue Mountains,237.5,55.0,4,0.053,0.0,0.135
Canadian Rockies,237.5,55.0,10,-0.03,0.001,-0.027
Cascades,237.5,55.0,4,0.038,0.001,0.124
Central Basin and Range,237.5,55.0,4,0.005,0.0,0.062
Columbia Mountains/Northern Rockies,237.5,55.0,10,-0.004,0.001,0.049
Eastern Cascades Slopes and Foothills,237.5,55.0,4,0.003,0.0,0.192
Idaho Batholith,237.5,55.0,10,0.063,0.001,0.004
Klamath Mountains,237.5,55.0,1,-0.015,-0.001,-0.111
Middle Rockies,237.5,55.0,1,-0.004,0.0,-0.112
North Cascades,237.5,55.0,5,0.078,-0.0,0.171
Northern Basin and Range,237.5,55.0,4,0.027,-0.0,0.099
Sierra Nevada,237.5,55.0,10,0.123,0.001,0.041
Southern Rockies,237.5,55.0,10,-0.001,0.001,-0.026
Wasatch and Uinta Mountains,237.5,55.0,2,-0.022,0.001,-0.066
