eco_region,lon,lat,embed dims,rho,slope (last 20),rho reverse
Arizona/New Mexico Mountains,265.0,2.5,10,0.162,0.001,0.12
Blue Mountains,265.0,2.5,10,0.166,0.002,0.336
Canadian Rockies,265.0,2.5,9,0.36,0.001,0.302
Cascades,265.0,2.5,10,0.36,0.003,0.442
Central Basin and Range,265.0,2.5,10,0.333,0.002,0.325
Columbia Mountains/Northern Rockies,265.0,2.5,3,0.089,-0.0,0.157
Eastern Cascades Slopes and Foothills,265.0,2.5,9,0.306,0.003,0.258
Idaho Batholith,265.0,2.5,5,0.178,0.0,0.184
Klamath Mountains,265.0,2.5,9,0.446,0.002,0.304
Middle Rockies,265.0,2.5,3,0.092,-0.001,0.106
North Cascades,265.0,2.5,10,0.383,0.003,0.314
Northern Basin and Range,265.0,2.5,10,0.265,0.002,0.354
Sierra Nevada,265.0,2.5,5,0.222,0.001,0.186
Southern Rockies,265.0,2.5,3,0.016,0.0,-0.045
Wasatch and Uinta Mountains,265.0,2.5,9,0.323,0.001,0.238
