eco_region,lon,lat,embed dims,rho,slope (last 20),rho reverse
Arizona/New Mexico Mountains,267.5,-12.5,10,0.244,0.003,0.177
Blue Mountains,267.5,-12.5,10,0.361,0.003,0.183
Canadian Rockies,267.5,-12.5,7,0.234,0.001,0.176
Cascades,267.5,-12.5,10,0.408,0.004,0.214
Central Basin and Range,267.5,-12.5,10,0.478,0.004,0.228
Columbia Mountains/Northern Rockies,267.5,-12.5,9,0.41,0.002,0.196
Eastern Cascades Slopes and Foothills,267.5,-12.5,9,0.351,0.001,0.207
Idaho Batholith,267.5,-12.5,7,0.314,0.001,0.123
Klamath Mountains,267.5,-12.5,10,0.382,0.002,0.268
Middle Rockies,267.5,-12.5,10,0.343,0.001,0.166
North Cascades,267.5,-12.5,6,0.243,0.001,0.007
Northern Basin and Range,267.5,-12.5,10,0.347,0.002,0.325
Sierra Nevada,267.5,-12.5,9,0.349,0.001,0.215
Southern Rockies,267.5,-12.5,9,0.444,0.003,0.117
Wasatch and Uinta Mountains,267.5,-12.5,3,0.058,0.0,0.119
