eco_region,lon,lat,embed dims,rho,slope (last 20),rho reverse
Arizona/New Mexico Mountains,230.0,-17.5,2,0.177,0.002,0.147
Blue Mountains,230.0,-17.5,2,0.104,0.0,0.124
Canadian Rockies,230.0,-17.5,6,0.129,0.001,0.244
Cascades,230.0,-17.5,2,-0.039,-0.001,0.1
Central Basin and Range,230.0,-17.5,2,-0.088,-0.001,0.119
Columbia Mountains/Northern Rockies,230.0,-17.5,5,0.022,0.0,0.231
Eastern Cascades Slopes and Foothills,230.0,-17.5,4,-0.089,-0.002,0.076
Idaho Batholith,230.0,-17.5,6,0.022,-0.001,0.198
Klamath Mountains,230.0,-17.5,5,0.027,-0.0,0.15
Middle Rockies,230.0,-17.5,10,0.162,0.0,0.243
North Cascades,230.0,-17.5,5,0.16,0.001,0.07
Northern Basin and Range,230.0,-17.5,2,-0.05,-0.0,0.112
Sierra Nevada,230.0,-17.5,5,0.056,0.0,0.073
Southern Rockies,230.0,-17.5,5,-0.041,-0.001,0.012
Wasatch and Uinta Mountains,230.0,-17.5,5,0.043,0.001,0.073
