eco_region,lon,lat,embed dims,rho,slope (last 20),rho reverse
Arizona/New Mexico Mountains,280.0,17.5,7,0.059,0.0,0.087
Blue Mountains,280.0,17.5,9,0.129,0.002,0.221
Canadian Rockies,280.0,17.5,2,0.01,0.0,0.149
Cascades,280.0,17.5,9,0.182,0.004,0.207
Central Basin and Range,280.0,17.5,9,0.201,0.001,0.169
Columbia Mountains/Northern Rockies,280.0,17.5,2,0.003,0.0,0.098
Eastern Cascades Slopes and Foothills,280.0,17.5,7,0.224,0.001,0.273
Idaho Batholith,280.0,17.5,7,0.183,0.001,0.061
Klamath Mountains,280.0,17.5,7,0.179,0.001,0.192
Middle Rockies,280.0,17.5,2,-0.008,-0.0,0.051
North Cascades,280.0,17.5,6,0.049,-0.001,0.065
Northern Basin and Range,280.0,17.5,7,0.112,0.002,0.07
Sierra Nevada,280.0,17.5,2,0.056,0.0,0.099
Southern Rockies,280.0,17.5,2,0.007,0.0,-0.022
Wasatch and Uinta Mountains,280.0,17.5,3,0.053,0.001,0.038
