eco_region,lon,lat,embed dims,rho,slope (last 20),rho reverse
Arizona/New Mexico Mountains,250.0,45.0,1,-0.05,-0.001,0.058
Blue Mountains,250.0,45.0,2,0.032,-0.001,0.129
Canadian Rockies,250.0,45.0,1,-0.1,-0.002,0.029
Cascades,250.0,45.0,2,0.043,-0.0,0.152
Central Basin and Range,250.0,45.0,2,0.079,0.0,0.201
Columbia Mountains/Northern Rockies,250.0,45.0,9,0.158,-0.0,0.354
Eastern Cascades Slopes and Foothills,250.0,45.0,1,0.004,-0.001,0.125
Idaho Batholith,250.0,45.0,9,0.122,-0.002,0.53
Klamath Mountains,250.0,45.0,1,0.016,-0.002,0.125
Middle Rockies,250.0,45.0,1,0.139,0.001,0.037
North Cascades,250.0,45.0,7,0.107,-0.0,0.331
Northern Basin and Range,250.0,45.0,1,-0.075,-0.001,-0.003
Sierra Nevada,250.0,45.0,10,0.119,0.0,0.423
Southern Rockies,250.0,45.0,9,0.061,-0.0,0.319
Wasatch and Uinta Mountains,250.0,45.0,9,0.119,-0.0,0.336
