eco_region,lon,lat,embed dims,rho,slope (last 20),rho reverse
Arizona/New Mexico Mountains,257.5,5.0,10,0.102,0.002,0.137
Blue Mountains,257.5,5.0,10,0.01,-0.001,0.012
Canadian Rockies,257.5,5.0,6,0.034,0.0,0.043
Cascades,257.5,5.0,10,0.214,0.002,0.134
Central Basin and Range,257.5,5.0,10,0.208,-0.001,-0.024
Columbia Mountains/Northern Rockies,257.5,5.0,6,0.082,-0.0,0.032
Eastern Cascades Slopes and Foothills,257.5,5.0,9,0.222,0.002,0.088
Idaho Batholith,257.5,5.0,3,-0.006,-0.0,-0.061
Klamath Mountains,257.5,5.0,7,-0.006,-0.001,0.167
Middle Rockies,257.5,5.0,3,0.019,0.001,-0.042
North Cascades,257.5,5.0,9,0.155,0.0,0.084
Northern Basin and Range,257.5,5.0,10,0.087,0.0,-0.011
Sierra Nevada,257.5,5.0,6,0.074,0.0,0.044
Southern Rockies,257.5,5.0,6,0.03,0.0,-0.071
Wasatch and Uinta Mountains,257.5,5.0,9,-0.02,-0.002,0.035
