eco_region,lon,lat,embed dims,rho,slope (last 20),rho reverse
Arizona/New Mexico Mountains,220.0,-5.0,9,0.205,0.002,0.112
Blue Mountains,220.0,-5.0,10,0.175,0.001,0.256
Canadian Rockies,220.0,-5.0,3,0.127,0.001,0.104
Cascades,220.0,-5.0,10,0.303,0.003,0.32
Central Basin and Range,220.0,-5.0,10,0.251,0.003,0.213
Columbia Mountains/Northern Rockies,220.0,-5.0,9,0.28,0.002,0.186
Eastern Cascades Slopes and Foothills,220.0,-5.0,9,0.272,0.001,0.155
Idaho Batholith,220.0,-5.0,10,0.219,0.002,0.158
Klamath Mountains,220.0,-5.0,8,0.313,0.002,0.258
Middle Rockies,220.0,-5.0,9,0.269,0.001,0.214
North Cascades,220.0,-5.0,3,0.175,0.002,0.086
Northern Basin and Range,220.0,-5.0,9,0.037,0.001,0.289
Sierra Nevada,220.0,-5.0,9,0.182,0.0,0.207
Southern Rockies,220.0,-5.0,9,0.332,0.002,0.179
Wasatch and Uinta Mountains,220.0,-5.0,4,0.061,0.0,0.069
