eco_region,lon,lat,embed dims,rho,slope (last 20),rho reverse
Arizona/New Mexico Mountains,180.0,12.5,3,0.067,0.0,0.142
Blue Mountains,180.0,12.5,10,0.269,0.003,0.274
Canadian Rockies,180.0,12.5,4,0.197,0.002,0.231
Cascades,180.0,12.5,10,0.292,0.003,0.345
Central Basin and Range,180.0,12.5,10,0.275,0.002,0.314
Columbia Mountains/Northern Rockies,180.0,12.5,8,0.306,0.002,0.212
Eastern Cascades Slopes and Foothills,180.0,12.5,10,0.394,0.004,0.287
Idaho Batholith,180.0,12.5,10,0.274,0.002,0.271
Klamath Mountains,180.0,12.5,10,0.376,0.001,0.274
Middle Rockies,180.0,12.5,1,0.061,0.0,0.136
North Cascades,180.0,12.5,2,0.055,0.0,0.052
Northern Basin and Range,180.0,12.5,3,0.079,0.0,0.069
Sierra Nevada,180.0,12.5,4,0.089,0.0,0.163
Southern Rockies,180.0,12.5,8,0.37,0.001,0.171
Wasatch and Uinta Mountains,180.0,12.5,2,0.102,0.0,0.118
