eco_region,lon,lat,embed dims,rho,slope (last 20),rho reverse
Arizona/New Mexico Mountains,210.0,22.5,10,0.074,0.002,0.106
Blue Mountains,210.0,22.5,10,0.083,0.002,-0.005
Canadian Rockies,210.0,22.5,5,0.029,0.0,-0.057
Cascades,210.0,22.5,10,0.258,0.002,0.104
Central Basin and Range,210.0,22.5,10,0.018,0.0,0.014
Columbia Mountains/Northern Rockies,210.0,22.5,7,-0.037,-0.0,0.032
Eastern Cascades Slopes and Foothills,210.0,22.5,8,0.113,-0.001,-0.006
Idaho Batholith,210.0,22.5,5,0.035,-0.0,-0.039
Klamath Mountains,210.0,22.5,8,0.254,0.001,0.095
Middle Rockies,210.0,22.5,7,0.04,-0.0,0.148
North Cascades,210.0,22.5,8,0.068,0.001,0.019
Northern Basin and Range,210.0,22.5,9,0.114,-0.0,0.051
Sierra Nevada,210.0,22.5,8,-0.118,-0.002,0.007
Southern Rockies,210.0,22.5,7,0.148,0.002,-0.01
Wasatch and Uinta Mountains,210.0,22.5,10,0.061,0.0,0.016
