eco_region,lon,lat,embed dims,rho,slope (last 20),rho reverse
Arizona/New Mexico Mountains,270.0,-7.5,10,0.154,0.002,0.147
Blue Mountains,270.0,-7.5,10,0.169,0.001,0.118
Canadian Rockies,270.0,-7.5,4,0.04,0.0,0.074
Cascades,270.0,-7.5,10,0.295,0.002,0.126
Central Basin and Range,270.0,-7.5,10,0.171,-0.001,0.111
Columbia Mountains/Northern Rockies,270.0,-7.5,4,0.003,-0.001,0.045
Eastern Cascades Slopes and Foothills,270.0,-7.5,6,0.074,-0.0,0.043
Idaho Batholith,270.0,-7.5,4,-0.008,-0.0,0.02
Klamath Mountains,270.0,-7.5,10,0.079,-0.001,0.068
Middle Rockies,270.0,-7.5,4,0.018,0.0,-0.051
North Cascades,270.0,-7.5,7,0.155,0.001,0.094
Northern Basin and Range,270.0,-7.5,10,0.191,0.0,0.052
Sierra Nevada,270.0,-7.5,4,0.116,0.0,0.102
Southern Rockies,270.0,-7.5,4,-0.081,-0.0,-0.057
Wasatch and Uinta Mountains,270.0,-7.5,3,-0.073,-0.001,-0.011
