eco_region,lon,lat,embed dims,rho,slope (last 20),rho reverse
Arizona/New Mexico Mountains,245.0,-7.5,10,0.149,0.0,0.09
Blue Mountains,245.0,-7.5,10,0.201,0.002,0.333
Canadian Rockies,245.0,-7.5,8,0.344,0.001,0.3
Cascades,245.0,-7.5,10,0.32,0.004,0.412
Central Basin and Range,245.0,-7.5,10,0.338,0.002,0.287
Columbia Mountains/Northern Rockies,245.0,-7.5,9,0.328,0.001,0.322
Eastern Cascades Slopes and Foothills,245.0,-7.5,9,0.227,0.002,0.268
Idaho Batholith,245.0,-7.5,9,0.329,0.002,0.309
Klamath Mountains,245.0,-7.5,9,0.354,0.002,0.17
Middle Rockies,245.0,-7.5,7,0.354,0.001,0.32
North Cascades,245.0,-7.5,2,0.061,-0.0,0.047
Northern Basin and Range,245.0,-7.5,10,0.262,0.002,0.425
Sierra Nevada,245.0,-7.5,7,0.159,0.0,0.231
Southern Rockies,245.0,-7.5,9,0.369,0.001,0.23
Wasatch and Uinta Mountains,245.0,-7.5,3,0.089,0.0,-0.003
