eco_region,lon,lat,embed dims,rho,slope (last 20),rho reverse
Arizona/New Mexico Mountains,187.5,57.5,2,-0.057,-0.001,0.051
Blue Mountains,187.5,57.5,2,0.042,0.001,-0.122
Canadian Rockies,187.5,57.5,7,0.054,-0.001,0.179
Cascades,187.5,57.5,2,0.064,0.001,-0.051
Central Basin and Range,187.5,57.5,2,-0.045,-0.001,-0.104
Columbia Mountains/Northern Rockies,187.5,57.5,2,0.015,-0.001,0.095
Eastern Cascades Slopes and Foothills,187.5,57.5,5,0.045,-0.0,0.084
Idaho Batholith,187.5,57.5,2,0.199,0.002,0.003
Klamath Mountains,187.5,57.5,10,0.114,0.001,0.009
Middle Rockies,187.5,57.5,1,0.066,-0.0,0.015
North Cascades,187.5,57.5,3,0.083,0.001,0.026
Northern Basin and Range,187.5,57.5,2,0.012,0.002,-0.067
Sierra Nevada,187.5,57.5,2,-0.051,0.0,-0.003
Southern Rockies,187.5,57.5,2,-0.014,0.0,-0.032
Wasatch and Uinta Mountains,187.5,57.5,2,-0.026,-0.001,0.031
