eco_region,lon,lat,embed dims,rho,slope (last 20),rho reverse
Arizona/New Mexico Mountains,267.5,-15.0,10,0.184,0.002,0.135
Blue Mountains,267.5,-15.0,10,0.208,0.002,0.126
Canadian Rockies,267.5,-15.0,9,0.083,0.0,0.18
Cascades,267.5,-15.0,10,0.255,0.001,0.088
Central Basin and Range,267.5,-15.0,10,0.209,0.0,0.163
Columbia Mountains/Northern Rockies,267.5,-15.0,9,0.141,-0.0,0.205
Eastern Cascades Slopes and Foothills,267.5,-15.0,8,0.197,0.001,0.163
Idaho Batholith,267.5,-15.0,7,0.153,0.001,0.116
Klamath Mountains,267.5,-15.0,7,0.046,0.001,0.123
Middle Rockies,267.5,-15.0,10,0.156,0.0,0.172
North Cascades,267.5,-15.0,10,0.176,0.001,0.157
Northern Basin and Range,267.5,-15.0,10,0.211,-0.001,0.052
Sierra Nevada,267.5,-15.0,9,0.1,-0.0,0.119
Southern Rockies,267.5,-15.0,9,0.063,-0.0,0.048
Wasatch and Uinta Mountains,267.5,-15.0,4,0.054,0.001,-0.008
