eco_region,lon,lat,embed dims,rho,slope (last 20),rho reverse
Arizona/New Mexico Mountains,195.0,-17.5,8,0.07,0.0,0.043
Blue Mountains,195.0,-17.5,8,0.2,0.002,0.091
Canadian Rockies,195.0,-17.5,7,0.106,0.0,0.029
Cascades,195.0,-17.5,8,0.168,0.001,0.113
Central Basin and Range,195.0,-17.5,8,0.119,0.0,0.116
Columbia Mountains/Northern Rockies,195.0,-17.5,1,-0.08,-0.001,0.037
Eastern Cascades Slopes and Foothills,195.0,-17.5,8,0.192,0.001,0.025
Idaho Batholith,195.0,-17.5,7,0.127,0.002,0.178
Klamath Mountains,195.0,-17.5,2,0.091,0.001,0.043
Middle Rockies,195.0,-17.5,1,0.069,-0.0,0.052
North Cascades,195.0,-17.5,7,0.07,0.0,0.044
Northern Basin and Range,195.0,-17.5,8,0.096,0.0,0.145
Sierra Nevada,195.0,-17.5,2,-0.019,-0.0,-0.024
Southern Rockies,195.0,-17.5,1,0.031,-0.0,0.029
Wasatch and Uinta Mountains,195.0,-17.5,10,0.148,0.001,0.219
