eco_region,lon,lat,embed dims,rho,slope (last 20),rho reverse
Arizona/New Mexico Mountains,242.5,17.5,5,0.007,0.001,0.041
Blue Mountains,242.5,17.5,5,0.022,-0.0,0.001
Canadian Rockies,242.5,17.5,8,-0.007,0.0,0.065
Cascades,242.5,17.5,5,0.075,0.0,0.078
Central Basin and Range,242.5,17.5,5,-0.078,-0.001,-0.029
Columbia Mountains/Northern Rockies,242.5,17.5,7,0.027,-0.0,0.124
Eastern Cascades Slopes and Foothills,242.5,17.5,10,0.146,0.001,0.04
Idaho Batholith,242.5,17.5,7,0.03,0.001,0.106
Klamath Mountains,242.5,17.5,5,0.1,0.001,0.12
Middle Rockies,242.5,17.5,6,-0.027,-0.0,0.104
North Cascades,242.5,17.5,10,0.129,0.001,0.034
Northern Basin and Range,242.5,17.5,5,-0.019,-0.0,-0.098
Sierra Nevada,242.5,17.5,7,0.105,0.001,0.031
Southern Rockies,242.5,17.5,7,-0.066,-0.001,0.095
Wasatch and Uinta Mountains,242.5,17.5,5,-0.204,-0.002,0.087
