eco_region,lon,lat,embed dims,rho,slope (last 20),rho reverse
Arizona/New Mexico Mountains,240.0,20.0,2,-0.003,-0.0,-0.085
Blue Mountains,240.0,20.0,2,0.002,-0.0,-0.005
Canadian Rockies,240.0,20.0,8,0.129,0.0,0.097
Cascades,240.0,20.0,2,0.075,0.001,-0.029
Central Basin and Range,240.0,20.0,2,-0.038,-0.001,0.026
Columbia Mountains/Northern Rockies,240.0,20.0,8,0.146,0.001,0.175
Eastern Cascades Slopes and Foothills,240.0,20.0,10,0.209,0.002,0.122
Idaho Batholith,240.0,20.0,8,0.143,0.001,0.105
Klamath Mountains,240.0,20.0,10,0.244,0.001,0.167
Middle Rockies,240.0,20.0,5,0.108,0.001,0.077
North Cascades,240.0,20.0,10,0.176,0.001,0.111
Northern Basin and Range,240.0,20.0,2,0.042,-0.0,-0.03
Sierra Nevada,240.0,20.0,8,0.128,0.001,0.131
Southern Rockies,240.0,20.0,8,0.125,0.001,0.056
Wasatch and Uinta Mountains,240.0,20.0,9,0.08,-0.0,0.116
