eco_region,lon,lat,embed dims,rho,slope (last 20),rho reverse
Arizona/New Mexico Mountains,227.5,10.0,10,0.116,0.001,0.095
Blue Mountains,227.5,10.0,10,-0.008,-0.001,-0.113
Canadian Rockies,227.5,10.0,4,-0.043,-0.0,-0.021
Cascades,227.5,10.0,10,0.235,0.002,0.101
Central Basin and Range,227.5,10.0,10,0.122,-0.001,-0.052
Columbia Mountains/Northern Rockies,227.5,10.0,8,0.139,0.0,0.062
Eastern Cascades Slopes and Foothills,227.5,10.0,8,0.182,0.001,0.063
Idaho Batholith,227.5,10.0,4,0.01,-0.0,0.056
Klamath Mountains,227.5,10.0,8,0.14,0.001,0.121
Middle Rockies,227.5,10.0,9,0.106,0.001,0.091
North Cascades,227.5,10.0,3,0.101,-0.0,0.059
Northern Basin and Range,227.5,10.0,10,0.06,-0.002,-0.078
Sierra Nevada,227.5,10.0,8,0.054,-0.001,0.023
Southern Rockies,227.5,10.0,8,0.012,-0.0,-0.008
Wasatch and Uinta Mountains,227.5,10.0,3,-0.061,-0.0,0.02
