eco_region,lon,lat,embed dims,rho,slope (last 20),rho reverse
Arizona/New Mexico Mountains,267.5,-15.0,10,0.254,0.003,0.158
Blue Mountains,267.5,-15.0,10,0.353,0.003,0.271
Canadian Rockies,267.5,-15.0,9,0.333,0.001,0.208
Cascades,267.5,-15.0,10,0.408,0.004,0.277
Central Basin and Range,267.5,-15.0,10,0.468,0.003,0.242
Columbia Mountains/Northern Rockies,267.5,-15.0,9,0.419,0.002,0.232
Eastern Cascades Slopes and Foothills,267.5,-15.0,8,0.353,0.002,0.191
Idaho Batholith,267.5,-15.0,7,0.318,0.001,0.158
Klamath Mountains,267.5,-15.0,7,0.311,0.001,0.158
Middle Rockies,267.5,-15.0,10,0.35,0.001,0.176
North Cascades,267.5,-15.0,10,0.241,0.001,0.147
Northern Basin and Range,267.5,-15.0,10,0.354,0.002,0.307
Sierra Nevada,267.5,-15.0,9,0.348,0.002,0.252
Southern Rockies,267.5,-15.0,9,0.444,0.002,0.154
Wasatch and Uinta Mountains,267.5,-15.0,4,0.097,-0.0,0.079
