eco_region,lon,lat,embed dims,rho,slope (last 20),rho reverse
Arizona/New Mexico Mountains,257.5,-15.0,10,0.129,0.001,0.117
Blue Mountains,257.5,-15.0,10,0.223,0.001,0.295
Canadian Rockies,257.5,-15.0,4,0.15,0.0,0.178
Cascades,257.5,-15.0,10,0.263,0.005,0.258
Central Basin and Range,257.5,-15.0,10,0.327,0.002,0.203
Columbia Mountains/Northern Rockies,257.5,-15.0,5,0.224,0.001,0.204
Eastern Cascades Slopes and Foothills,257.5,-15.0,10,0.222,0.003,0.247
Idaho Batholith,257.5,-15.0,7,0.312,0.002,0.283
Klamath Mountains,257.5,-15.0,10,0.291,0.002,0.201
Middle Rockies,257.5,-15.0,8,0.323,0.0,0.301
North Cascades,257.5,-15.0,10,0.354,0.003,0.199
Northern Basin and Range,257.5,-15.0,10,0.24,0.001,0.307
Sierra Nevada,257.5,-15.0,7,0.258,0.001,0.206
Southern Rockies,257.5,-15.0,5,0.279,0.002,0.064
Wasatch and Uinta Mountains,257.5,-15.0,4,0.215,0.001,0.191
