eco_region,lon,lat,embed dims,rho,slope (last 20),rho reverse
Arizona/New Mexico Mountains,270.0,30.0,8,-0.042,-0.001,0.04
Blue Mountains,270.0,30.0,8,0.062,0.002,0.091
Canadian Rockies,270.0,30.0,9,-0.006,0.0,0.024
Cascades,270.0,30.0,8,0.047,0.001,0.18
Central Basin and Range,270.0,30.0,8,0.107,0.0,0.136
Columbia Mountains/Northern Rockies,270.0,30.0,9,0.056,0.001,0.14
Eastern Cascades Slopes and Foothills,270.0,30.0,10,0.102,0.0,0.18
Idaho Batholith,270.0,30.0,9,0.182,0.001,0.102
Klamath Mountains,270.0,30.0,10,0.097,0.0,0.12
Middle Rockies,270.0,30.0,10,0.085,0.0,0.096
North Cascades,270.0,30.0,2,-0.017,0.001,0.01
Northern Basin and Range,270.0,30.0,8,-0.008,-0.001,0.104
Sierra Nevada,270.0,30.0,4,0.096,0.001,0.152
Southern Rockies,270.0,30.0,9,0.204,0.001,0.109
Wasatch and Uinta Mountains,270.0,30.0,7,0.062,-0.0,0.056
