eco_region,lon,lat,embed dims,rho,slope (last 20),rho reverse
Arizona/New Mexico Mountains,217.5,-17.5,3,0.084,0.001,0.137
Blue Mountains,217.5,-17.5,3,0.073,0.001,0.027
Canadian Rockies,217.5,-17.5,7,0.078,0.0,0.057
Cascades,217.5,-17.5,3,0.009,-0.001,0.141
Central Basin and Range,217.5,-17.5,3,-0.16,-0.002,-0.017
Columbia Mountains/Northern Rockies,217.5,-17.5,3,-0.125,-0.001,0.147
Eastern Cascades Slopes and Foothills,217.5,-17.5,2,-0.035,-0.001,0.097
Idaho Batholith,217.5,-17.5,7,0.095,0.001,0.155
Klamath Mountains,217.5,-17.5,2,-0.046,-0.0,0.082
Middle Rockies,217.5,-17.5,7,0.009,-0.001,0.131
North Cascades,217.5,-17.5,3,-0.049,-0.002,0.067
Northern Basin and Range,217.5,-17.5,3,-0.006,0.0,-0.08
Sierra Nevada,217.5,-17.5,3,-0.016,-0.0,0.186
Southern Rockies,217.5,-17.5,3,-0.088,-0.001,-0.106
Wasatch and Uinta Mountains,217.5,-17.5,7,0.057,-0.0,0.195
