eco_region,lon,lat,embed dims,rho,slope (last 20),rho reverse
Arizona/New Mexico Mountains,255.0,20.0,3,-0.046,-0.001,-0.013
Blue Mountains,255.0,20.0,4,-0.088,-0.001,-0.006
Canadian Rockies,255.0,20.0,8,0.1,0.001,0.201
Cascades,255.0,20.0,4,-0.002,0.001,0.05
Central Basin and Range,255.0,20.0,4,0.085,0.001,0.046
Columbia Mountains/Northern Rockies,255.0,20.0,5,0.102,0.0,0.01
Eastern Cascades Slopes and Foothills,255.0,20.0,5,0.088,0.001,0.123
Idaho Batholith,255.0,20.0,5,0.09,-0.0,-0.022
Klamath Mountains,255.0,20.0,3,0.018,-0.0,0.089
Middle Rockies,255.0,20.0,5,0.091,-0.001,-0.039
North Cascades,255.0,20.0,4,0.05,-0.0,0.0
Northern Basin and Range,255.0,20.0,3,0.073,0.001,0.038
Sierra Nevada,255.0,20.0,5,0.174,0.001,0.052
Southern Rockies,255.0,20.0,5,0.046,0.0,-0.031
Wasatch and Uinta Mountains,255.0,20.0,3,-0.085,-0.001,0.055
