eco_region,lon,lat,embed dims,rho,slope (last 20),rho reverse
Arizona/New Mexico Mountains,247.5,10.0,10,0.248,0.002,0.122
Blue Mountains,247.5,10.0,7,0.107,0.001,0.093
Canadian Rockies,247.5,10.0,6,0.119,-0.0,0.11
Cascades,247.5,10.0,7,0.355,0.003,0.249
Central Basin and Range,247.5,10.0,7,0.239,0.001,0.016
Columbia Mountains/Northern Rockies,247.5,10.0,6,0.127,0.001,0.144
Eastern Cascades Slopes and Foothills,247.5,10.0,9,0.359,0.003,0.119
Idaho Batholith,247.5,10.0,6,0.14,0.001,0.099
Klamath Mountains,247.5,10.0,9,0.376,0.002,0.185
Middle Rockies,247.5,10.0,4,0.147,0.0,0.105
North Cascades,247.5,10.0,9,0.284,0.003,0.264
Northern Basin and Range,247.5,10.0,9,0.103,0.002,0.175
Sierra Nevada,247.5,10.0,6,0.212,0.001,0.148
Southern Rockies,247.5,10.0,6,0.09,0.001,0.09
Wasatch and Uinta Mountains,247.5,10.0,8,0.169,0.002,0.077
