eco_region,lon,lat,embed dims,rho,slope (last 20),rho reverse
Arizona/New Mexico Mountains,205.0,5.0,10,0.075,0.0,0.259
Blue Mountains,205.0,5.0,10,-0.041,0.0,0.113
Canadian Rockies,205.0,5.0,10,0.045,-0.001,0.047
Cascades,205.0,5.0,10,0.205,0.001,0.259
Central Basin and Range,205.0,5.0,10,0.0,-0.003,0.119
Columbia Mountains/Northern Rockies,205.0,5.0,10,-0.002,-0.001,0.152
Eastern Cascades Slopes and Foothills,205.0,5.0,5,-0.009,-0.001,-0.023
Idaho Batholith,205.0,5.0,10,0.081,0.001,0.12
Klamath Mountains,205.0,5.0,9,0.213,-0.001,0.168
Middle Rockies,205.0,5.0,5,0.041,-0.0,-0.04
North Cascades,205.0,5.0,3,-0.003,-0.001,-0.058
Northern Basin and Range,205.0,5.0,5,-0.018,-0.0,-0.033
Sierra Nevada,205.0,5.0,9,0.054,-0.0,0.066
Southern Rockies,205.0,5.0,10,0.196,0.001,0.094
Wasatch and Uinta Mountains,205.0,5.0,5,0.016,-0.0,-0.022
