eco_region,lon,lat,embed dims,rho,slope (last 20),rho reverse
Arizona/New Mexico Mountains,227.5,15.0,10,0.125,0.002,0.043
Blue Mountains,227.5,15.0,10,0.008,-0.0,-0.056
Canadian Rockies,227.5,15.0,8,0.037,-0.0,0.05
Cascades,227.5,15.0,10,0.227,0.002,0.056
Central Basin and Range,227.5,15.0,10,0.116,-0.001,-0.133
Columbia Mountains/Northern Rockies,227.5,15.0,8,0.112,0.0,0.124
Eastern Cascades Slopes and Foothills,227.5,15.0,10,0.211,0.001,0.007
Idaho Batholith,227.5,15.0,8,0.021,-0.0,-0.042
Klamath Mountains,227.5,15.0,8,0.198,0.002,0.131
Middle Rockies,227.5,15.0,10,0.03,-0.001,0.067
North Cascades,227.5,15.0,10,0.338,0.002,0.014
Northern Basin and Range,227.5,15.0,10,0.086,-0.001,-0.073
Sierra Nevada,227.5,15.0,8,0.071,-0.0,0.084
Southern Rockies,227.5,15.0,8,-0.005,-0.0,-0.101
Wasatch and Uinta Mountains,227.5,15.0,9,0.071,-0.001,-0.069
