eco_region,lon,lat,embed dims,rho,slope (last 20),rho reverse
Arizona/New Mexico Mountains,250.0,10.0,10,0.15,0.001,0.034
Blue Mountains,250.0,10.0,9,0.216,0.002,0.248
Canadian Rockies,250.0,10.0,5,0.186,0.001,0.137
Cascades,250.0,10.0,9,0.403,0.003,0.349
Central Basin and Range,250.0,10.0,9,0.3,0.002,0.249
Columbia Mountains/Northern Rockies,250.0,10.0,6,0.297,0.001,0.353
Eastern Cascades Slopes and Foothills,250.0,10.0,9,0.284,0.003,0.136
Idaho Batholith,250.0,10.0,6,0.169,-0.0,0.228
Klamath Mountains,250.0,10.0,9,0.389,0.002,0.15
Middle Rockies,250.0,10.0,4,0.221,0.001,0.061
North Cascades,250.0,10.0,10,0.347,0.002,0.412
Northern Basin and Range,250.0,10.0,10,0.191,0.002,0.253
Sierra Nevada,250.0,10.0,6,0.229,0.001,0.182
Southern Rockies,250.0,10.0,6,0.343,0.001,0.207
Wasatch and Uinta Mountains,250.0,10.0,8,0.315,0.002,0.234
