eco_region,lon,lat,embed dims,rho,slope (last 20),rho reverse
Arizona/New Mexico Mountains,185.0,20.0,4,0.012,0.0,0.026
Blue Mountains,185.0,20.0,4,-0.046,0.0,0.097
Canadian Rockies,185.0,20.0,5,0.232,0.0,0.236
Cascades,185.0,20.0,4,-0.014,-0.001,0.034
Central Basin and Range,185.0,20.0,4,-0.095,-0.001,0.088
Columbia Mountains/Northern Rockies,185.0,20.0,9,0.114,-0.001,0.253
Eastern Cascades Slopes and Foothills,185.0,20.0,10,-0.002,0.002,0.187
Idaho Batholith,185.0,20.0,1,0.099,0.001,-0.027
Klamath Mountains,185.0,20.0,9,0.173,-0.001,0.148
Middle Rockies,185.0,20.0,9,0.103,-0.0,0.259
North Cascades,185.0,20.0,7,0.113,0.001,0.176
Northern Basin and Range,185.0,20.0,4,0.092,0.001,0.053
Sierra Nevada,185.0,20.0,9,0.074,-0.0,0.109
Southern Rockies,185.0,20.0,9,0.094,0.001,0.19
Wasatch and Uinta Mountains,185.0,20.0,9,-0.044,-0.002,0.164
