eco_region,lon,lat,embed dims,rho,slope (last 20),rho reverse
Arizona/New Mexico Mountains,262.5,47.5,2,-0.101,-0.001,-0.025
Blue Mountains,262.5,47.5,2,-0.03,0.001,-0.017
Canadian Rockies,262.5,47.5,10,0.1,-0.0,0.117
Cascades,262.5,47.5,2,0.051,-0.0,0.066
Central Basin and Range,262.5,47.5,2,0.042,0.0,-0.016
Columbia Mountains/Northern Rockies,262.5,47.5,1,0.014,0.001,-0.019
Eastern Cascades Slopes and Foothills,262.5,47.5,2,0.048,0.002,-0.002
Idaho Batholith,262.5,47.5,10,0.053,-0.0,0.127
Klamath Mountains,262.5,47.5,2,-0.148,-0.003,0.028
Middle Rockies,262.5,47.5,2,0.041,0.0,-0.044
North Cascades,262.5,47.5,6,0.133,0.002,0.063
Northern Basin and Range,262.5,47.5,2,-0.043,-0.0,0.089
Sierra Nevada,262.5,47.5,1,-0.001,-0.001,-0.001
Southern Rockies,262.5,47.5,1,-0.028,0.0,-0.058
Wasatch and Uinta Mountains,262.5,47.5,1,0.027,0.001,-0.012
