eco_region,lon,lat,embed dims,rho,slope (last 20),rho reverse
Arizona/New Mexico Mountains,207.5,50.0,10,-0.03,-0.001,-0.011
Blue Mountains,207.5,50.0,10,0.105,0.001,0.121
Canadian Rockies,207.5,50.0,2,0.092,0.0,0.045
Cascades,207.5,50.0,10,0.235,0.003,0.102
Central Basin and Range,207.5,50.0,10,0.05,0.002,0.142
Columbia Mountains/Northern Rockies,207.5,50.0,9,0.11,0.001,0.027
Eastern Cascades Slopes and Foothills,207.5,50.0,10,0.093,0.002,0.127
Idaho Batholith,207.5,50.0,10,0.054,0.0,0.005
Klamath Mountains,207.5,50.0,9,0.03,0.0,0.098
Middle Rockies,207.5,50.0,10,0.101,0.001,0.022
North Cascades,207.5,50.0,8,0.106,0.001,-0.02
Northern Basin and Range,207.5,50.0,10,0.085,0.003,0.106
Sierra Nevada,207.5,50.0,9,0.063,0.001,0.067
Southern Rockies,207.5,50.0,9,0.131,0.001,-0.019
Wasatch and Uinta Mountains,207.5,50.0,1,0.096,0.0,0.032
