eco_region,lon,lat,embed dims,rho,slope (last 20),rho reverse
Arizona/New Mexico Mountains,220.0,55.0,2,0.066,0.0,0.053
Blue Mountains,220.0,55.0,2,-0.014,0.0,-0.026
Canadian Rockies,220.0,55.0,10,0.004,0.0,-0.024
Cascades,220.0,55.0,2,-0.033,-0.0,-0.025
Central Basin and Range,220.0,55.0,2,0.061,0.002,-0.033
Columbia Mountains/Northern Rockies,220.0,55.0,10,0.002,-0.001,-0.102
Eastern Cascades Slopes and Foothills,220.0,55.0,2,0.018,-0.001,-0.016
Idaho Batholith,220.0,55.0,2,-0.034,-0.0,-0.011
Klamath Mountains,220.0,55.0,3,-0.084,-0.002,0.065
Middle Rockies,220.0,55.0,2,-0.006,0.0,-0.048
North Cascades,220.0,55.0,2,0.028,0.0,0.014
Northern Basin and Range,220.0,55.0,2,-0.115,-0.002,0.013
Sierra Nevada,220.0,55.0,7,0.076,0.001,0.063
Southern Rockies,220.0,55.0,10,0.0,0.0,-0.037
Wasatch and Uinta Mountains,220.0,55.0,6,0.072,0.001,0.003
