eco_region,lon,lat,embed dims,rho,slope (last 20),rho reverse
Arizona/New Mexico Mountains,267.5,-12.5,10,0.16,0.002,0.152
Blue Mountains,267.5,-12.5,10,0.209,0.002,0.131
Canadian Rockies,267.5,-12.5,7,-0.014,-0.002,0.159
Cascades,267.5,-12.5,10,0.282,0.002,-0.026
Central Basin and Range,267.5,-12.5,10,0.195,-0.0,0.179
Columbia Mountains/Northern Rockies,267.5,-12.5,9,0.137,-0.0,0.195
Eastern Cascades Slopes and Foothills,267.5,-12.5,9,0.222,0.002,0.223
Idaho Batholith,267.5,-12.5,7,0.138,0.001,0.078
Klamath Mountains,267.5,-12.5,10,0.07,-0.0,0.212
Middle Rockies,267.5,-12.5,10,0.162,0.0,0.173
North Cascades,267.5,-12.5,6,0.131,0.001,0.029
Northern Basin and Range,267.5,-12.5,10,0.195,-0.0,0.095
Sierra Nevada,267.5,-12.5,9,0.133,-0.0,0.209
Southern Rockies,267.5,-12.5,9,0.048,-0.0,0.054
Wasatch and Uinta Mountains,267.5,-12.5,3,-0.047,-0.0,0.018
