eco_region,lon,lat,embed dims,rho,slope (last 20),rho reverse
Arizona/New Mexico Mountains,275.0,22.5,5,0.183,0.001,0.042
Blue Mountains,275.0,22.5,5,0.108,0.001,0.083
Canadian Rockies,275.0,22.5,9,-0.031,0.001,0.056
Cascades,275.0,22.5,5,0.032,0.001,0.126
Central Basin and Range,275.0,22.5,5,0.103,0.002,0.037
Columbia Mountains/Northern Rockies,275.0,22.5,6,0.036,0.0,0.148
Eastern Cascades Slopes and Foothills,275.0,22.5,8,-0.003,-0.001,0.174
Idaho Batholith,275.0,22.5,9,0.062,-0.001,0.115
Klamath Mountains,275.0,22.5,5,0.086,0.002,0.09
Middle Rockies,275.0,22.5,9,0.055,0.001,0.116
North Cascades,275.0,22.5,7,-0.025,-0.0,0.133
Northern Basin and Range,275.0,22.5,6,0.034,-0.0,-0.014
Sierra Nevada,275.0,22.5,6,0.079,-0.001,0.192
Southern Rockies,275.0,22.5,6,-0.037,-0.001,0.024
Wasatch and Uinta Mountains,275.0,22.5,2,0.027,0.001,0.03
