eco_region,lon,lat,embed dims,rho,slope (last 20),rho reverse
Arizona/New Mexico Mountains,270.0,7.5,10,0.119,0.001,0.099
Blue Mountains,270.0,7.5,10,0.13,0.002,0.32
Canadian Rockies,270.0,7.5,5,0.155,0.001,0.161
Cascades,270.0,7.5,10,0.342,0.003,0.415
Central Basin and Range,270.0,7.5,10,0.299,0.002,0.344
Columbia Mountains/Northern Rockies,270.0,7.5,5,0.238,0.001,0.178
Eastern Cascades Slopes and Foothills,270.0,7.5,10,0.227,0.003,0.298
Idaho Batholith,270.0,7.5,4,0.109,0.0,0.086
Klamath Mountains,270.0,7.5,9,0.407,0.002,0.242
Middle Rockies,270.0,7.5,6,0.303,0.001,0.186
North Cascades,270.0,7.5,10,0.351,0.002,0.275
Northern Basin and Range,270.0,7.5,10,0.218,0.001,0.345
Sierra Nevada,270.0,7.5,5,0.227,0.002,0.238
Southern Rockies,270.0,7.5,5,0.192,0.001,0.006
Wasatch and Uinta Mountains,270.0,7.5,8,0.268,0.002,0.237
