eco_region,lon,lat,embed dims,rho,slope (last 20),rho reverse
Arizona/New Mexico Mountains,195.0,55.0,10,0.137,0.003,0.085
Blue Mountains,195.0,55.0,10,0.15,0.002,0.028
Canadian Rockies,195.0,55.0,6,0.228,0.001,0.098
Cascades,195.0,55.0,10,0.099,-0.0,-0.004
Central Basin and Range,195.0,55.0,10,0.157,0.003,0.014
Columbia Mountains/Northern Rockies,195.0,55.0,9,0.227,0.001,0.148
Eastern Cascades Slopes and Foothills,195.0,55.0,7,0.117,0.001,0.045
Idaho Batholith,195.0,55.0,10,-0.003,-0.0,0.026
Klamath Mountains,195.0,55.0,1,0.003,0.0,-0.034
Middle Rockies,195.0,55.0,10,0.053,0.0,0.053
North Cascades,195.0,55.0,1,0.025,0.0,0.055
Northern Basin and Range,195.0,55.0,9,0.067,0.002,0.001
Sierra Nevada,195.0,55.0,9,0.093,0.001,0.01
Southern Rockies,195.0,55.0,9,0.186,0.001,-0.076
Wasatch and Uinta Mountains,195.0,55.0,2,-0.052,0.0,0.013
