eco_region,lon,lat,embed dims,rho,slope (last 20),rho reverse
Arizona/New Mexico Mountains,220.0,55.0,2,0.028,0.001,-0.006
Blue Mountains,220.0,55.0,2,-0.037,0.001,-0.034
Canadian Rockies,220.0,55.0,10,0.1,0.001,-0.0
Cascades,220.0,55.0,2,-0.021,-0.001,0.052
Central Basin and Range,220.0,55.0,2,-0.071,-0.001,-0.054
Columbia Mountains/Northern Rockies,220.0,55.0,10,0.068,0.0,-0.002
Eastern Cascades Slopes and Foothills,220.0,55.0,2,-0.03,-0.0,0.038
Idaho Batholith,220.0,55.0,2,0.001,0.0,-0.003
Klamath Mountains,220.0,55.0,3,0.041,0.0,0.103
Middle Rockies,220.0,55.0,2,-0.038,0.0,0.101
North Cascades,220.0,55.0,2,0.095,0.001,-0.003
Northern Basin and Range,220.0,55.0,2,-0.007,0.0,-0.053
Sierra Nevada,220.0,55.0,7,0.066,0.002,-0.07
Southern Rockies,220.0,55.0,10,-0.003,0.0,-0.034
Wasatch and Uinta Mountains,220.0,55.0,6,-0.03,0.0,-0.041
