eco_region,lon,lat,embed dims,rho,slope (last 20),rho reverse
Arizona/New Mexico Mountains,277.5,7.5,10,0.109,0.002,0.239
Blue Mountains,277.5,7.5,10,0.041,-0.0,0.083
Canadian Rockies,277.5,7.5,9,-0.03,0.0,0.127
Cascades,277.5,7.5,10,0.142,0.001,0.006
Central Basin and Range,277.5,7.5,10,0.161,-0.001,0.115
Columbia Mountains/Northern Rockies,277.5,7.5,6,0.045,0.0,0.153
Eastern Cascades Slopes and Foothills,277.5,7.5,9,0.203,0.002,0.109
Idaho Batholith,277.5,7.5,3,-0.011,0.0,0.058
Klamath Mountains,277.5,7.5,9,0.034,-0.001,0.037
Middle Rockies,277.5,7.5,6,0.046,0.0,0.103
North Cascades,277.5,7.5,10,0.162,0.001,0.065
Northern Basin and Range,277.5,7.5,10,0.048,0.001,0.111
Sierra Nevada,277.5,7.5,5,0.044,-0.0,0.116
Southern Rockies,277.5,7.5,6,-0.031,-0.001,0.035
Wasatch and Uinta Mountains,277.5,7.5,8,-0.083,-0.001,0.212
