eco_region,lon,lat,embed dims,rho,slope (last 20),rho reverse
Arizona/New Mexico Mountains,222.5,40.0,10,0.012,0.002,0.054
Blue Mountains,222.5,40.0,2,0.064,-0.0,0.036
Canadian Rockies,222.5,40.0,6,0.18,0.002,0.08
Cascades,222.5,40.0,2,0.038,0.001,-0.084
Central Basin and Range,222.5,40.0,2,-0.106,-0.002,0.085
Columbia Mountains/Northern Rockies,222.5,40.0,8,0.129,0.0,0.031
Eastern Cascades Slopes and Foothills,222.5,40.0,1,-0.027,-0.0,-0.088
Idaho Batholith,222.5,40.0,8,0.111,0.001,0.095
Klamath Mountains,222.5,40.0,2,-0.054,-0.001,0.154
Middle Rockies,222.5,40.0,8,0.177,0.001,0.055
North Cascades,222.5,40.0,6,0.088,0.0,0.099
Northern Basin and Range,222.5,40.0,10,0.076,0.001,0.152
Sierra Nevada,222.5,40.0,10,0.121,0.0,0.306
Southern Rockies,222.5,40.0,8,0.106,0.003,0.166
Wasatch and Uinta Mountains,222.5,40.0,7,0.044,-0.0,0.143
