eco_region,lon,lat,embed dims,rho,slope (last 20),rho reverse
Arizona/New Mexico Mountains,217.5,45.0,10,-0.007,0.001,0.177
Blue Mountains,217.5,45.0,10,-0.06,-0.001,0.089
Canadian Rockies,217.5,45.0,6,-0.026,-0.001,0.102
Cascades,217.5,45.0,10,0.061,-0.001,0.218
Central Basin and Range,217.5,45.0,10,-0.033,-0.002,0.01
Columbia Mountains/Northern Rockies,217.5,45.0,5,0.055,0.001,0.088
Eastern Cascades Slopes and Foothills,217.5,45.0,10,-0.031,-0.0,0.126
Idaho Batholith,217.5,45.0,6,-0.026,-0.001,-0.07
Klamath Mountains,217.5,45.0,10,-0.028,-0.001,0.196
Middle Rockies,217.5,45.0,1,0.061,0.001,0.029
North Cascades,217.5,45.0,4,-0.048,0.001,0.01
Northern Basin and Range,217.5,45.0,10,-0.004,0.0,0.083
Sierra Nevada,217.5,45.0,1,-0.042,-0.001,-0.01
Southern Rockies,217.5,45.0,5,0.081,0.001,-0.099
Wasatch and Uinta Mountains,217.5,45.0,4,-0.026,-0.0,-0.114
