eco_region,lon,lat,embed dims,rho,slope (last 20),rho reverse
Arizona/New Mexico Mountains,185.0,-10.0,9,0.11,0.001,0.097
Blue Mountains,185.0,-10.0,10,0.172,0.001,0.158
Canadian Rockies,185.0,-10.0,6,0.091,0.0,-0.024
Cascades,185.0,-10.0,10,0.228,0.002,0.24
Central Basin and Range,185.0,-10.0,10,0.179,0.001,0.131
Columbia Mountains/Northern Rockies,185.0,-10.0,9,0.133,0.001,0.114
Eastern Cascades Slopes and Foothills,185.0,-10.0,8,0.219,0.003,0.067
Idaho Batholith,185.0,-10.0,5,0.146,0.001,0.048
Klamath Mountains,185.0,-10.0,7,0.099,-0.001,0.002
Middle Rockies,185.0,-10.0,1,0.045,-0.0,-0.005
North Cascades,185.0,-10.0,3,0.106,0.0,-0.035
Northern Basin and Range,185.0,-10.0,9,0.126,0.002,0.171
Sierra Nevada,185.0,-10.0,1,-0.006,0.001,0.014
Southern Rockies,185.0,-10.0,9,0.159,0.0,0.088
Wasatch and Uinta Mountains,185.0,-10.0,4,-0.034,0.0,0.079
