eco_region,lon,lat,embed dims,rho,slope (last 20),rho reverse
Arizona/New Mexico Mountains,197.5,-15.0,4,-0.019,-0.001,0.019
Blue Mountains,197.5,-15.0,4,-0.03,0.0,-0.041
Canadian Rockies,197.5,-15.0,6,0.101,0.001,0.065
Cascades,197.5,-15.0,4,0.147,0.002,0.063
Central Basin and Range,197.5,-15.0,4,-0.088,-0.001,-0.01
Columbia Mountains/Northern Rockies,197.5,-15.0,1,-0.093,-0.001,0.046
Eastern Cascades Slopes and Foothills,197.5,-15.0,8,0.148,0.001,-0.057
Idaho Batholith,197.5,-15.0,6,0.028,-0.0,0.068
Klamath Mountains,197.5,-15.0,6,-0.005,-0.0,-0.027
Middle Rockies,197.5,-15.0,1,0.077,-0.0,0.11
North Cascades,197.5,-15.0,7,0.011,-0.001,0.142
Northern Basin and Range,197.5,-15.0,7,0.014,0.0,-0.003
Sierra Nevada,197.5,-15.0,1,-0.088,0.0,0.039
Southern Rockies,197.5,-15.0,1,0.002,-0.0,0.003
Wasatch and Uinta Mountains,197.5,-15.0,6,-0.045,-0.001,-0.03
