eco_region,lon,lat,embed dims,rho,slope (last 20),rho reverse
Arizona/New Mexico Mountains,202.5,-2.5,10,0.066,-0.0,0.108
Blue Mountains,202.5,-2.5,10,0.305,0.003,0.208
Canadian Rockies,202.5,-2.5,4,0.207,0.001,0.091
Cascades,202.5,-2.5,10,0.377,0.003,0.304
Central Basin and Range,202.5,-2.5,10,0.365,0.003,0.25
Columbia Mountains/Northern Rockies,202.5,-2.5,10,0.369,0.003,0.266
Eastern Cascades Slopes and Foothills,202.5,-2.5,5,0.283,0.002,0.094
Idaho Batholith,202.5,-2.5,10,0.302,0.001,0.213
Klamath Mountains,202.5,-2.5,9,0.325,0.004,0.221
Middle Rockies,202.5,-2.5,4,0.146,0.001,0.124
North Cascades,202.5,-2.5,3,0.045,0.0,0.021
Northern Basin and Range,202.5,-2.5,10,0.294,0.003,0.207
Sierra Nevada,202.5,-2.5,8,0.396,0.002,0.228
Southern Rockies,202.5,-2.5,10,0.379,0.002,0.219
Wasatch and Uinta Mountains,202.5,-2.5,4,0.102,-0.0,0.197
