eco_region,lon,lat,embed dims,rho,slope (last 20),rho reverse
Arizona/New Mexico Mountains,195.0,-17.5,8,0.028,0.0,-0.102
Blue Mountains,195.0,-17.5,8,-0.094,-0.003,0.12
Canadian Rockies,195.0,-17.5,7,0.069,0.0,0.056
Cascades,195.0,-17.5,8,0.154,0.002,0.114
Central Basin and Range,195.0,-17.5,8,0.12,0.001,0.08
Columbia Mountains/Northern Rockies,195.0,-17.5,1,-0.08,-0.001,0.037
Eastern Cascades Slopes and Foothills,195.0,-17.5,8,0.136,0.001,0.018
Idaho Batholith,195.0,-17.5,7,0.013,0.0,0.094
Klamath Mountains,195.0,-17.5,2,-0.039,-0.002,0.032
Middle Rockies,195.0,-17.5,1,0.069,-0.0,0.052
North Cascades,195.0,-17.5,7,0.005,-0.001,0.224
Northern Basin and Range,195.0,-17.5,8,0.008,-0.001,0.062
Sierra Nevada,195.0,-17.5,2,-0.026,0.0,0.044
Southern Rockies,195.0,-17.5,1,0.031,-0.0,0.029
Wasatch and Uinta Mountains,195.0,-17.5,10,0.011,-0.0,0.057
