eco_region,lon,lat,embed dims,rho,slope (last 20),rho reverse
Arizona/New Mexico Mountains,185.0,60.0,2,0.014,-0.0,-0.034
Blue Mountains,185.0,60.0,2,-0.017,-0.001,0.012
Canadian Rockies,185.0,60.0,4,0.051,-0.0,0.031
Cascades,185.0,60.0,2,0.003,0.001,0.035
Central Basin and Range,185.0,60.0,2,0.057,0.001,0.022
Columbia Mountains/Northern Rockies,185.0,60.0,4,0.063,0.001,-0.025
Eastern Cascades Slopes and Foothills,185.0,60.0,7,0.104,0.001,0.007
Idaho Batholith,185.0,60.0,10,-0.033,-0.0,0.059
Klamath Mountains,185.0,60.0,2,0.152,0.002,0.0
Middle Rockies,185.0,60.0,7,0.048,0.0,-0.032
North Cascades,185.0,60.0,6,0.089,0.001,-0.101
Northern Basin and Range,185.0,60.0,2,0.005,-0.001,-0.086
Sierra Nevada,185.0,60.0,4,0.029,0.001,-0.049
Southern Rockies,185.0,60.0,4,0.014,-0.0,0.033
Wasatch and Uinta Mountains,185.0,60.0,2,-0.029,0.0,-0.004
