eco_region,lon,lat,embed dims,rho,slope (last 20),rho reverse
Arizona/New Mexico Mountains,250.0,15.0,10,0.028,0.001,0.025
Blue Mountains,250.0,15.0,10,0.043,0.0,0.146
Canadian Rockies,250.0,15.0,10,0.264,0.002,0.152
Cascades,250.0,15.0,10,0.277,0.003,0.239
Central Basin and Range,250.0,15.0,10,0.233,0.001,0.123
Columbia Mountains/Northern Rockies,250.0,15.0,10,0.186,0.001,0.203
Eastern Cascades Slopes and Foothills,250.0,15.0,9,0.147,0.003,0.088
Idaho Batholith,250.0,15.0,9,0.184,0.001,0.149
Klamath Mountains,250.0,15.0,2,0.083,0.001,-0.033
Middle Rockies,250.0,15.0,2,0.051,0.001,0.03
North Cascades,250.0,15.0,9,0.13,-0.0,0.203
Northern Basin and Range,250.0,15.0,10,0.096,0.0,0.141
Sierra Nevada,250.0,15.0,10,0.302,0.002,0.169
Southern Rockies,250.0,15.0,10,0.219,0.002,0.058
Wasatch and Uinta Mountains,250.0,15.0,8,0.17,0.001,0.034
