eco_region,lon,lat,embed dims,rho,slope (last 20),rho reverse
Arizona/New Mexico Mountains,262.5,15.0,4,0.119,0.002,0.131
Blue Mountains,262.5,15.0,10,0.069,-0.0,0.14
Canadian Rockies,262.5,15.0,6,0.108,-0.0,0.011
Cascades,262.5,15.0,10,0.164,0.002,0.275
Central Basin and Range,262.5,15.0,10,0.28,0.004,0.221
Columbia Mountains/Northern Rockies,262.5,15.0,5,0.078,0.0,0.011
Eastern Cascades Slopes and Foothills,262.5,15.0,6,0.179,0.002,0.16
Idaho Batholith,262.5,15.0,5,0.052,-0.001,-0.042
Klamath Mountains,262.5,15.0,4,0.045,-0.002,-0.004
Middle Rockies,262.5,15.0,8,0.209,-0.0,0.09
North Cascades,262.5,15.0,6,0.052,-0.0,0.097
Northern Basin and Range,262.5,15.0,10,-0.01,0.0,0.245
Sierra Nevada,262.5,15.0,5,0.214,0.001,0.09
Southern Rockies,262.5,15.0,5,0.103,0.0,0.018
Wasatch and Uinta Mountains,262.5,15.0,6,0.144,0.001,0.094
