eco_region,lon,lat,embed dims,rho,slope (last 20),rho reverse
Arizona/New Mexico Mountains,220.0,-20.0,3,0.091,0.001,0.082
Blue Mountains,220.0,-20.0,4,0.068,0.002,0.083
Canadian Rockies,220.0,-20.0,4,-0.072,-0.001,-0.077
Cascades,220.0,-20.0,4,0.125,0.001,0.129
Central Basin and Range,220.0,-20.0,4,0.0,-0.0,0.135
Columbia Mountains/Northern Rockies,220.0,-20.0,4,-0.041,-0.001,0.089
Eastern Cascades Slopes and Foothills,220.0,-20.0,4,-0.082,-0.002,0.099
Idaho Batholith,220.0,-20.0,4,-0.017,0.0,0.099
Klamath Mountains,220.0,-20.0,10,0.137,-0.0,0.29
Middle Rockies,220.0,-20.0,10,0.153,0.0,0.207
North Cascades,220.0,-20.0,2,-0.042,0.0,0.111
Northern Basin and Range,220.0,-20.0,4,0.068,0.003,-0.02
Sierra Nevada,220.0,-20.0,4,-0.023,0.001,0.149
Southern Rockies,220.0,-20.0,4,-0.039,-0.0,-0.017
Wasatch and Uinta Mountains,220.0,-20.0,7,0.064,-0.0,0.164
