eco_region,lon,lat,embed dims,rho,slope (last 20),rho reverse
Arizona/New Mexico Mountains,265.0,35.0,1,0.027,-0.0,0.015
Blue Mountains,265.0,35.0,1,-0.027,-0.001,0.104
Canadian Rockies,265.0,35.0,7,0.007,-0.0,-0.01
Cascades,265.0,35.0,1,0.049,-0.0,0.068
Central Basin and Range,265.0,35.0,1,0.028,-0.0,0.116
Columbia Mountains/Northern Rockies,265.0,35.0,8,0.121,0.001,0.076
Eastern Cascades Slopes and Foothills,265.0,35.0,9,0.186,0.001,0.085
Idaho Batholith,265.0,35.0,5,0.127,0.0,0.16
Klamath Mountains,265.0,35.0,5,0.181,0.0,0.149
Middle Rockies,265.0,35.0,5,0.02,0.0,0.098
North Cascades,265.0,35.0,1,0.108,0.001,0.081
Northern Basin and Range,265.0,35.0,1,-0.024,0.0,0.094
Sierra Nevada,265.0,35.0,8,0.146,0.0,0.142
Southern Rockies,265.0,35.0,8,0.18,0.001,0.007
Wasatch and Uinta Mountains,265.0,35.0,4,0.065,-0.0,0.103
