eco_region,lon,lat,embed dims,rho,slope (last 20),rho reverse
Arizona/New Mexico Mountains,232.5,32.5,1,0.053,0.001,0.172
Blue Mountains,232.5,32.5,1,0.007,0.0,-0.028
Canadian Rockies,232.5,32.5,3,-0.002,0.0,0.148
Cascades,232.5,32.5,1,0.101,0.001,0.015
Central Basin and Range,232.5,32.5,1,-0.097,-0.001,-0.045
Columbia Mountains/Northern Rockies,232.5,32.5,6,0.081,0.001,0.194
Eastern Cascades Slopes and Foothills,232.5,32.5,9,0.102,0.002,0.168
Idaho Batholith,232.5,32.5,6,0.007,-0.0,0.054
Klamath Mountains,232.5,32.5,1,0.004,-0.002,0.037
Middle Rockies,232.5,32.5,4,0.069,-0.0,0.007
North Cascades,232.5,32.5,9,0.14,0.001,0.213
Northern Basin and Range,232.5,32.5,9,0.116,0.002,0.064
Sierra Nevada,232.5,32.5,4,0.122,0.001,0.247
Southern Rockies,232.5,32.5,6,0.167,0.001,0.12
Wasatch and Uinta Mountains,232.5,32.5,7,0.128,0.001,0.192
