eco_region,lon,lat,embed dims,rho,slope (last 20),rho reverse
Arizona/New Mexico Mountains,277.5,30.0,5,0.035,0.001,-0.023
Blue Mountains,277.5,30.0,2,-0.008,0.0,-0.013
Canadian Rockies,277.5,30.0,9,0.161,0.002,0.07
Cascades,277.5,30.0,2,-0.02,-0.001,-0.008
Central Basin and Range,277.5,30.0,2,0.139,0.001,-0.043
Columbia Mountains/Northern Rockies,277.5,30.0,4,0.061,0.001,0.044
Eastern Cascades Slopes and Foothills,277.5,30.0,1,0.121,0.001,-0.023
Idaho Batholith,277.5,30.0,7,0.135,0.001,0.048
Klamath Mountains,277.5,30.0,9,0.175,0.002,0.143
Middle Rockies,277.5,30.0,4,0.025,0.0,0.122
North Cascades,277.5,30.0,1,0.092,0.001,-0.036
Northern Basin and Range,277.5,30.0,1,-0.029,0.0,0.039
Sierra Nevada,277.5,30.0,4,0.009,-0.0,0.113
Southern Rockies,277.5,30.0,4,0.034,-0.0,0.083
Wasatch and Uinta Mountains,277.5,30.0,1,-0.043,-0.001,0.022
