eco_region,lon,lat,embed dims,rho,slope (last 20),rho reverse
Arizona/New Mexico Mountains,262.5,27.5,1,0.059,-0.001,-0.009
Blue Mountains,262.5,27.5,1,-0.006,-0.001,0.088
Canadian Rockies,262.5,27.5,6,0.124,0.001,0.115
Cascades,262.5,27.5,1,0.028,-0.001,0.081
Central Basin and Range,262.5,27.5,1,0.022,-0.0,0.088
Columbia Mountains/Northern Rockies,262.5,27.5,9,0.082,-0.0,0.136
Eastern Cascades Slopes and Foothills,262.5,27.5,9,0.184,0.002,-0.014
Idaho Batholith,262.5,27.5,9,0.179,0.001,0.156
Klamath Mountains,262.5,27.5,2,0.061,0.0,0.199
Middle Rockies,262.5,27.5,6,0.063,0.0,0.125
North Cascades,262.5,27.5,10,0.183,0.001,0.186
Northern Basin and Range,262.5,27.5,1,0.039,0.0,0.046
Sierra Nevada,262.5,27.5,8,0.091,0.0,0.087
Southern Rockies,262.5,27.5,9,0.109,-0.0,0.057
Wasatch and Uinta Mountains,262.5,27.5,7,0.138,0.001,0.058
