eco_region,lon,lat,embed dims,rho,slope (last 20),rho reverse
Arizona/New Mexico Mountains,207.5,37.5,1,0.042,0.0,0.02
Blue Mountains,207.5,37.5,3,0.114,0.001,0.021
Canadian Rockies,207.5,37.5,8,-0.048,0.001,0.029
Cascades,207.5,37.5,3,-0.001,-0.002,-0.007
Central Basin and Range,207.5,37.5,3,-0.02,-0.001,0.043
Columbia Mountains/Northern Rockies,207.5,37.5,2,0.078,0.0,0.054
Eastern Cascades Slopes and Foothills,207.5,37.5,1,-0.08,-0.002,0.028
Idaho Batholith,207.5,37.5,7,0.048,0.001,-0.052
Klamath Mountains,207.5,37.5,1,-0.079,-0.001,0.051
Middle Rockies,207.5,37.5,10,0.077,0.0,-0.024
North Cascades,207.5,37.5,5,0.061,0.001,0.167
Northern Basin and Range,207.5,37.5,3,0.057,-0.0,0.079
Sierra Nevada,207.5,37.5,10,0.101,0.001,0.029
Southern Rockies,207.5,37.5,2,-0.025,-0.001,0.067
Wasatch and Uinta Mountains,207.5,37.5,7,0.054,0.0,-0.106
