eco_region,lon,lat,embed dims,rho,slope (last 20),rho reverse
Arizona/New Mexico Mountains,245.0,7.5,10,0.117,0.002,0.061
Blue Mountains,245.0,7.5,10,0.017,-0.0,0.014
Canadian Rockies,245.0,7.5,8,0.06,0.001,0.216
Cascades,245.0,7.5,10,0.233,0.002,0.184
Central Basin and Range,245.0,7.5,10,0.187,-0.001,-0.066
Columbia Mountains/Northern Rockies,245.0,7.5,6,0.085,-0.0,0.075
Eastern Cascades Slopes and Foothills,245.0,7.5,7,0.112,0.001,-0.031
Idaho Batholith,245.0,7.5,6,0.039,-0.0,0.126
Klamath Mountains,245.0,7.5,8,0.055,0.001,0.041
Middle Rockies,245.0,7.5,4,0.048,0.0,0.1
North Cascades,245.0,7.5,8,0.155,0.0,0.094
Northern Basin and Range,245.0,7.5,10,0.08,-0.001,-0.025
Sierra Nevada,245.0,7.5,6,0.044,0.0,0.03
Southern Rockies,245.0,7.5,6,0.039,0.001,0.084
Wasatch and Uinta Mountains,245.0,7.5,9,-0.039,-0.002,0.006
