eco_region,lon,lat,embed dims,rho,slope (last 20),rho reverse
Arizona/New Mexico Mountains,180.0,30.0,2,0.018,0.0,-0.001
Blue Mountains,180.0,30.0,2,0.095,0.0,-0.043
Canadian Rockies,180.0,30.0,10,0.024,0.001,-0.026
Cascades,180.0,30.0,2,-0.006,0.001,0.044
Central Basin and Range,180.0,30.0,2,0.104,0.0,-0.006
Columbia Mountains/Northern Rockies,180.0,30.0,3,-0.025,0.0,0.038
Eastern Cascades Slopes and Foothills,180.0,30.0,2,-0.014,0.001,-0.039
Idaho Batholith,180.0,30.0,4,-0.028,0.0,0.011
Klamath Mountains,180.0,30.0,2,-0.031,-0.001,-0.049
Middle Rockies,180.0,30.0,4,0.046,-0.0,0.051
North Cascades,180.0,30.0,10,0.13,0.002,0.028
Northern Basin and Range,180.0,30.0,2,-0.094,-0.0,-0.042
Sierra Nevada,180.0,30.0,3,0.014,0.001,0.04
Southern Rockies,180.0,30.0,3,0.018,0.001,0.084
Wasatch and Uinta Mountains,180.0,30.0,10,0.023,0.001,0.023
