eco_region,lon,lat,embed dims,rho,slope (last 20),rho reverse
Arizona/New Mexico Mountains,225.0,30.0,10,0.039,0.001,0.067
Blue Mountains,225.0,30.0,10,0.068,0.001,0.138
Canadian Rockies,225.0,30.0,6,0.194,0.001,0.113
Cascades,225.0,30.0,10,0.252,0.003,0.181
Central Basin and Range,225.0,30.0,10,0.275,0.002,0.171
Columbia Mountains/Northern Rockies,225.0,30.0,8,0.273,0.001,0.133
Eastern Cascades Slopes and Foothills,225.0,30.0,9,0.271,0.002,0.137
Idaho Batholith,225.0,30.0,8,0.147,0.001,0.029
Klamath Mountains,225.0,30.0,10,0.194,0.003,0.203
Middle Rockies,225.0,30.0,8,0.176,0.002,0.06
North Cascades,225.0,30.0,10,0.247,0.003,0.194
Northern Basin and Range,225.0,30.0,10,0.128,0.002,0.133
Sierra Nevada,225.0,30.0,8,0.276,0.0,0.168
Southern Rockies,225.0,30.0,8,0.193,0.001,0.038
Wasatch and Uinta Mountains,225.0,30.0,7,0.337,0.002,0.081
