eco_region,lon,lat,embed dims,rho,slope (last 20),rho reverse
Arizona/New Mexico Mountains,197.5,40.0,4,0.146,0.0,-0.092
Blue Mountains,197.5,40.0,4,0.102,0.0,-0.012
Canadian Rockies,197.5,40.0,7,0.111,0.001,0.048
Cascades,197.5,40.0,4,0.11,0.002,0.029
Central Basin and Range,197.5,40.0,4,0.021,0.0,0.006
Columbia Mountains/Northern Rockies,197.5,40.0,1,0.015,-0.0,-0.056
Eastern Cascades Slopes and Foothills,197.5,40.0,3,0.083,0.001,0.045
Idaho Batholith,197.5,40.0,8,0.136,0.002,0.06
Klamath Mountains,197.5,40.0,1,-0.095,-0.001,0.067
Middle Rockies,197.5,40.0,10,-0.012,-0.0,-0.046
North Cascades,197.5,40.0,6,0.118,0.001,-0.014
Northern Basin and Range,197.5,40.0,3,0.036,0.001,0.076
Sierra Nevada,197.5,40.0,6,0.052,-0.0,0.169
Southern Rockies,197.5,40.0,1,0.072,0.001,0.004
Wasatch and Uinta Mountains,197.5,40.0,7,0.018,-0.001,0.104
