eco_region,lon,lat,embed dims,rho,slope (last 20),rho reverse
Arizona/New Mexico Mountains,202.5,-10.0,6,0.097,0.0,-0.006
Blue Mountains,202.5,-10.0,6,0.282,0.003,0.177
Canadian Rockies,202.5,-10.0,9,0.274,0.001,0.165
Cascades,202.5,-10.0,6,0.32,0.002,0.218
Central Basin and Range,202.5,-10.0,6,0.147,0.002,0.213
Columbia Mountains/Northern Rockies,202.5,-10.0,10,0.354,0.003,0.295
Eastern Cascades Slopes and Foothills,202.5,-10.0,4,0.134,0.001,0.009
Idaho Batholith,202.5,-10.0,9,0.243,0.002,0.265
Klamath Mountains,202.5,-10.0,9,0.258,0.002,0.186
Middle Rockies,202.5,-10.0,5,0.148,-0.0,0.069
North Cascades,202.5,-10.0,10,0.331,0.002,0.295
Northern Basin and Range,202.5,-10.0,6,0.13,0.002,0.162
Sierra Nevada,202.5,-10.0,5,0.163,0.001,0.074
Southern Rockies,202.5,-10.0,10,0.4,0.002,0.252
Wasatch and Uinta Mountains,202.5,-10.0,6,0.226,0.001,0.268
