eco_region,lon,lat,embed dims,rho,slope (last 20),rho reverse
Arizona/New Mexico Mountains,180.0,52.5,10,0.092,0.002,0.072
Blue Mountains,180.0,52.5,10,0.077,0.001,-0.023
Canadian Rockies,180.0,52.5,9,0.066,0.001,0.039
Cascades,180.0,52.5,10,-0.013,-0.001,-0.053
Central Basin and Range,180.0,52.5,10,0.105,0.003,-0.054
Columbia Mountains/Northern Rockies,180.0,52.5,1,0.039,0.0,-0.05
Eastern Cascades Slopes and Foothills,180.0,52.5,3,0.07,0.002,0.001
Idaho Batholith,180.0,52.5,1,0.073,0.0,-0.084
Klamath Mountains,180.0,52.5,10,-0.006,0.001,0.104
Middle Rockies,180.0,52.5,1,0.037,-0.0,-0.05
North Cascades,180.0,52.5,2,-0.052,-0.001,-0.11
Northern Basin and Range,180.0,52.5,10,-0.024,-0.0,0.01
Sierra Nevada,180.0,52.5,1,0.088,0.001,-0.087
Southern Rockies,180.0,52.5,1,0.005,0.0,-0.039
Wasatch and Uinta Mountains,180.0,52.5,10,0.06,0.001,0.003
