eco_region,lon,lat,embed dims,rho,slope (last 20),rho reverse
Arizona/New Mexico Mountains,217.5,-17.5,3,0.08,0.001,0.087
Blue Mountains,217.5,-17.5,3,0.007,0.001,0.131
Canadian Rockies,217.5,-17.5,7,0.223,0.0,0.101
Cascades,217.5,-17.5,3,0.116,0.0,0.164
Central Basin and Range,217.5,-17.5,3,-0.002,-0.001,0.144
Columbia Mountains/Northern Rockies,217.5,-17.5,3,0.029,-0.001,0.131
Eastern Cascades Slopes and Foothills,217.5,-17.5,2,0.045,0.001,0.125
Idaho Batholith,217.5,-17.5,7,0.267,0.001,0.161
Klamath Mountains,217.5,-17.5,2,-0.009,0.0,0.185
Middle Rockies,217.5,-17.5,7,0.274,0.001,0.179
North Cascades,217.5,-17.5,3,0.013,0.0,0.1
Northern Basin and Range,217.5,-17.5,3,0.047,0.003,0.069
Sierra Nevada,217.5,-17.5,3,0.005,0.0,0.248
Southern Rockies,217.5,-17.5,3,0.072,0.002,-0.029
Wasatch and Uinta Mountains,217.5,-17.5,7,0.112,0.001,0.277
