eco_region,lon,lat,embed dims,rho,slope (last 20),rho reverse
Arizona/New Mexico Mountains,272.5,22.5,5,0.076,0.001,0.088
Blue Mountains,272.5,22.5,9,0.142,0.002,0.091
Canadian Rockies,272.5,22.5,10,0.159,0.0,0.052
Cascades,272.5,22.5,9,0.148,0.001,0.147
Central Basin and Range,272.5,22.5,9,0.24,0.002,0.084
Columbia Mountains/Northern Rockies,272.5,22.5,4,0.088,0.0,0.075
Eastern Cascades Slopes and Foothills,272.5,22.5,9,0.217,0.002,0.04
Idaho Batholith,272.5,22.5,5,0.125,-0.001,0.09
Klamath Mountains,272.5,22.5,3,0.041,-0.002,0.001
Middle Rockies,272.5,22.5,8,0.107,0.0,0.075
North Cascades,272.5,22.5,8,0.149,0.001,0.161
Northern Basin and Range,272.5,22.5,5,0.209,0.003,0.054
Sierra Nevada,272.5,22.5,5,0.158,0.001,0.007
Southern Rockies,272.5,22.5,4,0.068,-0.0,0.027
Wasatch and Uinta Mountains,272.5,22.5,3,0.056,0.001,0.05
