eco_region,lon,lat,embed dims,rho,slope (last 20),rho reverse
Arizona/New Mexico Mountains,187.5,42.5,6,-0.065,-0.001,0.045
Blue Mountains,187.5,42.5,3,0.03,0.001,0.008
Canadian Rockies,187.5,42.5,6,0.107,0.001,0.075
Cascades,187.5,42.5,3,0.032,-0.0,0.051
Central Basin and Range,187.5,42.5,3,-0.011,-0.001,-0.009
Columbia Mountains/Northern Rockies,187.5,42.5,6,0.093,0.001,0.088
Eastern Cascades Slopes and Foothills,187.5,42.5,10,0.097,0.002,0.004
Idaho Batholith,187.5,42.5,5,0.193,0.002,0.022
Klamath Mountains,187.5,42.5,5,0.03,0.0,-0.056
Middle Rockies,187.5,42.5,10,-0.023,0.0,0.074
North Cascades,187.5,42.5,3,0.021,-0.0,0.014
Northern Basin and Range,187.5,42.5,6,0.109,0.001,0.061
Sierra Nevada,187.5,42.5,6,-0.018,-0.001,0.16
Southern Rockies,187.5,42.5,6,0.037,-0.0,-0.022
Wasatch and Uinta Mountains,187.5,42.5,9,0.039,-0.0,-0.006
