eco_region,lon,lat,embed dims,rho,slope (last 20),rho reverse
Arizona/New Mexico Mountains,237.5,-5.0,7,0.082,0.001,0.089
Blue Mountains,237.5,-5.0,10,0.232,0.002,0.163
Canadian Rockies,237.5,-5.0,9,0.359,0.001,0.245
Cascades,237.5,-5.0,10,0.35,0.003,0.232
Central Basin and Range,237.5,-5.0,10,0.352,0.004,0.129
Columbia Mountains/Northern Rockies,237.5,-5.0,7,0.305,0.002,0.261
Eastern Cascades Slopes and Foothills,237.5,-5.0,6,0.168,0.002,0.034
Idaho Batholith,237.5,-5.0,9,0.264,0.001,0.211
Klamath Mountains,237.5,-5.0,7,0.346,0.002,0.282
Middle Rockies,237.5,-5.0,10,0.333,0.002,0.244
North Cascades,237.5,-5.0,4,0.164,0.001,0.027
Northern Basin and Range,237.5,-5.0,10,0.129,0.001,0.234
Sierra Nevada,237.5,-5.0,7,0.162,0.0,0.198
Southern Rockies,237.5,-5.0,7,0.125,-0.0,0.123
Wasatch and Uinta Mountains,237.5,-5.0,7,0.122,0.001,0.081
