eco_region,lon,lat,embed dims,rho,slope (last 20),rho reverse
Arizona/New Mexico Mountains,202.5,55.0,9,0.108,0.001,-0.073
Blue Mountains,202.5,55.0,9,0.136,0.0,-0.056
Canadian Rockies,202.5,55.0,1,0.086,0.0,0.129
Cascades,202.5,55.0,9,0.16,0.001,0.071
Central Basin and Range,202.5,55.0,9,0.183,0.003,0.056
Columbia Mountains/Northern Rockies,202.5,55.0,7,0.195,0.001,0.079
Eastern Cascades Slopes and Foothills,202.5,55.0,8,0.15,0.001,-0.049
Idaho Batholith,202.5,55.0,8,0.012,0.0,0.094
Klamath Mountains,202.5,55.0,8,0.077,0.001,-0.046
Middle Rockies,202.5,55.0,8,0.091,-0.001,0.055
North Cascades,202.5,55.0,9,0.113,0.001,-0.031
Northern Basin and Range,202.5,55.0,9,0.125,0.002,0.107
Sierra Nevada,202.5,55.0,8,0.047,0.0,-0.01
Southern Rockies,202.5,55.0,7,0.126,0.001,-0.018
Wasatch and Uinta Mountains,202.5,55.0,2,-0.07,-0.0,0.022
