eco_region,lon,lat,embed dims,rho,slope (last 20),rho reverse
Arizona/New Mexico Mountains,247.5,22.5,10,0.101,0.002,0.08
Blue Mountains,247.5,22.5,10,-0.029,-0.001,0.0
Canadian Rockies,247.5,22.5,1,-0.077,-0.001,0.08
Cascades,247.5,22.5,10,0.13,0.001,-0.009
Central Basin and Range,247.5,22.5,10,0.058,-0.001,-0.061
Columbia Mountains/Northern Rockies,247.5,22.5,5,0.048,0.001,0.059
Eastern Cascades Slopes and Foothills,247.5,22.5,3,0.019,0.0,0.098
Idaho Batholith,247.5,22.5,5,0.006,-0.0,0.02
Klamath Mountains,247.5,22.5,10,0.106,-0.001,0.035
Middle Rockies,247.5,22.5,6,0.037,0.0,0.063
North Cascades,247.5,22.5,1,-0.036,-0.0,0.027
Northern Basin and Range,247.5,22.5,10,0.055,-0.0,-0.029
Sierra Nevada,247.5,22.5,10,0.115,0.0,-0.024
Southern Rockies,247.5,22.5,5,-0.012,-0.0,0.041
Wasatch and Uinta Mountains,247.5,22.5,3,-0.13,-0.001,0.065
