eco_region,lon,lat,embed dims,rho,slope (last 20),rho reverse
Arizona/New Mexico Mountains,202.5,2.5,10,0.069,0.0,0.282
Blue Mountains,202.5,2.5,10,-0.047,0.0,0.047
Canadian Rockies,202.5,2.5,5,0.054,-0.0,-0.076
Cascades,202.5,2.5,10,0.167,0.001,0.194
Central Basin and Range,202.5,2.5,10,-0.009,-0.003,0.044
Columbia Mountains/Northern Rockies,202.5,2.5,10,-0.01,-0.001,0.093
Eastern Cascades Slopes and Foothills,202.5,2.5,5,-0.029,-0.001,0.13
Idaho Batholith,202.5,2.5,10,0.062,0.001,0.08
Klamath Mountains,202.5,2.5,9,0.199,-0.001,0.171
Middle Rockies,202.5,2.5,5,0.04,-0.0,0.044
North Cascades,202.5,2.5,3,-0.008,-0.001,-0.004
Northern Basin and Range,202.5,2.5,6,-0.061,-0.001,-0.048
Sierra Nevada,202.5,2.5,5,-0.006,-0.001,0.037
Southern Rockies,202.5,2.5,10,0.195,0.001,0.062
Wasatch and Uinta Mountains,202.5,2.5,5,-0.011,-0.001,0.095
