eco_region,lon,lat,embed dims,rho,slope (last 20),rho reverse
Arizona/New Mexico Mountains,222.5,47.5,10,-0.045,0.001,0.174
Blue Mountains,222.5,47.5,10,-0.041,-0.0,-0.004
Canadian Rockies,222.5,47.5,10,0.037,0.0,0.039
Cascades,222.5,47.5,10,0.052,-0.0,0.04
Central Basin and Range,222.5,47.5,10,-0.035,-0.002,-0.017
Columbia Mountains/Northern Rockies,222.5,47.5,5,0.047,0.0,0.044
Eastern Cascades Slopes and Foothills,222.5,47.5,1,0.049,0.001,0.039
Idaho Batholith,222.5,47.5,3,0.012,-0.0,-0.01
Klamath Mountains,222.5,47.5,2,0.15,0.001,0.095
Middle Rockies,222.5,47.5,1,0.046,0.001,-0.048
North Cascades,222.5,47.5,2,0.076,0.001,0.077
Northern Basin and Range,222.5,47.5,10,-0.011,0.0,0.036
Sierra Nevada,222.5,47.5,6,0.036,-0.0,0.131
Southern Rockies,222.5,47.5,5,0.036,0.001,-0.039
Wasatch and Uinta Mountains,222.5,47.5,6,-0.037,-0.001,-0.033
