eco_region,lon,lat,embed dims,rho,slope (last 20),rho reverse
Arizona/New Mexico Mountains,185.0,2.5,3,0.035,0.0,0.14
Blue Mountains,185.0,2.5,10,0.243,0.002,0.142
Canadian Rockies,185.0,2.5,10,0.203,0.001,0.103
Cascades,185.0,2.5,10,0.192,0.001,0.196
Central Basin and Range,185.0,2.5,10,0.211,0.001,0.073
Columbia Mountains/Northern Rockies,185.0,2.5,8,0.178,0.001,0.103
Eastern Cascades Slopes and Foothills,185.0,2.5,2,0.112,-0.0,0.035
Idaho Batholith,185.0,2.5,9,0.179,0.001,-0.035
Klamath Mountains,185.0,2.5,8,0.322,0.0,0.211
Middle Rockies,185.0,2.5,1,0.032,0.0,-0.037
North Cascades,185.0,2.5,2,-0.026,-0.0,0.016
Northern Basin and Range,185.0,2.5,10,0.24,0.003,0.046
Sierra Nevada,185.0,2.5,8,0.236,0.0,0.068
Southern Rockies,185.0,2.5,8,0.286,0.002,0.073
Wasatch and Uinta Mountains,185.0,2.5,1,0.003,-0.0,0.065
