eco_region,lon,lat,embed dims,rho,slope (last 20),rho reverse
Arizona/New Mexico Mountains,200.0,40.0,3,0.081,-0.0,-0.074
Blue Mountains,200.0,40.0,3,0.057,0.001,0.095
Canadian Rockies,200.0,40.0,8,0.105,0.002,0.091
Cascades,200.0,40.0,3,0.027,-0.001,0.132
Central Basin and Range,200.0,40.0,3,0.005,-0.0,0.042
Columbia Mountains/Northern Rockies,200.0,40.0,6,0.083,0.001,0.107
Eastern Cascades Slopes and Foothills,200.0,40.0,3,0.074,0.001,0.011
Idaho Batholith,200.0,40.0,8,0.157,0.002,-0.013
Klamath Mountains,200.0,40.0,5,0.178,0.002,0.029
Middle Rockies,200.0,40.0,4,0.094,0.0,0.002
North Cascades,200.0,40.0,6,0.111,0.001,-0.03
Northern Basin and Range,200.0,40.0,3,0.036,0.001,0.068
Sierra Nevada,200.0,40.0,5,0.063,0.001,0.107
Southern Rockies,200.0,40.0,6,0.075,0.0,0.04
Wasatch and Uinta Mountains,200.0,40.0,7,0.03,-0.001,0.067
