eco_region,lon,lat,embed dims,rho,slope (last 20),rho reverse
Arizona/New Mexico Mountains,190.0,7.5,10,0.018,-0.001,0.053
Blue Mountains,190.0,7.5,10,0.227,0.002,0.19
Canadian Rockies,190.0,7.5,10,0.252,0.002,0.18
Cascades,190.0,7.5,10,0.308,0.002,0.26
Central Basin and Range,190.0,7.5,10,0.271,0.002,0.164
Columbia Mountains/Northern Rockies,190.0,7.5,8,0.268,0.002,0.264
Eastern Cascades Slopes and Foothills,190.0,7.5,10,0.323,0.002,0.116
Idaho Batholith,190.0,7.5,10,0.297,0.002,0.08
Klamath Mountains,190.0,7.5,9,0.376,0.002,0.201
Middle Rockies,190.0,7.5,1,0.048,0.0,0.078
North Cascades,190.0,7.5,2,0.075,-0.0,-0.004
Northern Basin and Range,190.0,7.5,10,0.285,0.003,0.099
Sierra Nevada,190.0,7.5,10,0.319,0.002,0.185
Southern Rockies,190.0,7.5,8,0.265,0.001,0.165
Wasatch and Uinta Mountains,190.0,7.5,2,-0.101,-0.001,-0.012
