eco_region,lon,lat,embed dims,rho,slope (last 20),rho reverse
Arizona/New Mexico Mountains,232.5,-15.0,10,0.148,0.001,0.337
Blue Mountains,232.5,-15.0,10,0.081,0.001,0.148
Canadian Rockies,232.5,-15.0,6,0.102,0.0,0.166
Cascades,232.5,-15.0,10,0.105,0.001,0.148
Central Basin and Range,232.5,-15.0,10,0.106,-0.001,0.19
Columbia Mountains/Northern Rockies,232.5,-15.0,5,0.056,0.001,0.152
Eastern Cascades Slopes and Foothills,232.5,-15.0,8,0.088,0.001,0.177
Idaho Batholith,232.5,-15.0,5,-0.064,-0.001,0.159
Klamath Mountains,232.5,-15.0,6,0.096,0.0,0.2
Middle Rockies,232.5,-15.0,9,0.14,0.0,0.192
North Cascades,232.5,-15.0,4,0.07,-0.0,0.081
Northern Basin and Range,232.5,-15.0,10,0.006,-0.002,0.103
Sierra Nevada,232.5,-15.0,5,0.07,-0.0,0.123
Southern Rockies,232.5,-15.0,5,-0.06,-0.001,0.073
Wasatch and Uinta Mountains,232.5,-15.0,6,-0.003,-0.0,0.131
