eco_region,lon,lat,embed dims,rho,slope (last 20),rho reverse
Arizona/New Mexico Mountains,202.5,35.0,4,0.163,0.001,-0.127
Blue Mountains,202.5,35.0,1,-0.044,-0.001,-0.065
Canadian Rockies,202.5,35.0,5,0.066,0.001,0.027
Cascades,202.5,35.0,1,0.036,0.0,0.007
Central Basin and Range,202.5,35.0,1,0.023,0.0,-0.019
Columbia Mountains/Northern Rockies,202.5,35.0,3,0.045,0.0,0.011
Eastern Cascades Slopes and Foothills,202.5,35.0,1,-0.077,-0.001,0.037
Idaho Batholith,202.5,35.0,3,-0.052,0.0,0.042
Klamath Mountains,202.5,35.0,1,-0.096,-0.001,-0.012
Middle Rockies,202.5,35.0,4,0.04,-0.0,-0.03
North Cascades,202.5,35.0,4,0.091,0.0,0.014
Northern Basin and Range,202.5,35.0,1,-0.053,-0.001,-0.033
Sierra Nevada,202.5,35.0,3,0.037,0.001,0.012
Southern Rockies,202.5,35.0,3,0.08,0.002,-0.004
Wasatch and Uinta Mountains,202.5,35.0,10,0.065,-0.0,0.108
