eco_region,lon,lat,embed dims,rho,slope (last 20),rho reverse
Arizona/New Mexico Mountains,227.5,27.5,10,0.092,0.001,0.11
Blue Mountains,227.5,27.5,10,0.087,0.001,0.158
Canadian Rockies,227.5,27.5,6,0.184,0.001,0.062
Cascades,227.5,27.5,10,0.287,0.003,0.268
Central Basin and Range,227.5,27.5,10,0.274,0.003,0.181
Columbia Mountains/Northern Rockies,227.5,27.5,10,0.243,0.002,0.115
Eastern Cascades Slopes and Foothills,227.5,27.5,6,0.243,0.002,0.22
Idaho Batholith,227.5,27.5,5,0.134,0.001,0.066
Klamath Mountains,227.5,27.5,10,0.201,0.002,0.145
Middle Rockies,227.5,27.5,4,0.164,0.001,-0.041
North Cascades,227.5,27.5,8,0.274,0.002,0.199
Northern Basin and Range,227.5,27.5,10,0.155,0.001,0.217
Sierra Nevada,227.5,27.5,10,0.309,0.001,0.16
Southern Rockies,227.5,27.5,10,0.177,0.001,0.08
Wasatch and Uinta Mountains,227.5,27.5,7,0.341,0.002,0.069
