eco_region,lon,lat,embed dims,rho,slope (last 20),rho reverse
Arizona/New Mexico Mountains,240.0,-2.5,7,0.195,0.002,0.162
Blue Mountains,240.0,-2.5,10,0.222,0.002,0.366
Canadian Rockies,240.0,-2.5,9,0.363,0.001,0.267
Cascades,240.0,-2.5,10,0.335,0.003,0.437
Central Basin and Range,240.0,-2.5,10,0.352,0.002,0.333
Columbia Mountains/Northern Rockies,240.0,-2.5,9,0.334,0.002,0.339
Eastern Cascades Slopes and Foothills,240.0,-2.5,10,0.314,0.003,0.21
Idaho Batholith,240.0,-2.5,9,0.329,0.002,0.322
Klamath Mountains,240.0,-2.5,7,0.299,0.001,0.145
Middle Rockies,240.0,-2.5,9,0.372,0.002,0.331
North Cascades,240.0,-2.5,4,0.215,0.002,0.253
Northern Basin and Range,240.0,-2.5,7,0.179,0.001,0.265
Sierra Nevada,240.0,-2.5,9,0.357,0.001,0.331
Southern Rockies,240.0,-2.5,9,0.394,0.001,0.26
Wasatch and Uinta Mountains,240.0,-2.5,5,0.058,0.001,0.132
