eco_region,lon,lat,embed dims,rho,slope (last 20),rho reverse
Arizona/New Mexico Mountains,255.0,20.0,3,-0.009,0.0,0.012
Blue Mountains,255.0,20.0,4,-0.032,-0.001,0.033
Canadian Rockies,255.0,20.0,8,-0.031,0.0,-0.09
Cascades,255.0,20.0,4,-0.005,-0.001,-0.159
Central Basin and Range,255.0,20.0,4,-0.041,-0.0,-0.01
Columbia Mountains/Northern Rockies,255.0,20.0,5,0.098,0.001,-0.001
Eastern Cascades Slopes and Foothills,255.0,20.0,5,0.024,-0.0,0.139
Idaho Batholith,255.0,20.0,5,-0.014,-0.0,0.073
Klamath Mountains,255.0,20.0,3,0.18,0.003,0.139
Middle Rockies,255.0,20.0,5,-0.016,-0.0,-0.006
North Cascades,255.0,20.0,4,-0.129,-0.001,-0.132
Northern Basin and Range,255.0,20.0,3,0.08,0.002,-0.06
Sierra Nevada,255.0,20.0,5,-0.012,-0.0,0.004
Southern Rockies,255.0,20.0,5,-0.087,-0.0,0.064
Wasatch and Uinta Mountains,255.0,20.0,3,-0.083,-0.001,-0.024
