eco_region,lon,lat,embed dims,rho,slope (last 20),rho reverse
Arizona/New Mexico Mountains,242.5,17.5,5,0.092,0.001,0.036
Blue Mountains,242.5,17.5,5,-0.036,-0.0,0.024
Canadian Rockies,242.5,17.5,8,0.165,0.001,0.097
Cascades,242.5,17.5,5,0.169,0.001,0.061
Central Basin and Range,242.5,17.5,5,0.103,0.001,0.038
Columbia Mountains/Northern Rockies,242.5,17.5,7,0.17,0.002,0.102
Eastern Cascades Slopes and Foothills,242.5,17.5,10,0.228,0.002,0.138
Idaho Batholith,242.5,17.5,7,0.122,0.0,0.028
Klamath Mountains,242.5,17.5,5,0.17,0.001,0.082
Middle Rockies,242.5,17.5,6,0.053,-0.0,0.111
North Cascades,242.5,17.5,10,0.213,0.002,0.088
Northern Basin and Range,242.5,17.5,5,0.116,0.002,-0.025
Sierra Nevada,242.5,17.5,7,0.104,0.0,0.129
Southern Rockies,242.5,17.5,7,0.075,0.0,0.061
Wasatch and Uinta Mountains,242.5,17.5,5,0.033,0.001,0.091
