eco_region,lon,lat,embed dims,rho,slope (last 20),rho reverse
Arizona/New Mexico Mountains,225.0,7.5,9,0.122,0.001,0.191
Blue Mountains,225.0,7.5,10,-0.006,-0.0,0.036
Canadian Rockies,225.0,7.5,4,-0.022,-0.0,0.022
Cascades,225.0,7.5,10,0.236,0.001,0.208
Central Basin and Range,225.0,7.5,10,0.109,-0.001,0.085
Columbia Mountains/Northern Rockies,225.0,7.5,7,0.115,0.0,0.09
Eastern Cascades Slopes and Foothills,225.0,7.5,9,0.154,0.002,0.074
Idaho Batholith,225.0,7.5,9,0.105,-0.0,0.064
Klamath Mountains,225.0,7.5,9,0.104,-0.002,0.135
Middle Rockies,225.0,7.5,10,0.087,-0.0,0.052
North Cascades,225.0,7.5,3,0.078,-0.0,0.1
Northern Basin and Range,225.0,7.5,9,0.039,0.0,-0.059
Sierra Nevada,225.0,7.5,9,0.041,-0.001,0.037
Southern Rockies,225.0,7.5,7,-0.046,-0.001,0.045
Wasatch and Uinta Mountains,225.0,7.5,4,-0.073,0.0,0.046
