eco_region,lon,lat,embed dims,rho,slope (last 20),rho reverse
Arizona/New Mexico Mountains,267.5,0.0,10,0.1,0.002,0.154
Blue Mountains,267.5,0.0,10,0.061,-0.0,0.162
Canadian Rockies,267.5,0.0,5,0.076,0.0,0.076
Cascades,267.5,0.0,10,0.234,0.002,0.211
Central Basin and Range,267.5,0.0,10,0.166,-0.001,0.153
Columbia Mountains/Northern Rockies,267.5,0.0,3,0.033,0.001,-0.076
Eastern Cascades Slopes and Foothills,267.5,0.0,9,0.206,0.002,0.157
Idaho Batholith,267.5,0.0,5,0.021,-0.0,0.045
Klamath Mountains,267.5,0.0,8,0.084,0.001,0.19
Middle Rockies,267.5,0.0,6,0.064,0.0,0.091
North Cascades,267.5,0.0,10,0.209,0.002,0.173
Northern Basin and Range,267.5,0.0,10,0.122,0.0,0.148
Sierra Nevada,267.5,0.0,5,0.106,-0.0,0.106
Southern Rockies,267.5,0.0,3,-0.024,0.001,-0.068
Wasatch and Uinta Mountains,267.5,0.0,5,-0.166,-0.001,0.057
