eco_region,lon,lat,embed dims,rho,slope (last 20),rho reverse
Arizona/New Mexico Mountains,202.5,-17.5,7,0.146,0.003,-0.054
Blue Mountains,202.5,-17.5,7,0.178,0.002,0.109
Canadian Rockies,202.5,-17.5,7,0.207,0.002,0.041
Cascades,202.5,-17.5,7,0.235,0.002,0.245
Central Basin and Range,202.5,-17.5,7,0.094,0.001,0.178
Columbia Mountains/Northern Rockies,202.5,-17.5,7,0.177,0.001,0.142
Eastern Cascades Slopes and Foothills,202.5,-17.5,6,0.141,0.001,0.065
Idaho Batholith,202.5,-17.5,7,0.178,0.001,0.211
Klamath Mountains,202.5,-17.5,2,-0.002,-0.001,0.068
Middle Rockies,202.5,-17.5,1,0.049,-0.0,0.058
North Cascades,202.5,-17.5,7,0.143,0.001,0.149
Northern Basin and Range,202.5,-17.5,7,0.151,0.001,0.135
Sierra Nevada,202.5,-17.5,1,-0.09,0.0,0.033
Southern Rockies,202.5,-17.5,7,0.282,0.001,0.096
Wasatch and Uinta Mountains,202.5,-17.5,7,0.23,0.001,0.14
