eco_region,lon,lat,embed dims,rho,slope (last 20),rho reverse
Arizona/New Mexico Mountains,207.5,-17.5,7,0.186,0.003,-0.055
Blue Mountains,207.5,-17.5,7,0.255,0.002,0.261
Canadian Rockies,207.5,-17.5,6,0.225,0.001,0.157
Cascades,207.5,-17.5,7,0.307,0.002,0.321
Central Basin and Range,207.5,-17.5,7,0.147,0.001,0.276
Columbia Mountains/Northern Rockies,207.5,-17.5,6,0.26,0.001,0.226
Eastern Cascades Slopes and Foothills,207.5,-17.5,6,0.221,0.002,0.073
Idaho Batholith,207.5,-17.5,7,0.238,0.001,0.236
Klamath Mountains,207.5,-17.5,4,0.237,0.003,0.077
Middle Rockies,207.5,-17.5,9,0.269,0.001,0.148
North Cascades,207.5,-17.5,7,0.201,0.001,0.237
Northern Basin and Range,207.5,-17.5,7,0.162,0.0,0.239
Sierra Nevada,207.5,-17.5,6,0.157,0.001,0.222
Southern Rockies,207.5,-17.5,6,0.234,-0.0,0.217
Wasatch and Uinta Mountains,207.5,-17.5,4,0.101,0.001,0.14
