eco_region,lon,lat,embed dims,rho,slope (last 20),rho reverse
Arizona/New Mexico Mountains,205.0,-15.0,6,0.131,0.001,-0.029
Blue Mountains,205.0,-15.0,6,0.22,0.002,0.162
Canadian Rockies,205.0,-15.0,6,0.23,0.001,0.171
Cascades,205.0,-15.0,6,0.31,0.002,0.246
Central Basin and Range,205.0,-15.0,6,0.12,0.002,0.229
Columbia Mountains/Northern Rockies,205.0,-15.0,1,-0.073,-0.0,-0.027
Eastern Cascades Slopes and Foothills,205.0,-15.0,5,0.221,0.001,0.037
Idaho Batholith,205.0,-15.0,8,0.238,0.001,0.288
Klamath Mountains,205.0,-15.0,6,0.185,0.0,0.082
Middle Rockies,205.0,-15.0,7,0.285,0.001,0.14
North Cascades,205.0,-15.0,7,0.211,0.002,0.237
Northern Basin and Range,205.0,-15.0,6,0.129,0.003,0.129
Sierra Nevada,205.0,-15.0,1,-0.089,-0.0,0.108
Southern Rockies,205.0,-15.0,1,-0.029,-0.001,0.041
Wasatch and Uinta Mountains,205.0,-15.0,6,0.224,0.001,0.217
