eco_region,lon,lat,embed dims,rho,slope (last 20),rho reverse
Arizona/New Mexico Mountains,237.5,10.0,9,0.206,0.002,0.089
Blue Mountains,237.5,10.0,9,0.208,0.002,0.226
Canadian Rockies,237.5,10.0,6,0.234,0.001,0.156
Cascades,237.5,10.0,9,0.356,0.003,0.343
Central Basin and Range,237.5,10.0,9,0.26,0.001,0.229
Columbia Mountains/Northern Rockies,237.5,10.0,9,0.31,0.001,0.278
Eastern Cascades Slopes and Foothills,237.5,10.0,8,0.199,0.001,0.116
Idaho Batholith,237.5,10.0,5,0.187,-0.0,0.041
Klamath Mountains,237.5,10.0,8,0.299,0.001,0.119
Middle Rockies,237.5,10.0,5,0.159,0.001,0.124
North Cascades,237.5,10.0,10,0.328,0.002,0.316
Northern Basin and Range,237.5,10.0,9,0.163,0.0,0.257
Sierra Nevada,237.5,10.0,6,0.203,0.001,0.142
Southern Rockies,237.5,10.0,9,0.348,0.001,0.239
Wasatch and Uinta Mountains,237.5,10.0,7,0.307,0.001,0.179
