eco_region,lon,lat,embed dims,rho,slope (last 20),rho reverse
Arizona/New Mexico Mountains,247.5,-5.0,10,0.159,0.0,0.071
Blue Mountains,247.5,-5.0,10,0.19,0.002,0.342
Canadian Rockies,247.5,-5.0,9,0.351,0.001,0.316
Cascades,247.5,-5.0,10,0.338,0.004,0.416
Central Basin and Range,247.5,-5.0,10,0.336,0.002,0.29
Columbia Mountains/Northern Rockies,247.5,-5.0,8,0.36,0.002,0.313
Eastern Cascades Slopes and Foothills,247.5,-5.0,9,0.251,0.002,0.238
Idaho Batholith,247.5,-5.0,9,0.331,0.002,0.307
Klamath Mountains,247.5,-5.0,7,0.301,0.001,0.165
Middle Rockies,247.5,-5.0,9,0.383,0.002,0.338
North Cascades,247.5,-5.0,10,0.319,0.002,0.336
Northern Basin and Range,247.5,-5.0,10,0.256,0.002,0.367
Sierra Nevada,247.5,-5.0,8,0.27,0.001,0.271
Southern Rockies,247.5,-5.0,8,0.391,0.001,0.212
Wasatch and Uinta Mountains,247.5,-5.0,8,0.389,0.002,0.299
