eco_region,lon,lat,embed dims,rho,slope (last 20),rho reverse
Arizona/New Mexico Mountains,222.5,-7.5,9,0.218,0.002,0.121
Blue Mountains,222.5,-7.5,10,0.221,0.002,0.24
Canadian Rockies,222.5,-7.5,5,0.129,0.0,0.152
Cascades,222.5,-7.5,10,0.328,0.003,0.249
Central Basin and Range,222.5,-7.5,10,0.296,0.004,0.186
Columbia Mountains/Northern Rockies,222.5,-7.5,9,0.316,0.002,0.205
Eastern Cascades Slopes and Foothills,222.5,-7.5,10,0.322,0.003,0.193
Idaho Batholith,222.5,-7.5,9,0.251,0.001,0.183
Klamath Mountains,222.5,-7.5,7,0.344,0.002,0.28
Middle Rockies,222.5,-7.5,5,0.193,0.0,0.074
North Cascades,222.5,-7.5,3,0.139,0.001,0.072
Northern Basin and Range,222.5,-7.5,9,0.061,0.001,0.333
Sierra Nevada,222.5,-7.5,6,0.164,0.001,0.174
Southern Rockies,222.5,-7.5,9,0.344,0.003,0.162
Wasatch and Uinta Mountains,222.5,-7.5,5,0.015,0.0,0.124
