eco_region,lon,lat,embed dims,rho,slope (last 20),rho reverse
Arizona/New Mexico Mountains,200.0,5.0,6,0.028,-0.0,0.151
Blue Mountains,200.0,5.0,10,0.224,0.002,0.159
Canadian Rockies,200.0,5.0,10,0.23,0.001,0.252
Cascades,200.0,5.0,10,0.304,0.003,0.297
Central Basin and Range,200.0,5.0,10,0.238,0.002,0.212
Columbia Mountains/Northern Rockies,200.0,5.0,10,0.207,0.003,0.22
Eastern Cascades Slopes and Foothills,200.0,5.0,5,0.158,0.001,0.022
Idaho Batholith,200.0,5.0,10,0.15,0.002,0.16
Klamath Mountains,200.0,5.0,9,0.301,0.001,0.227
Middle Rockies,200.0,5.0,1,0.058,0.0,0.033
North Cascades,200.0,5.0,2,0.069,0.001,0.014
Northern Basin and Range,200.0,5.0,6,0.075,-0.001,0.096
Sierra Nevada,200.0,5.0,10,0.292,0.001,0.118
Southern Rockies,200.0,5.0,10,0.382,0.002,0.264
Wasatch and Uinta Mountains,200.0,5.0,1,0.0,-0.0,0.008
