eco_region,lon,lat,embed dims,rho,slope (last 20),rho reverse
Arizona/New Mexico Mountains,207.5,50.0,10,-0.031,-0.0,-0.001
Blue Mountains,207.5,50.0,10,-0.007,-0.0,-0.006
Canadian Rockies,207.5,50.0,2,0.033,-0.0,0.076
Cascades,207.5,50.0,10,0.034,-0.001,0.146
Central Basin and Range,207.5,50.0,10,-0.042,-0.002,-0.067
Columbia Mountains/Northern Rockies,207.5,50.0,9,0.108,0.0,0.202
Eastern Cascades Slopes and Foothills,207.5,50.0,10,0.026,0.001,0.066
Idaho Batholith,207.5,50.0,10,-0.03,-0.0,0.077
Klamath Mountains,207.5,50.0,9,-0.037,-0.001,0.121
Middle Rockies,207.5,50.0,10,0.03,-0.0,0.06
North Cascades,207.5,50.0,8,-0.071,-0.001,0.168
Northern Basin and Range,207.5,50.0,10,-0.049,-0.0,-0.067
Sierra Nevada,207.5,50.0,9,0.066,0.0,0.03
Southern Rockies,207.5,50.0,9,-0.053,0.0,-0.011
Wasatch and Uinta Mountains,207.5,50.0,1,0.096,0.0,0.032
