eco_region,lon,lat,embed dims,rho,slope (last 20),rho reverse
Arizona/New Mexico Mountains,232.5,32.5,1,0.053,0.001,0.172
Blue Mountains,232.5,32.5,1,0.007,0.0,-0.028
Canadian Rockies,232.5,32.5,3,-0.019,-0.001,0.08
Cascades,232.5,32.5,1,0.101,0.001,0.015
Central Basin and Range,232.5,32.5,1,-0.097,-0.001,-0.045
Columbia Mountains/Northern Rockies,232.5,32.5,6,-0.015,-0.0,0.043
Eastern Cascades Slopes and Foothills,232.5,32.5,9,-0.024,-0.001,0.088
Idaho Batholith,232.5,32.5,6,0.047,0.0,-0.09
Klamath Mountains,232.5,32.5,1,0.004,-0.002,0.037
Middle Rockies,232.5,32.5,4,0.051,0.0,0.016
North Cascades,232.5,32.5,9,0.008,-0.001,0.166
Northern Basin and Range,232.5,32.5,9,-0.065,-0.001,-0.011
Sierra Nevada,232.5,32.5,4,0.067,0.0,0.249
Southern Rockies,232.5,32.5,6,0.088,0.0,-0.071
Wasatch and Uinta Mountains,232.5,32.5,7,-0.059,-0.002,0.106
