eco_region,lon,lat,embed dims,rho,slope (last 20),rho reverse
Arizona/New Mexico Mountains,277.5,25.0,5,0.164,0.001,0.05
Blue Mountains,277.5,25.0,5,0.048,0.001,-0.031
Canadian Rockies,277.5,25.0,8,-0.103,-0.001,0.066
Cascades,277.5,25.0,5,0.006,0.001,-0.065
Central Basin and Range,277.5,25.0,5,0.095,0.002,-0.089
Columbia Mountains/Northern Rockies,277.5,25.0,5,0.057,0.001,0.029
Eastern Cascades Slopes and Foothills,277.5,25.0,2,0.105,0.002,0.019
Idaho Batholith,277.5,25.0,9,0.054,-0.001,0.133
Klamath Mountains,277.5,25.0,2,-0.005,-0.0,0.039
Middle Rockies,277.5,25.0,3,-0.055,-0.0,0.0
North Cascades,277.5,25.0,5,-0.134,-0.001,0.039
Northern Basin and Range,277.5,25.0,2,0.03,0.001,-0.006
Sierra Nevada,277.5,25.0,10,0.141,0.001,0.206
Southern Rockies,277.5,25.0,5,-0.064,-0.001,0.093
Wasatch and Uinta Mountains,277.5,25.0,1,-0.048,-0.001,-0.087
