eco_region,lon,lat,embed dims,rho,slope (last 20),rho reverse
Arizona/New Mexico Mountains,222.5,30.0,10,0.055,0.002,0.104
Blue Mountains,222.5,30.0,10,0.003,0.001,0.156
Canadian Rockies,222.5,30.0,10,-0.013,-0.001,0.103
Cascades,222.5,30.0,10,0.127,0.001,0.217
Central Basin and Range,222.5,30.0,10,-0.038,-0.002,0.104
Columbia Mountains/Northern Rockies,222.5,30.0,8,0.054,0.0,0.108
Eastern Cascades Slopes and Foothills,222.5,30.0,10,-0.134,-0.003,0.129
Idaho Batholith,222.5,30.0,8,0.02,0.001,0.083
Klamath Mountains,222.5,30.0,10,0.091,0.001,0.152
Middle Rockies,222.5,30.0,8,0.034,0.0,0.053
North Cascades,222.5,30.0,10,0.056,-0.0,0.234
Northern Basin and Range,222.5,30.0,10,-0.022,-0.0,0.101
Sierra Nevada,222.5,30.0,8,0.011,-0.0,0.269
Southern Rockies,222.5,30.0,8,0.085,0.0,0.01
Wasatch and Uinta Mountains,222.5,30.0,10,0.01,-0.001,0.232
