eco_region,lon,lat,embed dims,rho,slope (last 20),rho reverse
Arizona/New Mexico Mountains,187.5,32.5,2,0.055,0.001,-0.06
Blue Mountains,187.5,32.5,5,0.098,0.003,-0.018
Canadian Rockies,187.5,32.5,3,0.041,0.001,-0.042
Cascades,187.5,32.5,5,-0.0,-0.0,-0.008
Central Basin and Range,187.5,32.5,5,-0.037,-0.001,0.026
Columbia Mountains/Northern Rockies,187.5,32.5,1,0.045,0.0,0.146
Eastern Cascades Slopes and Foothills,187.5,32.5,10,0.062,0.0,0.061
Idaho Batholith,187.5,32.5,1,0.03,0.0,0.158
Klamath Mountains,187.5,32.5,8,0.152,0.001,0.102
Middle Rockies,187.5,32.5,4,0.032,-0.0,0.015
North Cascades,187.5,32.5,4,0.095,0.001,0.052
Northern Basin and Range,187.5,32.5,1,-0.11,-0.001,0.103
Sierra Nevada,187.5,32.5,1,0.059,-0.0,-0.043
Southern Rockies,187.5,32.5,1,0.013,0.001,0.15
Wasatch and Uinta Mountains,187.5,32.5,8,0.06,0.001,-0.003
