eco_region,lon,lat,embed dims,rho,slope (last 20),rho reverse
Arizona/New Mexico Mountains,267.5,55.0,1,0.011,0.0,0.158
Blue Mountains,267.5,55.0,7,-0.19,-0.002,-0.043
Canadian Rockies,267.5,55.0,6,0.0,0.001,0.008
Cascades,267.5,55.0,7,-0.094,-0.001,-0.033
Central Basin and Range,267.5,55.0,7,-0.197,-0.002,-0.044
Columbia Mountains/Northern Rockies,267.5,55.0,8,0.029,0.001,0.019
Eastern Cascades Slopes and Foothills,267.5,55.0,10,-0.009,-0.0,-0.182
Idaho Batholith,267.5,55.0,8,-0.018,0.0,0.035
Klamath Mountains,267.5,55.0,7,-0.09,-0.002,-0.002
Middle Rockies,267.5,55.0,7,-0.125,-0.0,-0.076
North Cascades,267.5,55.0,8,-0.018,-0.0,-0.093
Northern Basin and Range,267.5,55.0,1,-0.002,0.0,-0.016
Sierra Nevada,267.5,55.0,7,-0.003,-0.0,0.037
Southern Rockies,267.5,55.0,8,0.031,0.0,0.066
Wasatch and Uinta Mountains,267.5,55.0,6,-0.094,-0.001,-0.109
