eco_region,lon,lat,embed dims,rho,slope (last 20),rho reverse
Arizona/New Mexico Mountains,187.5,-12.5,9,0.147,0.002,0.057
Blue Mountains,187.5,-12.5,9,0.086,-0.001,0.211
Canadian Rockies,187.5,-12.5,6,0.097,0.0,-0.03
Cascades,187.5,-12.5,9,0.212,0.002,0.326
Central Basin and Range,187.5,-12.5,9,0.145,-0.0,0.154
Columbia Mountains/Northern Rockies,187.5,-12.5,6,0.148,0.001,0.014
Eastern Cascades Slopes and Foothills,187.5,-12.5,7,0.181,0.002,0.188
Idaho Batholith,187.5,-12.5,6,0.116,0.001,0.058
Klamath Mountains,187.5,-12.5,6,0.097,-0.001,0.023
Middle Rockies,187.5,-12.5,5,-0.027,-0.001,0.067
North Cascades,187.5,-12.5,6,0.198,0.001,0.132
Northern Basin and Range,187.5,-12.5,9,0.108,0.001,0.194
Sierra Nevada,187.5,-12.5,6,0.151,0.002,0.092
Southern Rockies,187.5,-12.5,6,0.141,-0.0,0.073
Wasatch and Uinta Mountains,187.5,-12.5,5,0.039,0.0,0.135
