eco_region,lon,lat,embed dims,rho,slope (last 20),rho reverse
Arizona/New Mexico Mountains,240.0,-10.0,10,0.147,0.0,0.079
Blue Mountains,240.0,-10.0,3,0.028,-0.0,0.154
Canadian Rockies,240.0,-10.0,5,0.259,0.002,0.211
Cascades,240.0,-10.0,3,0.076,-0.0,0.142
Central Basin and Range,240.0,-10.0,3,-0.026,-0.0,0.236
Columbia Mountains/Northern Rockies,240.0,-10.0,5,0.245,0.001,0.228
Eastern Cascades Slopes and Foothills,240.0,-10.0,9,0.244,0.002,0.237
Idaho Batholith,240.0,-10.0,5,0.216,-0.0,0.196
Klamath Mountains,240.0,-10.0,9,0.333,0.002,0.237
Middle Rockies,240.0,-10.0,9,0.37,0.002,0.399
North Cascades,240.0,-10.0,2,0.049,-0.0,0.06
Northern Basin and Range,240.0,-10.0,8,0.216,0.0,0.362
Sierra Nevada,240.0,-10.0,5,0.125,0.001,0.19
Southern Rockies,240.0,-10.0,5,0.148,0.001,0.106
Wasatch and Uinta Mountains,240.0,-10.0,3,0.108,0.001,0.06
