eco_region,lon,lat,embed dims,rho,slope (last 20),rho reverse
Arizona/New Mexico Mountains,242.5,40.0,1,0.012,0.0,0.095
Blue Mountains,242.5,40.0,1,-0.029,-0.001,0.177
Canadian Rockies,242.5,40.0,2,0.006,-0.0,0.051
Cascades,242.5,40.0,1,0.035,-0.0,0.169
Central Basin and Range,242.5,40.0,1,0.004,0.001,0.163
Columbia Mountains/Northern Rockies,242.5,40.0,10,0.034,0.001,0.161
Eastern Cascades Slopes and Foothills,242.5,40.0,1,0.105,0.002,0.271
Idaho Batholith,242.5,40.0,10,0.193,0.001,0.31
Klamath Mountains,242.5,40.0,4,-0.008,0.001,0.183
Middle Rockies,242.5,40.0,10,0.222,0.001,0.232
North Cascades,242.5,40.0,10,0.107,0.0,0.042
Northern Basin and Range,242.5,40.0,1,-0.03,-0.0,0.126
Sierra Nevada,242.5,40.0,10,0.06,-0.001,0.297
Southern Rockies,242.5,40.0,10,0.134,0.001,0.184
Wasatch and Uinta Mountains,242.5,40.0,7,0.068,0.0,0.214
