eco_region,lon,lat,embed dims,rho,slope (last 20),rho reverse
Arizona/New Mexico Mountains,210.0,-5.0,7,0.111,0.003,0.07
Blue Mountains,210.0,-5.0,5,0.217,0.002,0.219
Canadian Rockies,210.0,-5.0,10,0.358,0.002,0.23
Cascades,210.0,-5.0,5,0.26,0.002,0.267
Central Basin and Range,210.0,-5.0,5,0.126,0.003,0.251
Columbia Mountains/Northern Rockies,210.0,-5.0,10,0.333,0.003,0.308
Eastern Cascades Slopes and Foothills,210.0,-5.0,3,0.047,-0.0,-0.038
Idaho Batholith,210.0,-5.0,10,0.28,0.001,0.293
Klamath Mountains,210.0,-5.0,8,0.227,0.001,0.22
Middle Rockies,210.0,-5.0,4,0.145,0.001,0.12
North Cascades,210.0,-5.0,3,0.026,-0.0,0.049
Northern Basin and Range,210.0,-5.0,7,0.107,0.001,0.275
Sierra Nevada,210.0,-5.0,4,0.124,0.0,0.162
Southern Rockies,210.0,-5.0,10,0.397,0.002,0.291
Wasatch and Uinta Mountains,210.0,-5.0,8,0.355,0.002,0.306
