eco_region,lon,lat,embed dims,rho,slope (last 20),rho reverse
Arizona/New Mexico Mountains,215.0,0.0,9,0.184,0.002,0.076
Blue Mountains,215.0,0.0,10,0.168,0.002,0.21
Canadian Rockies,215.0,0.0,10,0.28,0.001,0.218
Cascades,215.0,0.0,10,0.306,0.003,0.331
Central Basin and Range,215.0,0.0,10,0.236,0.003,0.232
Columbia Mountains/Northern Rockies,215.0,0.0,10,0.24,0.003,0.266
Eastern Cascades Slopes and Foothills,215.0,0.0,10,0.265,0.002,0.163
Idaho Batholith,215.0,0.0,10,0.173,0.002,0.175
Klamath Mountains,215.0,0.0,9,0.271,0.002,0.279
Middle Rockies,215.0,0.0,4,0.039,-0.0,0.093
North Cascades,215.0,0.0,3,0.21,0.002,-0.019
Northern Basin and Range,215.0,0.0,9,0.085,0.002,0.177
Sierra Nevada,215.0,0.0,9,0.205,0.0,0.167
Southern Rockies,215.0,0.0,10,0.412,0.002,0.21
Wasatch and Uinta Mountains,215.0,0.0,4,0.089,0.001,0.138
