eco_region,lon,lat,embed dims,rho,slope (last 20),rho reverse
Arizona/New Mexico Mountains,197.5,52.5,10,-0.071,-0.002,0.01
Blue Mountains,197.5,52.5,10,0.079,0.001,-0.005
Canadian Rockies,197.5,52.5,9,0.145,-0.0,0.38
Cascades,197.5,52.5,10,-0.002,-0.002,0.164
Central Basin and Range,197.5,52.5,10,-0.124,-0.002,-0.075
Columbia Mountains/Northern Rockies,197.5,52.5,9,0.188,0.001,0.32
Eastern Cascades Slopes and Foothills,197.5,52.5,9,0.037,0.0,-0.073
Idaho Batholith,197.5,52.5,9,-0.001,-0.0,0.251
Klamath Mountains,197.5,52.5,10,-0.029,-0.0,-0.068
Middle Rockies,197.5,52.5,9,0.03,0.0,0.256
North Cascades,197.5,52.5,9,0.039,-0.0,0.22
Northern Basin and Range,197.5,52.5,10,-0.148,-0.002,-0.131
Sierra Nevada,197.5,52.5,10,0.014,0.001,-0.105
Southern Rockies,197.5,52.5,9,-0.071,0.001,0.092
Wasatch and Uinta Mountains,197.5,52.5,4,0.025,0.0,0.03
