eco_region,lon,lat,embed dims,rho,slope (last 20),rho reverse
Arizona/New Mexico Mountains,250.0,-20.0,3,0.14,0.0,0.08
Blue Mountains,250.0,-20.0,4,0.058,0.0,-0.044
Canadian Rockies,250.0,-20.0,7,0.155,0.001,0.128
Cascades,250.0,-20.0,4,0.166,0.002,0.046
Central Basin and Range,250.0,-20.0,4,-0.037,0.0,-0.056
Columbia Mountains/Northern Rockies,250.0,-20.0,8,0.344,0.002,0.178
Eastern Cascades Slopes and Foothills,250.0,-20.0,3,-0.044,-0.002,0.089
Idaho Batholith,250.0,-20.0,7,0.213,0.001,0.037
Klamath Mountains,250.0,-20.0,10,0.171,0.001,0.12
Middle Rockies,250.0,-20.0,10,0.312,0.002,0.135
North Cascades,250.0,-20.0,2,0.032,0.0,0.019
Northern Basin and Range,250.0,-20.0,3,0.055,0.001,-0.039
Sierra Nevada,250.0,-20.0,8,0.125,0.001,0.031
Southern Rockies,250.0,-20.0,8,0.259,0.002,-0.01
Wasatch and Uinta Mountains,250.0,-20.0,7,0.082,0.0,0.047
