eco_region,lon,lat,embed dims,rho,slope (last 20),rho reverse
Arizona/New Mexico Mountains,187.5,57.5,2,0.0,0.001,0.095
Blue Mountains,187.5,57.5,2,0.039,0.001,-0.017
Canadian Rockies,187.5,57.5,7,0.005,-0.001,0.29
Cascades,187.5,57.5,2,0.013,-0.0,-0.037
Central Basin and Range,187.5,57.5,2,-0.0,0.001,-0.1
Columbia Mountains/Northern Rockies,187.5,57.5,2,0.034,0.0,0.045
Eastern Cascades Slopes and Foothills,187.5,57.5,5,0.043,0.0,-0.075
Idaho Batholith,187.5,57.5,2,0.04,-0.0,0.067
Klamath Mountains,187.5,57.5,10,0.084,0.0,0.07
Middle Rockies,187.5,57.5,1,0.066,-0.0,0.015
North Cascades,187.5,57.5,3,0.069,0.002,-0.009
Northern Basin and Range,187.5,57.5,2,-0.035,0.0,0.115
Sierra Nevada,187.5,57.5,2,0.041,0.001,0.025
Southern Rockies,187.5,57.5,2,-0.043,-0.001,-0.046
Wasatch and Uinta Mountains,187.5,57.5,2,0.014,-0.001,-0.035
