eco_region,lon,lat,embed dims,rho,slope (last 20),rho reverse
Arizona/New Mexico Mountains,260.0,-7.5,10,0.147,0.001,-0.007
Blue Mountains,260.0,-7.5,10,0.18,0.002,0.265
Canadian Rockies,260.0,-7.5,9,0.338,0.001,0.303
Cascades,260.0,-7.5,10,0.292,0.004,0.291
Central Basin and Range,260.0,-7.5,10,0.307,0.002,0.2
Columbia Mountains/Northern Rockies,260.0,-7.5,3,0.08,-0.001,0.259
Eastern Cascades Slopes and Foothills,260.0,-7.5,10,0.211,0.003,0.142
Idaho Batholith,260.0,-7.5,3,0.138,0.001,0.105
Klamath Mountains,260.0,-7.5,10,0.355,0.001,0.149
Middle Rockies,260.0,-7.5,3,0.155,-0.0,0.065
North Cascades,260.0,-7.5,3,0.047,-0.001,0.136
Northern Basin and Range,260.0,-7.5,10,0.257,0.002,0.301
Sierra Nevada,260.0,-7.5,3,0.063,-0.0,0.095
Southern Rockies,260.0,-7.5,3,0.033,0.0,0.038
Wasatch and Uinta Mountains,260.0,-7.5,3,0.097,0.0,0.011
