eco_region,lon,lat,embed dims,rho,slope (last 20),rho reverse
Arizona/New Mexico Mountains,215.0,17.5,9,0.227,0.002,0.094
Blue Mountains,215.0,17.5,10,0.315,0.002,0.304
Canadian Rockies,215.0,17.5,7,0.309,0.002,0.315
Cascades,215.0,17.5,10,0.425,0.003,0.388
Central Basin and Range,215.0,17.5,10,0.411,0.003,0.312
Columbia Mountains/Northern Rockies,215.0,17.5,7,0.384,0.002,0.292
Eastern Cascades Slopes and Foothills,215.0,17.5,9,0.378,0.001,0.248
Idaho Batholith,215.0,17.5,7,0.284,0.001,0.201
Klamath Mountains,215.0,17.5,6,0.315,0.0,0.289
Middle Rockies,215.0,17.5,7,0.373,0.002,0.224
North Cascades,215.0,17.5,5,0.384,0.001,0.298
Northern Basin and Range,215.0,17.5,9,0.373,0.002,0.192
Sierra Nevada,215.0,17.5,7,0.323,0.001,0.282
Southern Rockies,215.0,17.5,7,0.385,0.002,0.18
Wasatch and Uinta Mountains,215.0,17.5,6,0.246,0.001,0.2
