eco_region,lon,lat,embed dims,rho,slope (last 20),rho reverse
Arizona/New Mexico Mountains,222.5,47.5,10,-0.042,0.0,0.001
Blue Mountains,222.5,47.5,10,0.025,0.001,0.056
Canadian Rockies,222.5,47.5,10,0.065,0.001,-0.059
Cascades,222.5,47.5,10,0.128,0.002,0.112
Central Basin and Range,222.5,47.5,10,0.027,0.001,0.128
Columbia Mountains/Northern Rockies,222.5,47.5,5,0.013,-0.001,-0.051
Eastern Cascades Slopes and Foothills,222.5,47.5,1,0.049,0.001,0.039
Idaho Batholith,222.5,47.5,3,-0.039,-0.0,-0.006
Klamath Mountains,222.5,47.5,2,0.039,0.0,0.065
Middle Rockies,222.5,47.5,1,0.046,0.001,-0.048
North Cascades,222.5,47.5,2,-0.043,-0.001,0.018
Northern Basin and Range,222.5,47.5,10,0.058,0.001,0.056
Sierra Nevada,222.5,47.5,6,0.128,0.001,0.146
Southern Rockies,222.5,47.5,5,0.047,0.001,-0.033
Wasatch and Uinta Mountains,222.5,47.5,6,0.011,0.0,0.022
