eco_region,lon,lat,embed dims,rho,slope (last 20),rho reverse
Arizona/New Mexico Mountains,242.5,52.5,4,-0.034,-0.001,0.058
Blue Mountains,242.5,52.5,2,-0.001,0.0,0.014
Canadian Rockies,242.5,52.5,2,-0.037,0.0,0.013
Cascades,242.5,52.5,2,0.061,0.001,0.021
Central Basin and Range,242.5,52.5,2,0.023,0.001,-0.03
Columbia Mountains/Northern Rockies,242.5,52.5,9,0.091,0.001,0.121
Eastern Cascades Slopes and Foothills,242.5,52.5,3,-0.005,-0.001,0.085
Idaho Batholith,242.5,52.5,2,0.052,-0.0,0.082
Klamath Mountains,242.5,52.5,2,0.043,0.001,-0.034
Middle Rockies,242.5,52.5,10,0.18,0.001,0.006
North Cascades,242.5,52.5,2,0.043,-0.0,0.14
Northern Basin and Range,242.5,52.5,3,0.014,0.001,0.063
Sierra Nevada,242.5,52.5,9,0.11,0.001,0.128
Southern Rockies,242.5,52.5,9,0.067,0.001,0.028
Wasatch and Uinta Mountains,242.5,52.5,10,0.032,0.001,0.124
