eco_region,lon,lat,embed dims,rho,slope (last 20),rho reverse
Arizona/New Mexico Mountains,217.5,-2.5,8,0.132,0.001,0.107
Blue Mountains,217.5,-2.5,4,-0.023,-0.0,0.113
Canadian Rockies,217.5,-2.5,10,0.285,0.001,0.188
Cascades,217.5,-2.5,4,0.138,0.001,0.167
Central Basin and Range,217.5,-2.5,4,0.045,0.001,0.153
Columbia Mountains/Northern Rockies,217.5,-2.5,9,0.256,0.002,0.23
Eastern Cascades Slopes and Foothills,217.5,-2.5,9,0.251,0.001,0.171
Idaho Batholith,217.5,-2.5,10,0.183,0.002,0.166
Klamath Mountains,217.5,-2.5,10,0.258,0.001,0.26
Middle Rockies,217.5,-2.5,9,0.262,0.001,0.231
North Cascades,217.5,-2.5,4,0.186,0.001,0.094
Northern Basin and Range,217.5,-2.5,9,0.048,0.002,0.261
Sierra Nevada,217.5,-2.5,9,0.188,0.0,0.171
Southern Rockies,217.5,-2.5,9,0.337,0.002,0.205
Wasatch and Uinta Mountains,217.5,-2.5,4,0.073,0.0,0.097
