eco_region,lon,lat,embed dims,rho,slope (last 20),rho reverse
Arizona/New Mexico Mountains,277.5,7.5,10,0.195,0.001,0.268
Blue Mountains,277.5,7.5,10,0.219,0.003,0.193
Canadian Rockies,277.5,7.5,9,0.256,0.001,0.157
Cascades,277.5,7.5,10,0.307,0.002,0.253
Central Basin and Range,277.5,7.5,10,0.346,0.004,0.236
Columbia Mountains/Northern Rockies,277.5,7.5,6,0.139,0.0,0.109
Eastern Cascades Slopes and Foothills,277.5,7.5,9,0.375,0.002,0.169
Idaho Batholith,277.5,7.5,3,0.067,0.0,0.034
Klamath Mountains,277.5,7.5,9,0.358,0.003,0.253
Middle Rockies,277.5,7.5,6,0.18,0.001,0.051
North Cascades,277.5,7.5,10,0.254,0.003,0.159
Northern Basin and Range,277.5,7.5,10,0.161,0.002,0.281
Sierra Nevada,277.5,7.5,5,0.251,0.001,0.013
Southern Rockies,277.5,7.5,6,0.193,0.002,0.041
Wasatch and Uinta Mountains,277.5,7.5,8,0.232,0.002,0.126
