eco_region,lon,lat,embed dims,rho,slope (last 20),rho reverse
Arizona/New Mexico Mountains,192.5,-5.0,10,-0.009,0.001,0.111
Blue Mountains,192.5,-5.0,10,0.009,0.0,0.099
Canadian Rockies,192.5,-5.0,3,0.013,-0.0,-0.138
Cascades,192.5,-5.0,10,0.144,0.001,0.234
Central Basin and Range,192.5,-5.0,10,0.131,-0.001,0.03
Columbia Mountains/Northern Rockies,192.5,-5.0,10,-0.061,-0.002,0.027
Eastern Cascades Slopes and Foothills,192.5,-5.0,5,0.071,0.0,-0.003
Idaho Batholith,192.5,-5.0,10,0.02,0.001,-0.015
Klamath Mountains,192.5,-5.0,9,0.223,-0.001,0.1
Middle Rockies,192.5,-5.0,1,0.041,0.0,0.068
North Cascades,192.5,-5.0,3,0.029,0.0,-0.056
Northern Basin and Range,192.5,-5.0,10,0.05,-0.001,0.067
Sierra Nevada,192.5,-5.0,5,-0.03,-0.001,0.019
Southern Rockies,192.5,-5.0,10,0.137,0.001,-0.039
Wasatch and Uinta Mountains,192.5,-5.0,3,-0.05,-0.0,-0.013
