eco_region,lon,lat,embed dims,rho,slope (last 20),rho reverse
Arizona/New Mexico Mountains,197.5,52.5,10,-0.047,-0.002,-0.016
Blue Mountains,197.5,52.5,10,0.113,0.0,0.03
Canadian Rockies,197.5,52.5,9,0.176,0.001,0.168
Cascades,197.5,52.5,10,0.199,0.002,0.104
Central Basin and Range,197.5,52.5,10,0.055,0.002,-0.022
Columbia Mountains/Northern Rockies,197.5,52.5,9,0.16,-0.0,0.089
Eastern Cascades Slopes and Foothills,197.5,52.5,9,0.062,0.002,0.063
Idaho Batholith,197.5,52.5,9,0.166,0.002,0.043
Klamath Mountains,197.5,52.5,10,0.083,0.001,0.031
Middle Rockies,197.5,52.5,9,0.094,0.0,0.064
North Cascades,197.5,52.5,9,0.08,0.0,0.055
Northern Basin and Range,197.5,52.5,10,0.036,0.002,0.01
Sierra Nevada,197.5,52.5,10,0.032,0.0,0.034
Southern Rockies,197.5,52.5,9,0.103,0.001,0.01
Wasatch and Uinta Mountains,197.5,52.5,4,-0.106,-0.001,0.002
