eco_region,lon,lat,embed dims,rho,slope (last 20),rho reverse
Arizona/New Mexico Mountains,215.0,57.5,3,0.014,0.0,-0.005
Blue Mountains,215.0,57.5,3,-0.039,-0.0,0.0
Canadian Rockies,215.0,57.5,9,0.028,-0.0,0.059
Cascades,215.0,57.5,3,-0.003,-0.001,-0.017
Central Basin and Range,215.0,57.5,3,0.013,0.0,-0.005
Columbia Mountains/Northern Rockies,215.0,57.5,9,0.014,0.0,-0.083
Eastern Cascades Slopes and Foothills,215.0,57.5,3,0.139,0.001,-0.015
Idaho Batholith,215.0,57.5,10,0.034,-0.0,-0.031
Klamath Mountains,215.0,57.5,4,0.063,0.001,0.106
Middle Rockies,215.0,57.5,1,-0.006,-0.0,0.092
North Cascades,215.0,57.5,6,-0.014,0.0,-0.019
Northern Basin and Range,215.0,57.5,3,-0.066,-0.001,0.038
Sierra Nevada,215.0,57.5,9,0.075,0.001,0.079
Southern Rockies,215.0,57.5,9,0.052,0.001,-0.094
Wasatch and Uinta Mountains,215.0,57.5,8,0.095,-0.0,-0.069
