eco_region,lon,lat,embed dims,rho,slope (last 20),rho reverse
Arizona/New Mexico Mountains,195.0,37.5,1,0.05,0.001,0.027
Blue Mountains,195.0,37.5,1,-0.02,-0.001,-0.033
Canadian Rockies,195.0,37.5,8,0.053,-0.0,0.056
Cascades,195.0,37.5,1,0.082,0.001,-0.001
Central Basin and Range,195.0,37.5,1,0.043,0.0,-0.04
Columbia Mountains/Northern Rockies,195.0,37.5,2,-0.038,-0.001,-0.071
Eastern Cascades Slopes and Foothills,195.0,37.5,1,-0.057,-0.001,-0.013
Idaho Batholith,195.0,37.5,7,0.007,0.0,0.044
Klamath Mountains,195.0,37.5,1,-0.093,-0.001,-0.034
Middle Rockies,195.0,37.5,7,0.071,0.001,0.024
North Cascades,195.0,37.5,4,0.104,0.001,0.023
Northern Basin and Range,195.0,37.5,1,-0.068,-0.0,0.01
Sierra Nevada,195.0,37.5,10,0.066,0.0,0.084
Southern Rockies,195.0,37.5,2,0.106,0.001,-0.106
Wasatch and Uinta Mountains,195.0,37.5,10,0.104,0.001,0.206
