eco_region,lon,lat,embed dims,rho,slope (last 20),rho reverse
Arizona/New Mexico Mountains,270.0,-7.5,10,0.236,0.003,0.149
Blue Mountains,270.0,-7.5,10,0.334,0.003,0.284
Canadian Rockies,270.0,-7.5,4,0.162,0.001,0.168
Cascades,270.0,-7.5,10,0.411,0.003,0.334
Central Basin and Range,270.0,-7.5,10,0.458,0.004,0.266
Columbia Mountains/Northern Rockies,270.0,-7.5,4,0.065,-0.001,0.182
Eastern Cascades Slopes and Foothills,270.0,-7.5,6,0.254,0.002,0.174
Idaho Batholith,270.0,-7.5,4,0.082,-0.001,0.139
Klamath Mountains,270.0,-7.5,10,0.39,0.001,0.248
Middle Rockies,270.0,-7.5,4,0.01,-0.001,0.132
North Cascades,270.0,-7.5,7,0.256,0.002,0.189
Northern Basin and Range,270.0,-7.5,10,0.345,0.002,0.352
Sierra Nevada,270.0,-7.5,4,0.201,0.001,0.095
Southern Rockies,270.0,-7.5,4,0.086,0.0,-0.004
Wasatch and Uinta Mountains,270.0,-7.5,3,0.078,0.0,-0.023
