eco_region,lon,lat,embed dims,rho,slope (last 20),rho reverse
Arizona/New Mexico Mountains,230.0,-2.5,9,0.106,0.0,0.218
Blue Mountains,230.0,-2.5,10,0.038,0.001,0.15
Canadian Rockies,230.0,-2.5,9,0.084,-0.0,0.176
Cascades,230.0,-2.5,10,0.205,0.001,0.28
Central Basin and Range,230.0,-2.5,10,0.1,-0.002,0.097
Columbia Mountains/Northern Rockies,230.0,-2.5,9,0.091,-0.001,0.174
Eastern Cascades Slopes and Foothills,230.0,-2.5,9,0.156,0.002,0.103
Idaho Batholith,230.0,-2.5,9,0.14,0.001,0.067
Klamath Mountains,230.0,-2.5,9,0.099,-0.001,0.098
Middle Rockies,230.0,-2.5,9,0.146,0.001,0.153
North Cascades,230.0,-2.5,3,0.062,-0.0,0.04
Northern Basin and Range,230.0,-2.5,9,0.023,0.0,0.04
Sierra Nevada,230.0,-2.5,9,0.053,-0.001,0.147
Southern Rockies,230.0,-2.5,9,0.055,-0.0,0.054
Wasatch and Uinta Mountains,230.0,-2.5,7,-0.043,-0.002,0.153
