eco_region,lon,lat,embed dims,rho,slope (last 20),rho reverse
Arizona/New Mexico Mountains,190.0,30.0,3,-0.049,0.001,-0.061
Blue Mountains,190.0,30.0,5,-0.032,-0.001,0.054
Canadian Rockies,190.0,30.0,2,-0.049,-0.001,0.076
Cascades,190.0,30.0,5,0.081,0.0,0.069
Central Basin and Range,190.0,30.0,5,-0.046,-0.001,0.09
Columbia Mountains/Northern Rockies,190.0,30.0,2,-0.076,-0.002,0.014
Eastern Cascades Slopes and Foothills,190.0,30.0,4,0.079,0.001,0.046
Idaho Batholith,190.0,30.0,2,0.066,0.0,-0.009
Klamath Mountains,190.0,30.0,9,0.058,0.002,0.095
Middle Rockies,190.0,30.0,2,-0.063,-0.001,-0.011
North Cascades,190.0,30.0,3,0.163,0.002,0.073
Northern Basin and Range,190.0,30.0,4,-0.004,0.001,-0.016
Sierra Nevada,190.0,30.0,2,-0.059,-0.001,-0.037
Southern Rockies,190.0,30.0,2,0.072,0.001,0.064
Wasatch and Uinta Mountains,190.0,30.0,5,0.027,0.0,0.052
