eco_region,lon,lat,embed dims,rho,slope (last 20),rho reverse
Arizona/New Mexico Mountains,180.0,47.5,10,-0.108,-0.002,-0.022
Blue Mountains,180.0,47.5,10,0.06,-0.0,0.029
Canadian Rockies,180.0,47.5,8,0.152,0.001,0.21
Cascades,180.0,47.5,10,0.063,0.001,0.047
Central Basin and Range,180.0,47.5,10,0.086,0.002,-0.02
Columbia Mountains/Northern Rockies,180.0,47.5,10,0.108,0.0,0.135
Eastern Cascades Slopes and Foothills,180.0,47.5,10,0.016,0.0,0.117
Idaho Batholith,180.0,47.5,8,0.082,0.001,0.145
Klamath Mountains,180.0,47.5,8,0.069,0.001,-0.041
Middle Rockies,180.0,47.5,10,-0.036,-0.001,0.058
North Cascades,180.0,47.5,10,0.101,0.002,0.006
Northern Basin and Range,180.0,47.5,10,-0.038,0.002,-0.013
Sierra Nevada,180.0,47.5,10,0.024,-0.0,-0.04
Southern Rockies,180.0,47.5,10,0.095,0.001,0.059
Wasatch and Uinta Mountains,180.0,47.5,9,-0.004,-0.001,0.121
