eco_region,lon,lat,embed dims,rho,slope (last 20),rho reverse
Arizona/New Mexico Mountains,260.0,25.0,4,0.132,0.0,0.151
Blue Mountains,260.0,25.0,4,0.15,-0.0,0.153
Canadian Rockies,260.0,25.0,10,0.072,0.002,0.139
Cascades,260.0,25.0,4,0.036,-0.001,0.149
Central Basin and Range,260.0,25.0,4,0.116,-0.001,0.275
Columbia Mountains/Northern Rockies,260.0,25.0,6,0.146,0.0,0.189
Eastern Cascades Slopes and Foothills,260.0,25.0,4,0.174,0.001,0.232
Idaho Batholith,260.0,25.0,6,0.089,-0.001,0.339
Klamath Mountains,260.0,25.0,2,0.073,-0.001,0.207
Middle Rockies,260.0,25.0,8,0.055,-0.0,0.232
North Cascades,260.0,25.0,10,0.085,-0.001,0.333
Northern Basin and Range,260.0,25.0,4,0.198,0.002,0.191
Sierra Nevada,260.0,25.0,6,0.146,-0.001,0.346
Southern Rockies,260.0,25.0,6,0.085,0.0,0.264
Wasatch and Uinta Mountains,260.0,25.0,3,0.118,-0.0,0.203
