eco_region,lon,lat,embed dims,rho,slope (last 20),rho reverse
Arizona/New Mexico Mountains,250.0,45.0,1,-0.05,-0.001,0.058
Blue Mountains,250.0,45.0,2,0.073,0.0,0.151
Canadian Rockies,250.0,45.0,1,-0.1,-0.002,0.029
Cascades,250.0,45.0,2,0.108,0.001,0.046
Central Basin and Range,250.0,45.0,2,0.031,0.001,0.187
Columbia Mountains/Northern Rockies,250.0,45.0,9,0.257,0.002,0.314
Eastern Cascades Slopes and Foothills,250.0,45.0,1,0.004,-0.001,0.125
Idaho Batholith,250.0,45.0,9,0.325,0.002,0.365
Klamath Mountains,250.0,45.0,1,0.016,-0.002,0.125
Middle Rockies,250.0,45.0,1,0.139,0.001,0.037
North Cascades,250.0,45.0,7,0.06,-0.001,0.188
Northern Basin and Range,250.0,45.0,1,-0.075,-0.001,-0.003
Sierra Nevada,250.0,45.0,10,0.18,0.0,0.214
Southern Rockies,250.0,45.0,9,0.175,0.002,0.187
Wasatch and Uinta Mountains,250.0,45.0,9,0.083,0.001,0.141
