eco_region,lon,lat,embed dims,rho,slope (last 20),rho reverse
Arizona/New Mexico Mountains,272.5,57.5,7,-0.015,0.0,0.149
Blue Mountains,272.5,57.5,7,-0.157,-0.003,0.002
Canadian Rockies,272.5,57.5,6,-0.025,0.0,0.043
Cascades,272.5,57.5,7,-0.004,0.0,0.006
Central Basin and Range,272.5,57.5,7,-0.139,-0.003,0.104
Columbia Mountains/Northern Rockies,272.5,57.5,9,0.064,0.001,0.037
Eastern Cascades Slopes and Foothills,272.5,57.5,7,-0.084,-0.001,-0.009
Idaho Batholith,272.5,57.5,6,-0.008,-0.001,0.028
Klamath Mountains,272.5,57.5,1,0.1,0.001,0.075
Middle Rockies,272.5,57.5,2,0.032,0.0,0.04
North Cascades,272.5,57.5,2,-0.035,0.0,0.083
Northern Basin and Range,272.5,57.5,7,-0.037,-0.001,0.039
Sierra Nevada,272.5,57.5,9,-0.049,-0.0,0.146
Southern Rockies,272.5,57.5,9,0.12,0.001,0.099
Wasatch and Uinta Mountains,272.5,57.5,2,0.061,0.001,-0.011
