eco_region,lon,lat,embed dims,rho,slope (last 20),rho reverse
Arizona/New Mexico Mountains,192.5,10.0,10,0.069,-0.0,0.053
Blue Mountains,192.5,10.0,10,0.213,0.002,0.223
Canadian Rockies,192.5,10.0,10,0.28,0.002,0.244
Cascades,192.5,10.0,10,0.323,0.002,0.275
Central Basin and Range,192.5,10.0,10,0.276,0.002,0.207
Columbia Mountains/Northern Rockies,192.5,10.0,7,0.277,0.003,0.222
Eastern Cascades Slopes and Foothills,192.5,10.0,10,0.355,0.002,0.174
Idaho Batholith,192.5,10.0,10,0.317,0.002,0.201
Klamath Mountains,192.5,10.0,9,0.382,0.002,0.222
Middle Rockies,192.5,10.0,3,0.074,0.0,0.023
North Cascades,192.5,10.0,2,0.072,-0.0,-0.0
Northern Basin and Range,192.5,10.0,10,0.301,0.003,0.173
Sierra Nevada,192.5,10.0,8,0.243,0.0,0.217
Southern Rockies,192.5,10.0,7,0.271,0.0,0.208
Wasatch and Uinta Mountains,192.5,10.0,2,-0.108,-0.001,0.094
