eco_region,lon,lat,embed dims,rho,slope (last 20),rho reverse
Arizona/New Mexico Mountains,272.5,27.5,8,-0.036,-0.001,0.015
Blue Mountains,272.5,27.5,8,0.061,0.001,0.074
Canadian Rockies,272.5,27.5,10,0.069,0.0,0.097
Cascades,272.5,27.5,8,0.08,0.001,0.156
Central Basin and Range,272.5,27.5,8,0.116,0.0,0.151
Columbia Mountains/Northern Rockies,272.5,27.5,4,0.046,0.001,0.057
Eastern Cascades Slopes and Foothills,272.5,27.5,10,0.127,0.0,0.147
Idaho Batholith,272.5,27.5,9,0.193,0.001,0.035
Klamath Mountains,272.5,27.5,1,0.127,0.001,-0.004
Middle Rockies,272.5,27.5,9,0.072,0.001,0.075
North Cascades,272.5,27.5,2,-0.004,0.001,0.086
Northern Basin and Range,272.5,27.5,8,-0.0,-0.0,0.145
Sierra Nevada,272.5,27.5,4,0.1,0.001,0.164
Southern Rockies,272.5,27.5,4,0.041,-0.001,0.049
Wasatch and Uinta Mountains,272.5,27.5,2,0.043,-0.0,0.073
