eco_region,lon,lat,embed dims,rho,slope (last 20),rho reverse
Arizona/New Mexico Mountains,275.0,-20.0,10,0.15,0.001,0.06
Blue Mountains,275.0,-20.0,10,0.213,0.001,0.19
Canadian Rockies,275.0,-20.0,8,0.28,0.0,0.202
Cascades,275.0,-20.0,10,0.216,0.004,0.203
Central Basin and Range,275.0,-20.0,10,0.275,0.002,0.144
Columbia Mountains/Northern Rockies,275.0,-20.0,10,0.319,0.003,0.254
Eastern Cascades Slopes and Foothills,275.0,-20.0,9,0.233,0.002,0.102
Idaho Batholith,275.0,-20.0,8,0.281,0.002,0.297
Klamath Mountains,275.0,-20.0,9,0.253,0.001,0.008
Middle Rockies,275.0,-20.0,3,0.194,0.001,0.133
North Cascades,275.0,-20.0,9,0.263,0.002,0.152
Northern Basin and Range,275.0,-20.0,10,0.24,0.001,0.154
Sierra Nevada,275.0,-20.0,10,0.308,0.002,0.197
Southern Rockies,275.0,-20.0,10,0.32,0.001,0.212
Wasatch and Uinta Mountains,275.0,-20.0,6,0.076,-0.001,0.141
