eco_region,lon,lat,embed dims,rho,slope (last 20),rho reverse
Arizona/New Mexico Mountains,195.0,35.0,3,-0.025,0.0,0.03
Blue Mountains,195.0,35.0,3,0.096,0.001,-0.024
Canadian Rockies,195.0,35.0,1,0.002,0.001,0.065
Cascades,195.0,35.0,3,0.069,-0.001,0.041
Central Basin and Range,195.0,35.0,3,-0.075,-0.001,0.011
Columbia Mountains/Northern Rockies,195.0,35.0,3,0.065,0.001,0.038
Eastern Cascades Slopes and Foothills,195.0,35.0,8,0.042,0.0,0.07
Idaho Batholith,195.0,35.0,3,0.027,-0.001,-0.059
Klamath Mountains,195.0,35.0,8,0.052,0.001,0.031
Middle Rockies,195.0,35.0,7,0.075,0.001,0.01
North Cascades,195.0,35.0,3,0.112,0.001,0.008
Northern Basin and Range,195.0,35.0,1,-0.077,-0.001,-0.007
Sierra Nevada,195.0,35.0,3,-0.041,-0.0,0.009
Southern Rockies,195.0,35.0,3,0.151,0.001,-0.058
Wasatch and Uinta Mountains,195.0,35.0,10,0.097,0.001,0.215
