eco_region,lon,lat,embed dims,rho,slope (last 20),rho reverse
Arizona/New Mexico Mountains,225.0,7.5,9,0.205,0.002,0.063
Blue Mountains,225.0,7.5,10,0.227,0.002,0.229
Canadian Rockies,225.0,7.5,4,0.132,0.001,0.094
Cascades,225.0,7.5,10,0.35,0.003,0.269
Central Basin and Range,225.0,7.5,10,0.303,0.003,0.173
Columbia Mountains/Northern Rockies,225.0,7.5,7,0.285,0.002,0.174
Eastern Cascades Slopes and Foothills,225.0,7.5,9,0.282,0.001,0.191
Idaho Batholith,225.0,7.5,9,0.208,0.001,0.145
Klamath Mountains,225.0,7.5,9,0.291,0.002,0.247
Middle Rockies,225.0,7.5,10,0.296,0.002,0.161
North Cascades,225.0,7.5,3,0.199,0.002,-0.039
Northern Basin and Range,225.0,7.5,9,0.136,0.003,0.238
Sierra Nevada,225.0,7.5,9,0.179,0.001,0.208
Southern Rockies,225.0,7.5,7,0.123,-0.0,0.155
Wasatch and Uinta Mountains,225.0,7.5,4,0.056,0.0,0.015
