eco_region,lon,lat,embed dims,rho,slope (last 20),rho reverse
Arizona/New Mexico Mountains,277.5,12.5,8,0.118,-0.0,0.233
Blue Mountains,277.5,12.5,8,0.115,0.001,0.206
Canadian Rockies,277.5,12.5,10,0.163,0.002,0.109
Cascades,277.5,12.5,8,0.225,0.004,0.127
Central Basin and Range,277.5,12.5,8,0.275,0.003,0.21
Columbia Mountains/Northern Rockies,277.5,12.5,6,0.064,-0.0,-0.017
Eastern Cascades Slopes and Foothills,277.5,12.5,10,0.291,0.002,0.16
Idaho Batholith,277.5,12.5,6,0.158,0.001,-0.016
Klamath Mountains,277.5,12.5,6,0.238,0.002,0.17
Middle Rockies,277.5,12.5,10,0.221,0.001,0.131
North Cascades,277.5,12.5,8,0.203,0.002,-0.012
Northern Basin and Range,277.5,12.5,8,0.113,0.001,0.269
Sierra Nevada,277.5,12.5,6,0.229,0.001,0.265
Southern Rockies,277.5,12.5,6,0.277,0.002,-0.027
Wasatch and Uinta Mountains,277.5,12.5,10,0.269,0.001,0.169
