eco_region,lon,lat,embed dims,rho,slope (last 20),rho reverse
Arizona/New Mexico Mountains,197.5,-15.0,4,-0.075,-0.001,0.014
Blue Mountains,197.5,-15.0,4,0.181,0.001,-0.012
Canadian Rockies,197.5,-15.0,6,0.103,-0.0,0.022
Cascades,197.5,-15.0,4,0.214,0.001,0.118
Central Basin and Range,197.5,-15.0,4,0.112,0.0,0.014
Columbia Mountains/Northern Rockies,197.5,-15.0,1,-0.093,-0.001,0.046
Eastern Cascades Slopes and Foothills,197.5,-15.0,8,0.234,0.001,0.106
Idaho Batholith,197.5,-15.0,6,0.068,0.001,0.098
Klamath Mountains,197.5,-15.0,6,0.178,0.001,0.07
Middle Rockies,197.5,-15.0,1,0.077,-0.0,0.11
North Cascades,197.5,-15.0,7,0.136,0.001,0.056
Northern Basin and Range,197.5,-15.0,7,0.102,-0.0,0.081
Sierra Nevada,197.5,-15.0,1,-0.088,0.0,0.039
Southern Rockies,197.5,-15.0,1,0.002,-0.0,0.003
Wasatch and Uinta Mountains,197.5,-15.0,6,0.07,0.0,0.139
