eco_region,lon,lat,embed dims,rho,slope (last 20),rho reverse
Arizona/New Mexico Mountains,182.5,55.0,5,0.002,0.001,-0.01
Blue Mountains,182.5,55.0,10,0.012,-0.0,-0.067
Canadian Rockies,182.5,55.0,1,0.075,0.001,0.01
Cascades,182.5,55.0,10,-0.023,-0.001,0.033
Central Basin and Range,182.5,55.0,10,0.063,0.003,-0.022
Columbia Mountains/Northern Rockies,182.5,55.0,1,0.062,0.0,-0.036
Eastern Cascades Slopes and Foothills,182.5,55.0,2,-0.143,-0.001,-0.05
Idaho Batholith,182.5,55.0,1,0.048,0.0,-0.0
Klamath Mountains,182.5,55.0,1,0.009,0.001,0.017
Middle Rockies,182.5,55.0,1,0.044,-0.0,-0.036
North Cascades,182.5,55.0,3,0.067,0.001,-0.05
Northern Basin and Range,182.5,55.0,10,-0.022,0.002,0.048
Sierra Nevada,182.5,55.0,1,0.095,0.001,-0.008
Southern Rockies,182.5,55.0,1,-0.011,0.0,-0.071
Wasatch and Uinta Mountains,182.5,55.0,1,-0.071,-0.002,-0.011
