eco_region,lon,lat,embed dims,rho,slope (last 20),rho reverse
Arizona/New Mexico Mountains,180.0,12.5,3,0.072,0.003,0.083
Blue Mountains,180.0,12.5,10,0.073,0.001,0.05
Canadian Rockies,180.0,12.5,4,0.169,0.0,0.25
Cascades,180.0,12.5,10,0.075,0.001,0.034
Central Basin and Range,180.0,12.5,10,0.09,-0.001,0.058
Columbia Mountains/Northern Rockies,180.0,12.5,8,0.068,-0.001,0.18
Eastern Cascades Slopes and Foothills,180.0,12.5,10,0.045,0.001,0.141
Idaho Batholith,180.0,12.5,10,0.041,-0.0,0.18
Klamath Mountains,180.0,12.5,10,0.293,0.0,0.246
Middle Rockies,180.0,12.5,1,0.061,0.0,0.136
North Cascades,180.0,12.5,2,0.123,0.001,0.059
Northern Basin and Range,180.0,12.5,3,0.029,0.0,0.096
Sierra Nevada,180.0,12.5,4,-0.015,0.0,0.08
Southern Rockies,180.0,12.5,8,0.207,0.0,0.098
Wasatch and Uinta Mountains,180.0,12.5,2,-0.008,-0.0,-0.0
