eco_region,lon,lat,embed dims,rho,slope (last 20),rho reverse
Arizona/New Mexico Mountains,232.5,0.0,7,-0.008,-0.001,0.136
Blue Mountains,232.5,0.0,10,0.046,0.001,0.14
Canadian Rockies,232.5,0.0,4,-0.028,-0.001,-0.039
Cascades,232.5,0.0,10,0.233,0.002,0.283
Central Basin and Range,232.5,0.0,10,0.122,-0.001,0.117
Columbia Mountains/Northern Rockies,232.5,0.0,9,0.097,-0.001,0.174
Eastern Cascades Slopes and Foothills,232.5,0.0,7,0.077,0.0,0.085
Idaho Batholith,232.5,0.0,10,0.164,0.002,0.132
Klamath Mountains,232.5,0.0,8,0.104,0.001,-0.013
Middle Rockies,232.5,0.0,10,0.133,-0.0,0.18
North Cascades,232.5,0.0,3,0.059,-0.0,0.069
Northern Basin and Range,232.5,0.0,7,0.01,-0.0,0.079
Sierra Nevada,232.5,0.0,10,0.091,-0.0,0.127
Southern Rockies,232.5,0.0,9,0.068,-0.0,0.062
Wasatch and Uinta Mountains,232.5,0.0,5,-0.083,-0.001,0.1
