eco_region,lon,lat,embed dims,rho,slope (last 20),rho reverse
Arizona/New Mexico Mountains,230.0,-17.5,2,-0.013,-0.0,0.159
Blue Mountains,230.0,-17.5,2,-0.031,0.001,0.104
Canadian Rockies,230.0,-17.5,6,0.187,0.001,0.163
Cascades,230.0,-17.5,2,0.011,-0.001,0.209
Central Basin and Range,230.0,-17.5,2,0.04,0.0,0.064
Columbia Mountains/Northern Rockies,230.0,-17.5,5,0.131,-0.0,0.231
Eastern Cascades Slopes and Foothills,230.0,-17.5,4,0.056,0.001,0.129
Idaho Batholith,230.0,-17.5,6,0.189,0.001,0.133
Klamath Mountains,230.0,-17.5,5,0.21,0.002,0.201
Middle Rockies,230.0,-17.5,10,0.355,0.003,0.219
North Cascades,230.0,-17.5,5,0.199,0.001,0.101
Northern Basin and Range,230.0,-17.5,2,0.008,0.0,0.017
Sierra Nevada,230.0,-17.5,5,0.19,0.001,0.196
Southern Rockies,230.0,-17.5,5,0.097,-0.0,-0.029
Wasatch and Uinta Mountains,230.0,-17.5,5,0.083,-0.0,0.013
