eco_region,lon,lat,embed dims,rho,slope (last 20),rho reverse
Arizona/New Mexico Mountains,217.5,60.0,3,-0.119,-0.001,0.081
Blue Mountains,217.5,60.0,3,0.009,0.0,0.098
Canadian Rockies,217.5,60.0,10,-0.0,0.001,-0.036
Cascades,217.5,60.0,3,0.095,0.002,0.174
Central Basin and Range,217.5,60.0,3,0.074,0.001,-0.002
Columbia Mountains/Northern Rockies,217.5,60.0,3,0.077,0.001,0.051
Eastern Cascades Slopes and Foothills,217.5,60.0,3,-0.067,-0.001,-0.052
Idaho Batholith,217.5,60.0,10,-0.004,-0.0,0.024
Klamath Mountains,217.5,60.0,2,0.008,-0.0,-0.089
Middle Rockies,217.5,60.0,2,0.059,0.001,-0.006
North Cascades,217.5,60.0,4,0.005,-0.0,-0.021
Northern Basin and Range,217.5,60.0,3,0.085,0.001,0.067
Sierra Nevada,217.5,60.0,1,-0.065,-0.001,-0.0
Southern Rockies,217.5,60.0,3,-0.044,-0.0,-0.02
Wasatch and Uinta Mountains,217.5,60.0,10,0.136,0.002,-0.067
