eco_region,lon,lat,embed dims,rho,slope (last 20),rho reverse
Arizona/New Mexico Mountains,205.0,32.5,1,0.006,-0.001,-0.027
Blue Mountains,205.0,32.5,1,-0.07,-0.001,0.015
Canadian Rockies,205.0,32.5,7,0.089,0.001,-0.01
Cascades,205.0,32.5,1,0.017,-0.0,0.002
Central Basin and Range,205.0,32.5,1,-0.004,-0.0,0.069
Columbia Mountains/Northern Rockies,205.0,32.5,8,0.086,0.0,0.114
Eastern Cascades Slopes and Foothills,205.0,32.5,1,-0.071,-0.002,0.031
Idaho Batholith,205.0,32.5,7,0.131,0.001,-0.009
Klamath Mountains,205.0,32.5,8,0.167,0.001,0.05
Middle Rockies,205.0,32.5,7,0.146,0.001,0.025
North Cascades,205.0,32.5,4,0.102,0.0,0.059
Northern Basin and Range,205.0,32.5,1,-0.04,-0.001,-0.019
Sierra Nevada,205.0,32.5,8,0.173,0.001,0.149
Southern Rockies,205.0,32.5,8,0.124,0.001,0.118
Wasatch and Uinta Mountains,205.0,32.5,10,0.109,0.001,0.093
