eco_region,lon,lat,embed dims,rho,slope (last 20),rho reverse
Arizona/New Mexico Mountains,192.5,22.5,10,0.056,-0.0,-0.056
Blue Mountains,192.5,22.5,10,0.028,-0.0,-0.097
Canadian Rockies,192.5,22.5,10,0.165,0.0,0.13
Cascades,192.5,22.5,10,0.181,0.002,-0.018
Central Basin and Range,192.5,22.5,10,0.16,0.001,0.002
Columbia Mountains/Northern Rockies,192.5,22.5,2,-0.01,-0.0,0.07
Eastern Cascades Slopes and Foothills,192.5,22.5,9,0.159,0.002,0.064
Idaho Batholith,192.5,22.5,3,0.025,-0.0,0.114
Klamath Mountains,192.5,22.5,10,0.153,0.001,0.105
Middle Rockies,192.5,22.5,9,0.246,0.001,0.209
North Cascades,192.5,22.5,10,0.212,0.002,0.044
Northern Basin and Range,192.5,22.5,10,0.151,0.002,0.084
Sierra Nevada,192.5,22.5,3,0.073,0.0,-0.081
Southern Rockies,192.5,22.5,2,0.106,0.001,0.065
Wasatch and Uinta Mountains,192.5,22.5,6,0.165,0.001,0.037
