eco_region,lon,lat,embed dims,rho,slope (last 20),rho reverse
Arizona/New Mexico Mountains,280.0,55.0,9,0.035,0.001,0.142
Blue Mountains,280.0,55.0,9,-0.035,0.002,0.066
Canadian Rockies,280.0,55.0,6,-0.003,0.0,0.1
Cascades,280.0,55.0,9,-0.037,-0.001,0.047
Central Basin and Range,280.0,55.0,9,-0.149,-0.002,0.094
Columbia Mountains/Northern Rockies,280.0,55.0,1,0.04,0.001,-0.062
Eastern Cascades Slopes and Foothills,280.0,55.0,7,-0.097,-0.001,-0.147
Idaho Batholith,280.0,55.0,1,-0.011,-0.0,-0.004
Klamath Mountains,280.0,55.0,6,-0.025,-0.001,0.042
Middle Rockies,280.0,55.0,8,0.004,0.001,0.036
North Cascades,280.0,55.0,9,-0.044,-0.001,-0.052
Northern Basin and Range,280.0,55.0,9,0.008,0.0,0.05
Sierra Nevada,280.0,55.0,6,0.007,-0.001,0.061
Southern Rockies,280.0,55.0,1,-0.009,0.0,-0.039
Wasatch and Uinta Mountains,280.0,55.0,9,-0.021,0.0,0.013
