eco_region,lon,lat,embed dims,rho,slope (last 20),rho reverse
Arizona/New Mexico Mountains,190.0,57.5,2,0.055,0.0,-0.022
Blue Mountains,190.0,57.5,2,-0.003,-0.001,0.067
Canadian Rockies,190.0,57.5,7,0.113,0.0,0.082
Cascades,190.0,57.5,2,0.064,0.001,0.143
Central Basin and Range,190.0,57.5,2,0.032,0.001,0.062
Columbia Mountains/Northern Rockies,190.0,57.5,9,0.19,0.001,0.093
Eastern Cascades Slopes and Foothills,190.0,57.5,3,0.035,0.001,0.068
Idaho Batholith,190.0,57.5,7,0.022,0.001,0.061
Klamath Mountains,190.0,57.5,1,0.03,0.001,0.027
Middle Rockies,190.0,57.5,9,0.077,0.0,0.043
North Cascades,190.0,57.5,3,0.012,-0.001,0.126
Northern Basin and Range,190.0,57.5,3,-0.068,-0.001,0.002
Sierra Nevada,190.0,57.5,9,0.078,0.001,-0.112
Southern Rockies,190.0,57.5,9,0.153,0.001,-0.06
Wasatch and Uinta Mountains,190.0,57.5,2,-0.035,0.0,0.122
