eco_region,lon,lat,embed dims,rho,slope (last 20),rho reverse
Arizona/New Mexico Mountains,182.5,15.0,2,0.107,0.002,-0.002
Blue Mountains,182.5,15.0,2,-0.037,-0.001,0.108
Canadian Rockies,182.5,15.0,2,0.11,-0.0,0.148
Cascades,182.5,15.0,2,0.06,0.0,0.068
Central Basin and Range,182.5,15.0,2,-0.035,-0.001,0.105
Columbia Mountains/Northern Rockies,182.5,15.0,2,0.085,-0.0,0.132
Eastern Cascades Slopes and Foothills,182.5,15.0,2,0.041,-0.0,0.143
Idaho Batholith,182.5,15.0,2,0.089,0.001,0.119
Klamath Mountains,182.5,15.0,10,0.34,0.001,0.217
Middle Rockies,182.5,15.0,1,0.057,-0.0,0.086
North Cascades,182.5,15.0,2,0.089,0.0,0.021
Northern Basin and Range,182.5,15.0,2,0.022,0.0,0.076
Sierra Nevada,182.5,15.0,10,0.323,0.001,0.258
Southern Rockies,182.5,15.0,2,0.06,0.0,-0.009
Wasatch and Uinta Mountains,182.5,15.0,2,0.1,0.0,0.045
