eco_region,lon,lat,embed dims,rho,slope (last 20),rho reverse
Arizona/New Mexico Mountains,185.0,-17.5,10,0.135,0.001,0.042
Blue Mountains,185.0,-17.5,6,0.068,0.001,0.063
Canadian Rockies,185.0,-17.5,1,0.054,0.001,-0.002
Cascades,185.0,-17.5,6,0.106,0.001,0.141
Central Basin and Range,185.0,-17.5,6,0.125,0.003,0.024
Columbia Mountains/Northern Rockies,185.0,-17.5,1,-0.027,-0.0,0.011
Eastern Cascades Slopes and Foothills,185.0,-17.5,9,0.008,-0.001,0.127
Idaho Batholith,185.0,-17.5,1,-0.054,-0.0,-0.054
Klamath Mountains,185.0,-17.5,10,0.144,0.003,0.117
Middle Rockies,185.0,-17.5,1,-0.002,-0.0,0.002
North Cascades,185.0,-17.5,10,0.12,0.0,0.135
Northern Basin and Range,185.0,-17.5,6,-0.03,-0.0,0.133
Sierra Nevada,185.0,-17.5,1,-0.045,0.0,0.06
Southern Rockies,185.0,-17.5,1,0.064,0.0,0.01
Wasatch and Uinta Mountains,185.0,-17.5,10,0.136,-0.0,0.041
