eco_region,lon,lat,embed dims,rho,slope (last 20),rho reverse
Arizona/New Mexico Mountains,232.5,42.5,8,-0.044,-0.0,0.172
Blue Mountains,232.5,42.5,3,0.066,-0.0,0.043
Canadian Rockies,232.5,42.5,10,0.01,-0.0,-0.016
Cascades,232.5,42.5,3,-0.059,-0.001,0.064
Central Basin and Range,232.5,42.5,3,0.023,0.0,0.145
Columbia Mountains/Northern Rockies,232.5,42.5,10,0.011,-0.001,-0.053
Eastern Cascades Slopes and Foothills,232.5,42.5,8,-0.03,-0.001,0.294
Idaho Batholith,232.5,42.5,9,-0.06,-0.001,0.003
Klamath Mountains,232.5,42.5,8,0.141,0.001,0.366
Middle Rockies,232.5,42.5,8,-0.085,-0.001,-0.038
North Cascades,232.5,42.5,5,-0.107,-0.001,0.138
Northern Basin and Range,232.5,42.5,8,0.038,0.0,0.173
Sierra Nevada,232.5,42.5,5,0.173,0.0,0.473
Southern Rockies,232.5,42.5,10,0.098,0.001,-0.016
Wasatch and Uinta Mountains,232.5,42.5,8,-0.112,-0.002,0.154
