eco_region,lon,lat,embed dims,rho,slope (last 20),rho reverse
Arizona/New Mexico Mountains,272.5,-20.0,10,0.18,0.002,0.129
Blue Mountains,272.5,-20.0,10,0.127,0.001,0.036
Canadian Rockies,272.5,-20.0,8,0.137,0.0,0.205
Cascades,272.5,-20.0,10,0.189,0.001,0.072
Central Basin and Range,272.5,-20.0,10,0.145,0.001,0.082
Columbia Mountains/Northern Rockies,272.5,-20.0,10,0.17,0.001,0.214
Eastern Cascades Slopes and Foothills,272.5,-20.0,9,0.187,0.001,0.164
Idaho Batholith,272.5,-20.0,8,0.186,0.0,0.186
Klamath Mountains,272.5,-20.0,3,0.006,0.001,0.141
Middle Rockies,272.5,-20.0,10,0.137,0.0,0.157
North Cascades,272.5,-20.0,7,0.105,-0.0,0.046
Northern Basin and Range,272.5,-20.0,10,0.167,-0.001,0.005
Sierra Nevada,272.5,-20.0,10,0.018,-0.001,0.134
Southern Rockies,272.5,-20.0,10,0.118,-0.0,0.079
Wasatch and Uinta Mountains,272.5,-20.0,6,0.049,-0.0,0.119
