eco_region,lon,lat,embed dims,rho,slope (last 20),rho reverse
Arizona/New Mexico Mountains,235.0,-7.5,7,0.048,-0.001,0.236
Blue Mountains,235.0,-7.5,10,0.048,0.001,0.15
Canadian Rockies,235.0,-7.5,5,0.018,-0.001,0.044
Cascades,235.0,-7.5,10,0.181,0.001,0.256
Central Basin and Range,235.0,-7.5,10,0.112,-0.002,0.104
Columbia Mountains/Northern Rockies,235.0,-7.5,7,0.089,0.0,0.159
Eastern Cascades Slopes and Foothills,235.0,-7.5,9,0.136,0.002,0.115
Idaho Batholith,235.0,-7.5,8,0.104,0.001,0.126
Klamath Mountains,235.0,-7.5,7,0.076,-0.0,0.091
Middle Rockies,235.0,-7.5,9,0.141,0.001,0.156
North Cascades,235.0,-7.5,3,0.052,-0.0,-0.047
Northern Basin and Range,235.0,-7.5,7,0.024,-0.0,0.03
Sierra Nevada,235.0,-7.5,7,0.097,-0.001,0.175
Southern Rockies,235.0,-7.5,7,-0.087,-0.001,0.001
Wasatch and Uinta Mountains,235.0,-7.5,3,-0.105,-0.001,-0.03
