eco_region,lon,lat,embed dims,rho,slope (last 20),rho reverse
Arizona/New Mexico Mountains,190.0,42.5,6,0.001,-0.0,-0.118
Blue Mountains,190.0,42.5,6,0.064,0.001,-0.012
Canadian Rockies,190.0,42.5,6,-0.002,-0.0,0.122
Cascades,190.0,42.5,6,0.145,0.001,0.082
Central Basin and Range,190.0,42.5,6,-0.006,-0.0,-0.034
Columbia Mountains/Northern Rockies,190.0,42.5,7,0.108,0.0,0.24
Eastern Cascades Slopes and Foothills,190.0,42.5,10,0.142,0.002,0.006
Idaho Batholith,190.0,42.5,5,0.005,0.0,0.038
Klamath Mountains,190.0,42.5,5,-0.065,-0.001,-0.048
Middle Rockies,190.0,42.5,10,-0.015,-0.0,0.071
North Cascades,190.0,42.5,8,0.081,-0.001,0.2
Northern Basin and Range,190.0,42.5,8,0.047,0.0,0.033
Sierra Nevada,190.0,42.5,10,0.062,0.001,-0.069
Southern Rockies,190.0,42.5,7,0.083,-0.0,-0.009
Wasatch and Uinta Mountains,190.0,42.5,8,-0.003,-0.001,-0.039
