eco_region,lon,lat,embed dims,rho,slope (last 20),rho reverse
Arizona/New Mexico Mountains,230.0,-10.0,10,0.23,0.002,0.104
Blue Mountains,230.0,-10.0,10,0.251,0.002,0.205
Canadian Rockies,230.0,-10.0,5,0.159,0.0,0.222
Cascades,230.0,-10.0,10,0.343,0.003,0.212
Central Basin and Range,230.0,-10.0,10,0.355,0.004,0.23
Columbia Mountains/Northern Rockies,230.0,-10.0,7,0.312,0.002,0.225
Eastern Cascades Slopes and Foothills,230.0,-10.0,9,0.291,0.002,0.231
Idaho Batholith,230.0,-10.0,5,0.121,0.0,0.107
Klamath Mountains,230.0,-10.0,7,0.342,0.002,0.301
Middle Rockies,230.0,-10.0,9,0.306,0.001,0.202
North Cascades,230.0,-10.0,3,0.157,0.002,0.017
Northern Basin and Range,230.0,-10.0,10,0.107,0.001,0.302
Sierra Nevada,230.0,-10.0,7,0.181,0.001,0.25
Southern Rockies,230.0,-10.0,7,0.159,0.0,0.13
Wasatch and Uinta Mountains,230.0,-10.0,3,-0.021,-0.0,0.076
