eco_region,lon,lat,embed dims,rho,slope (last 20),rho reverse
Arizona/New Mexico Mountains,230.0,60.0,3,0.054,0.001,0.013
Blue Mountains,230.0,60.0,3,-0.071,-0.0,0.143
Canadian Rockies,230.0,60.0,10,0.034,-0.0,0.028
Cascades,230.0,60.0,3,0.06,0.0,0.11
Central Basin and Range,230.0,60.0,3,0.069,0.001,0.137
Columbia Mountains/Northern Rockies,230.0,60.0,1,-0.03,0.0,0.032
Eastern Cascades Slopes and Foothills,230.0,60.0,4,0.105,0.001,0.08
Idaho Batholith,230.0,60.0,1,-0.028,-0.001,0.044
Klamath Mountains,230.0,60.0,2,0.01,0.002,0.06
Middle Rockies,230.0,60.0,1,-0.051,-0.0,0.032
North Cascades,230.0,60.0,9,0.035,-0.001,-0.011
Northern Basin and Range,230.0,60.0,3,-0.049,-0.001,0.091
Sierra Nevada,230.0,60.0,1,-0.034,-0.001,0.013
Southern Rockies,230.0,60.0,1,0.04,0.0,0.054
Wasatch and Uinta Mountains,230.0,60.0,10,0.076,0.001,-0.063
