eco_region,lon,lat,embed dims,rho,slope (last 20),rho reverse
Arizona/New Mexico Mountains,247.5,45.0,7,0.024,-0.0,0.143
Blue Mountains,247.5,45.0,7,0.025,-0.002,0.177
Canadian Rockies,247.5,45.0,9,0.023,0.0,0.061
Cascades,247.5,45.0,7,0.189,0.002,0.238
Central Basin and Range,247.5,45.0,7,0.057,0.001,0.359
Columbia Mountains/Northern Rockies,247.5,45.0,9,0.11,-0.0,0.269
Eastern Cascades Slopes and Foothills,247.5,45.0,6,0.212,0.003,0.351
Idaho Batholith,247.5,45.0,9,0.1,-0.002,0.492
Klamath Mountains,247.5,45.0,1,-0.03,-0.002,0.08
Middle Rockies,247.5,45.0,9,0.059,-0.0,0.344
North Cascades,247.5,45.0,7,0.09,-0.0,0.271
Northern Basin and Range,247.5,45.0,5,0.116,0.001,0.171
Sierra Nevada,247.5,45.0,3,0.033,-0.001,0.277
Southern Rockies,247.5,45.0,9,0.055,-0.0,0.246
Wasatch and Uinta Mountains,247.5,45.0,10,0.166,0.0,0.384
