eco_region,lon,lat,embed dims,rho,slope (last 20),rho reverse
Arizona/New Mexico Mountains,265.0,52.5,2,-0.118,-0.001,0.088
Blue Mountains,265.0,52.5,10,-0.064,-0.001,0.121
Canadian Rockies,265.0,52.5,6,0.058,0.0,-0.042
Cascades,265.0,52.5,10,0.102,0.002,0.081
Central Basin and Range,265.0,52.5,10,0.029,0.003,0.035
Columbia Mountains/Northern Rockies,265.0,52.5,8,-0.042,-0.001,-0.06
Eastern Cascades Slopes and Foothills,265.0,52.5,2,0.049,0.002,-0.109
Idaho Batholith,265.0,52.5,8,0.064,0.0,-0.046
Klamath Mountains,265.0,52.5,5,-0.041,0.0,-0.108
Middle Rockies,265.0,52.5,2,0.08,0.001,0.016
North Cascades,265.0,52.5,8,0.108,0.002,0.064
Northern Basin and Range,265.0,52.5,1,-0.0,0.0,0.043
Sierra Nevada,265.0,52.5,8,0.007,0.001,-0.012
Southern Rockies,265.0,52.5,8,-0.004,-0.0,-0.047
Wasatch and Uinta Mountains,265.0,52.5,1,0.024,0.001,0.029
