eco_region,lon,lat,embed dims,rho,slope (last 20),rho reverse
Arizona/New Mexico Mountains,267.5,17.5,10,0.048,0.0,0.014
Blue Mountains,267.5,17.5,10,0.035,0.002,0.026
Canadian Rockies,267.5,17.5,4,0.043,-0.0,0.004
Cascades,267.5,17.5,10,0.088,0.002,0.123
Central Basin and Range,267.5,17.5,10,0.225,0.002,0.065
Columbia Mountains/Northern Rockies,267.5,17.5,4,0.141,0.001,0.064
Eastern Cascades Slopes and Foothills,267.5,17.5,10,0.088,0.001,0.063
Idaho Batholith,267.5,17.5,5,0.134,-0.001,0.034
Klamath Mountains,267.5,17.5,3,-0.028,-0.002,0.088
Middle Rockies,267.5,17.5,10,0.207,0.001,0.091
North Cascades,267.5,17.5,8,0.15,0.0,0.177
Northern Basin and Range,267.5,17.5,10,0.079,-0.0,0.087
Sierra Nevada,267.5,17.5,9,0.116,0.001,0.095
Southern Rockies,267.5,17.5,4,0.109,0.0,-0.064
Wasatch and Uinta Mountains,267.5,17.5,2,0.1,0.001,0.122
