eco_region,lon,lat,embed dims,rho,slope (last 20),rho reverse
Arizona/New Mexico Mountains,240.0,2.5,10,0.224,0.002,0.107
Blue Mountains,240.0,2.5,10,0.243,0.002,0.151
Canadian Rockies,240.0,2.5,8,0.287,-0.0,0.217
Cascades,240.0,2.5,10,0.368,0.003,0.195
Central Basin and Range,240.0,2.5,10,0.357,0.004,0.062
Columbia Mountains/Northern Rockies,240.0,2.5,9,0.336,0.002,0.204
Eastern Cascades Slopes and Foothills,240.0,2.5,6,0.184,0.002,0.101
Idaho Batholith,240.0,2.5,9,0.226,0.001,0.171
Klamath Mountains,240.0,2.5,7,0.374,0.002,0.238
Middle Rockies,240.0,2.5,10,0.321,0.002,0.267
North Cascades,240.0,2.5,3,0.152,0.001,0.056
Northern Basin and Range,240.0,2.5,10,0.142,0.001,0.192
Sierra Nevada,240.0,2.5,9,0.201,0.0,0.133
Southern Rockies,240.0,2.5,9,0.341,0.002,0.169
Wasatch and Uinta Mountains,240.0,2.5,5,0.04,0.0,0.028
