eco_region,lon,lat,embed dims,rho,slope (last 20),rho reverse
Arizona/New Mexico Mountains,217.5,45.0,10,-0.027,0.0,0.028
Blue Mountains,217.5,45.0,10,0.055,0.0,0.123
Canadian Rockies,217.5,45.0,6,0.176,0.002,0.113
Cascades,217.5,45.0,10,0.187,0.002,0.217
Central Basin and Range,217.5,45.0,10,0.067,0.002,0.228
Columbia Mountains/Northern Rockies,217.5,45.0,5,0.033,-0.001,0.051
Eastern Cascades Slopes and Foothills,217.5,45.0,10,0.142,0.003,0.156
Idaho Batholith,217.5,45.0,6,0.014,0.0,0.069
Klamath Mountains,217.5,45.0,10,0.102,0.002,0.111
Middle Rockies,217.5,45.0,1,0.061,0.001,0.029
North Cascades,217.5,45.0,4,-0.042,-0.002,0.042
Northern Basin and Range,217.5,45.0,10,0.098,0.002,0.152
Sierra Nevada,217.5,45.0,1,-0.042,-0.001,-0.01
Southern Rockies,217.5,45.0,5,0.097,0.001,0.023
Wasatch and Uinta Mountains,217.5,45.0,4,-0.085,-0.0,-0.048
