eco_region,lon,lat,embed dims,rho,slope (last 20),rho reverse
Arizona/New Mexico Mountains,272.5,42.5,3,0.037,0.001,0.059
Blue Mountains,272.5,42.5,2,0.029,0.001,0.008
Canadian Rockies,272.5,42.5,3,0.028,0.001,0.042
Cascades,272.5,42.5,2,0.051,0.001,-0.005
Central Basin and Range,272.5,42.5,2,-0.031,-0.001,-0.017
Columbia Mountains/Northern Rockies,272.5,42.5,3,0.034,0.0,0.02
Eastern Cascades Slopes and Foothills,272.5,42.5,8,0.043,-0.0,0.059
Idaho Batholith,272.5,42.5,1,-0.041,-0.0,-0.03
Klamath Mountains,272.5,42.5,9,0.103,-0.0,0.087
Middle Rockies,272.5,42.5,3,-0.052,-0.001,0.025
North Cascades,272.5,42.5,2,-0.074,-0.001,0.102
Northern Basin and Range,272.5,42.5,3,0.033,-0.001,-0.045
Sierra Nevada,272.5,42.5,9,0.029,0.0,0.113
Southern Rockies,272.5,42.5,3,0.018,-0.0,0.088
Wasatch and Uinta Mountains,272.5,42.5,2,0.029,0.0,-0.082
