eco_region,lon,lat,embed dims,rho,slope (last 20),rho reverse
Arizona/New Mexico Mountains,272.5,15.0,7,0.174,0.002,0.099
Blue Mountains,272.5,15.0,5,0.188,0.001,0.15
Canadian Rockies,272.5,15.0,9,0.155,0.001,0.087
Cascades,272.5,15.0,5,0.149,0.002,0.192
Central Basin and Range,272.5,15.0,5,0.245,0.001,0.071
Columbia Mountains/Northern Rockies,272.5,15.0,1,0.03,0.001,0.004
Eastern Cascades Slopes and Foothills,272.5,15.0,3,0.041,-0.0,0.169
Idaho Batholith,272.5,15.0,9,0.269,0.002,0.139
Klamath Mountains,272.5,15.0,3,0.038,-0.002,0.014
Middle Rockies,272.5,15.0,9,0.21,0.0,0.162
North Cascades,272.5,15.0,7,0.162,0.001,0.305
Northern Basin and Range,272.5,15.0,7,0.257,0.002,0.114
Sierra Nevada,272.5,15.0,10,0.289,0.001,0.127
Southern Rockies,272.5,15.0,1,0.141,0.002,0.018
Wasatch and Uinta Mountains,272.5,15.0,3,0.103,0.001,0.062
