eco_region,lon,lat,embed dims,rho,slope (last 20),rho reverse
Arizona/New Mexico Mountains,215.0,32.5,10,0.089,0.001,0.09
Blue Mountains,215.0,32.5,10,0.172,-0.001,0.185
Canadian Rockies,215.0,32.5,8,0.206,0.002,0.106
Cascades,215.0,32.5,10,0.249,0.001,0.235
Central Basin and Range,215.0,32.5,10,0.199,0.002,0.247
Columbia Mountains/Northern Rockies,215.0,32.5,9,0.172,0.0,0.11
Eastern Cascades Slopes and Foothills,215.0,32.5,1,-0.04,-0.001,0.085
Idaho Batholith,215.0,32.5,9,0.121,0.001,0.111
Klamath Mountains,215.0,32.5,8,0.254,0.003,0.162
Middle Rockies,215.0,32.5,8,0.173,0.002,0.129
North Cascades,215.0,32.5,10,0.159,0.001,0.253
Northern Basin and Range,215.0,32.5,10,0.163,0.001,0.208
Sierra Nevada,215.0,32.5,8,0.156,0.002,0.209
Southern Rockies,215.0,32.5,9,0.219,0.002,0.258
Wasatch and Uinta Mountains,215.0,32.5,8,0.096,0.0,0.194
