eco_region,lon,lat,embed dims,rho,slope (last 20),rho reverse
Arizona/New Mexico Mountains,192.5,15.0,9,0.144,-0.0,0.16
Blue Mountains,192.5,15.0,9,0.194,0.001,0.263
Canadian Rockies,192.5,15.0,4,0.284,0.001,0.261
Cascades,192.5,15.0,9,0.323,0.001,0.297
Central Basin and Range,192.5,15.0,9,0.22,0.002,0.257
Columbia Mountains/Northern Rockies,192.5,15.0,4,0.226,0.001,0.226
Eastern Cascades Slopes and Foothills,192.5,15.0,8,0.32,0.002,0.284
Idaho Batholith,192.5,15.0,4,0.178,-0.0,0.148
Klamath Mountains,192.5,15.0,8,0.355,0.002,0.235
Middle Rockies,192.5,15.0,5,0.203,0.0,0.171
North Cascades,192.5,15.0,2,0.076,-0.0,-0.016
Northern Basin and Range,192.5,15.0,9,0.284,0.004,0.327
Sierra Nevada,192.5,15.0,4,0.134,0.0,0.136
Southern Rockies,192.5,15.0,4,0.088,-0.0,0.165
Wasatch and Uinta Mountains,192.5,15.0,2,-0.098,-0.001,0.041
