eco_region,lon,lat,embed dims,rho,slope (last 20),rho reverse
Arizona/New Mexico Mountains,250.0,27.5,7,0.065,0.001,0.129
Blue Mountains,250.0,27.5,7,0.064,-0.001,0.101
Canadian Rockies,250.0,27.5,5,0.093,0.002,0.052
Cascades,250.0,27.5,7,0.046,0.001,0.05
Central Basin and Range,250.0,27.5,7,0.146,0.001,0.06
Columbia Mountains/Northern Rockies,250.0,27.5,5,0.133,0.0,-0.008
Eastern Cascades Slopes and Foothills,250.0,27.5,1,0.054,0.001,0.022
Idaho Batholith,250.0,27.5,5,0.108,-0.001,0.033
Klamath Mountains,250.0,27.5,1,0.085,0.001,-0.041
Middle Rockies,250.0,27.5,6,0.093,-0.001,0.084
North Cascades,250.0,27.5,2,0.105,0.001,-0.012
Northern Basin and Range,250.0,27.5,7,0.087,-0.0,0.068
Sierra Nevada,250.0,27.5,5,0.118,0.001,0.075
Southern Rockies,250.0,27.5,5,0.144,0.001,0.003
Wasatch and Uinta Mountains,250.0,27.5,2,-0.018,-0.001,0.018
