eco_region,lon,lat,embed dims,rho,slope (last 20),rho reverse
Arizona/New Mexico Mountains,180.0,25.0,10,0.067,-0.001,-0.067
Blue Mountains,180.0,25.0,10,0.052,0.002,0.043
Canadian Rockies,180.0,25.0,4,0.046,-0.001,0.205
Cascades,180.0,25.0,10,0.073,0.002,0.084
Central Basin and Range,180.0,25.0,10,0.072,-0.0,0.096
Columbia Mountains/Northern Rockies,180.0,25.0,4,0.165,0.0,0.129
Eastern Cascades Slopes and Foothills,180.0,25.0,9,0.066,0.001,0.112
Idaho Batholith,180.0,25.0,4,0.066,0.0,0.057
Klamath Mountains,180.0,25.0,6,0.126,0.0,0.062
Middle Rockies,180.0,25.0,3,0.027,-0.0,0.033
North Cascades,180.0,25.0,7,0.126,0.002,0.092
Northern Basin and Range,180.0,25.0,10,0.15,0.002,0.023
Sierra Nevada,180.0,25.0,5,0.003,0.0,-0.02
Southern Rockies,180.0,25.0,4,0.01,-0.0,0.114
Wasatch and Uinta Mountains,180.0,25.0,1,-0.142,-0.002,0.052
