eco_region,lon,lat,embed dims,rho,slope (last 20),rho reverse
Arizona/New Mexico Mountains,225.0,40.0,8,0.01,0.002,-0.018
Blue Mountains,225.0,40.0,1,0.012,-0.0,-0.069
Canadian Rockies,225.0,40.0,9,0.218,0.002,0.093
Cascades,225.0,40.0,1,0.096,0.001,-0.03
Central Basin and Range,225.0,40.0,1,-0.107,-0.001,-0.064
Columbia Mountains/Northern Rockies,225.0,40.0,7,0.091,0.001,0.071
Eastern Cascades Slopes and Foothills,225.0,40.0,9,0.057,0.002,0.192
Idaho Batholith,225.0,40.0,7,-0.037,-0.0,0.058
Klamath Mountains,225.0,40.0,3,-0.024,-0.001,0.113
Middle Rockies,225.0,40.0,7,0.12,0.0,-0.013
North Cascades,225.0,40.0,9,0.071,0.0,0.235
Northern Basin and Range,225.0,40.0,8,-0.011,-0.001,0.097
Sierra Nevada,225.0,40.0,7,0.109,0.001,0.296
Southern Rockies,225.0,40.0,7,0.119,0.003,0.144
Wasatch and Uinta Mountains,225.0,40.0,8,0.019,-0.001,0.06
