eco_region,lon,lat,embed dims,rho,slope (last 20),rho reverse
Arizona/New Mexico Mountains,185.0,20.0,4,-0.019,-0.001,0.121
Blue Mountains,185.0,20.0,4,0.094,0.001,0.103
Canadian Rockies,185.0,20.0,5,0.241,0.002,0.095
Cascades,185.0,20.0,4,0.13,0.001,0.092
Central Basin and Range,185.0,20.0,4,0.004,-0.0,0.147
Columbia Mountains/Northern Rockies,185.0,20.0,9,0.277,0.001,0.215
Eastern Cascades Slopes and Foothills,185.0,20.0,10,0.208,0.002,0.103
Idaho Batholith,185.0,20.0,1,0.099,0.001,-0.027
Klamath Mountains,185.0,20.0,9,0.207,0.001,0.189
Middle Rockies,185.0,20.0,9,0.265,0.001,0.108
North Cascades,185.0,20.0,7,0.167,0.001,0.064
Northern Basin and Range,185.0,20.0,4,0.036,0.002,0.092
Sierra Nevada,185.0,20.0,9,0.255,0.002,0.106
Southern Rockies,185.0,20.0,9,0.294,0.002,0.121
Wasatch and Uinta Mountains,185.0,20.0,9,0.246,0.002,0.055
