eco_region,lon,lat,embed dims,rho,slope (last 20),rho reverse
Arizona/New Mexico Mountains,210.0,10.0,9,0.079,0.0,0.168
Blue Mountains,210.0,10.0,9,-0.053,-0.001,-0.022
Canadian Rockies,210.0,10.0,3,0.026,0.0,0.008
Cascades,210.0,10.0,9,0.222,-0.0,0.143
Central Basin and Range,210.0,10.0,9,0.058,-0.0,-0.102
Columbia Mountains/Northern Rockies,210.0,10.0,10,0.013,0.0,0.122
Eastern Cascades Slopes and Foothills,210.0,10.0,7,0.115,-0.0,-0.016
Idaho Batholith,210.0,10.0,10,0.031,0.001,0.014
Klamath Mountains,210.0,10.0,9,0.288,-0.0,0.156
Middle Rockies,210.0,10.0,10,0.016,-0.001,0.043
North Cascades,210.0,10.0,2,-0.001,0.0,0.004
Northern Basin and Range,210.0,10.0,9,0.105,0.001,-0.011
Sierra Nevada,210.0,10.0,9,0.037,-0.001,0.032
Southern Rockies,210.0,10.0,10,0.139,0.001,0.049
Wasatch and Uinta Mountains,210.0,10.0,3,-0.019,-0.0,0.058
