eco_region,lon,lat,embed dims,rho,slope (last 20),rho reverse
Arizona/New Mexico Mountains,235.0,40.0,3,0.105,0.0,0.047
Blue Mountains,235.0,40.0,1,-0.015,-0.001,-0.044
Canadian Rockies,235.0,40.0,6,0.186,0.001,-0.027
Cascades,235.0,40.0,1,0.089,0.0,0.043
Central Basin and Range,235.0,40.0,1,-0.067,-0.001,-0.084
Columbia Mountains/Northern Rockies,235.0,40.0,6,0.076,-0.0,0.034
Eastern Cascades Slopes and Foothills,235.0,40.0,3,0.065,0.0,0.049
Idaho Batholith,235.0,40.0,6,0.057,0.001,0.014
Klamath Mountains,235.0,40.0,4,0.064,-0.001,0.112
Middle Rockies,235.0,40.0,7,0.082,0.001,0.062
North Cascades,235.0,40.0,1,-0.05,-0.001,0.028
Northern Basin and Range,235.0,40.0,1,-0.053,-0.001,-0.02
Sierra Nevada,235.0,40.0,5,0.165,0.001,0.225
Southern Rockies,235.0,40.0,6,0.177,0.002,0.005
Wasatch and Uinta Mountains,235.0,40.0,8,0.134,0.001,0.105
