eco_region,lon,lat,embed dims,rho,slope (last 20),rho reverse
Arizona/New Mexico Mountains,220.0,-5.0,9,0.129,0.0,0.209
Blue Mountains,220.0,-5.0,10,-0.005,0.001,0.103
Canadian Rockies,220.0,-5.0,3,-0.005,0.0,0.103
Cascades,220.0,-5.0,10,0.159,0.001,0.179
Central Basin and Range,220.0,-5.0,10,0.077,-0.002,0.152
Columbia Mountains/Northern Rockies,220.0,-5.0,9,0.062,-0.001,0.084
Eastern Cascades Slopes and Foothills,220.0,-5.0,9,0.135,0.002,0.181
Idaho Batholith,220.0,-5.0,10,0.142,0.002,0.124
Klamath Mountains,220.0,-5.0,8,0.148,0.001,0.105
Middle Rockies,220.0,-5.0,9,0.111,0.0,0.159
North Cascades,220.0,-5.0,3,0.06,-0.0,0.144
Northern Basin and Range,220.0,-5.0,9,-0.026,0.0,0.045
Sierra Nevada,220.0,-5.0,9,0.065,-0.001,0.199
Southern Rockies,220.0,-5.0,9,0.017,-0.001,0.053
Wasatch and Uinta Mountains,220.0,-5.0,4,-0.08,0.0,0.064
