eco_region,lon,lat,embed dims,rho,slope (last 20),rho reverse
Arizona/New Mexico Mountains,230.0,-2.5,9,0.194,0.002,0.134
Blue Mountains,230.0,-2.5,10,0.197,0.002,0.235
Canadian Rockies,230.0,-2.5,9,0.34,0.001,0.174
Cascades,230.0,-2.5,10,0.33,0.003,0.304
Central Basin and Range,230.0,-2.5,10,0.319,0.004,0.211
Columbia Mountains/Northern Rockies,230.0,-2.5,9,0.305,0.002,0.194
Eastern Cascades Slopes and Foothills,230.0,-2.5,9,0.274,0.001,0.221
Idaho Batholith,230.0,-2.5,9,0.238,0.001,0.194
Klamath Mountains,230.0,-2.5,9,0.304,0.002,0.25
Middle Rockies,230.0,-2.5,9,0.293,0.001,0.223
North Cascades,230.0,-2.5,3,0.189,0.002,-0.03
Northern Basin and Range,230.0,-2.5,9,0.089,0.002,0.266
Sierra Nevada,230.0,-2.5,9,0.189,0.0,0.228
Southern Rockies,230.0,-2.5,9,0.357,0.002,0.175
Wasatch and Uinta Mountains,230.0,-2.5,7,0.119,0.001,0.131
