eco_region,lon,lat,embed dims,rho,slope (last 20),rho reverse
Arizona/New Mexico Mountains,275.0,22.5,5,0.051,-0.0,0.028
Blue Mountains,275.0,22.5,5,0.032,0.002,0.072
Canadian Rockies,275.0,22.5,9,0.059,0.001,0.049
Cascades,275.0,22.5,5,0.098,0.001,0.117
Central Basin and Range,275.0,22.5,5,0.164,0.001,0.144
Columbia Mountains/Northern Rockies,275.0,22.5,6,0.048,-0.0,0.041
Eastern Cascades Slopes and Foothills,275.0,22.5,8,0.161,0.001,0.138
Idaho Batholith,275.0,22.5,9,0.229,0.001,0.074
Klamath Mountains,275.0,22.5,5,0.156,0.001,0.145
Middle Rockies,275.0,22.5,9,0.126,0.001,0.052
North Cascades,275.0,22.5,7,0.063,-0.0,0.084
Northern Basin and Range,275.0,22.5,6,0.158,0.002,0.076
Sierra Nevada,275.0,22.5,6,0.186,0.001,0.118
Southern Rockies,275.0,22.5,6,0.153,0.001,-0.018
Wasatch and Uinta Mountains,275.0,22.5,2,0.011,-0.001,-0.002
