eco_region,lon,lat,embed dims,rho,slope (last 20),rho reverse
Arizona/New Mexico Mountains,250.0,-5.0,10,0.226,0.002,0.13
Blue Mountains,250.0,-5.0,10,0.251,0.003,0.193
Canadian Rockies,250.0,-5.0,9,0.37,0.001,0.227
Cascades,250.0,-5.0,10,0.35,0.004,0.255
Central Basin and Range,250.0,-5.0,10,0.397,0.004,0.158
Columbia Mountains/Northern Rockies,250.0,-5.0,9,0.378,0.002,0.242
Eastern Cascades Slopes and Foothills,250.0,-5.0,7,0.235,0.002,0.065
Idaho Batholith,250.0,-5.0,9,0.265,0.001,0.19
Klamath Mountains,250.0,-5.0,7,0.362,0.001,0.213
Middle Rockies,250.0,-5.0,9,0.341,0.001,0.216
North Cascades,250.0,-5.0,4,0.119,0.001,0.125
Northern Basin and Range,250.0,-5.0,10,0.209,0.002,0.314
Sierra Nevada,250.0,-5.0,9,0.234,0.001,0.171
Southern Rockies,250.0,-5.0,9,0.371,0.002,0.224
Wasatch and Uinta Mountains,250.0,-5.0,7,0.156,0.001,0.145
