eco_region,lon,lat,embed dims,rho,slope (last 20),rho reverse
Arizona/New Mexico Mountains,227.5,15.0,10,0.241,0.001,0.001
Blue Mountains,227.5,15.0,10,0.293,0.002,0.243
Canadian Rockies,227.5,15.0,8,0.188,0.001,0.177
Cascades,227.5,15.0,10,0.369,0.003,0.329
Central Basin and Range,227.5,15.0,10,0.356,0.002,0.139
Columbia Mountains/Northern Rockies,227.5,15.0,8,0.24,0.001,0.239
Eastern Cascades Slopes and Foothills,227.5,15.0,10,0.385,0.002,0.213
Idaho Batholith,227.5,15.0,8,0.27,0.001,0.187
Klamath Mountains,227.5,15.0,8,0.359,0.002,0.288
Middle Rockies,227.5,15.0,10,0.239,0.001,0.212
North Cascades,227.5,15.0,10,0.378,0.002,0.314
Northern Basin and Range,227.5,15.0,10,0.255,0.002,0.287
Sierra Nevada,227.5,15.0,8,0.247,0.002,0.133
Southern Rockies,227.5,15.0,8,0.228,0.002,0.22
Wasatch and Uinta Mountains,227.5,15.0,9,0.254,0.001,0.103
