eco_region,lon,lat,embed dims,rho,slope (last 20),rho reverse
Arizona/New Mexico Mountains,257.5,17.5,10,-0.032,-0.001,0.174
Blue Mountains,257.5,17.5,10,-0.051,-0.002,0.089
Canadian Rockies,257.5,17.5,8,-0.042,0.0,-0.054
Cascades,257.5,17.5,10,0.06,0.0,0.095
Central Basin and Range,257.5,17.5,10,0.131,-0.0,0.184
Columbia Mountains/Northern Rockies,257.5,17.5,5,0.08,0.001,0.008
Eastern Cascades Slopes and Foothills,257.5,17.5,10,0.162,0.002,0.111
Idaho Batholith,257.5,17.5,5,-0.031,-0.0,-0.011
Klamath Mountains,257.5,17.5,6,0.031,0.0,0.161
Middle Rockies,257.5,17.5,5,0.011,0.0,-0.066
North Cascades,257.5,17.5,5,-0.108,-0.001,-0.041
Northern Basin and Range,257.5,17.5,10,0.026,0.001,0.19
Sierra Nevada,257.5,17.5,3,0.014,-0.0,0.079
Southern Rockies,257.5,17.5,5,-0.107,-0.001,-0.009
Wasatch and Uinta Mountains,257.5,17.5,8,0.036,-0.0,-0.011
