eco_region,lon,lat,embed dims,rho,slope (last 20),rho reverse
Arizona/New Mexico Mountains,182.5,22.5,10,0.097,-0.0,0.069
Blue Mountains,182.5,22.5,10,0.063,0.002,0.079
Canadian Rockies,182.5,22.5,6,0.125,-0.0,0.244
Cascades,182.5,22.5,10,0.072,0.001,0.163
Central Basin and Range,182.5,22.5,10,0.04,-0.001,0.132
Columbia Mountains/Northern Rockies,182.5,22.5,3,0.102,-0.001,0.149
Eastern Cascades Slopes and Foothills,182.5,22.5,10,0.028,0.002,0.184
Idaho Batholith,182.5,22.5,6,0.034,-0.0,0.254
Klamath Mountains,182.5,22.5,8,0.141,0.0,0.084
Middle Rockies,182.5,22.5,1,0.034,-0.0,0.007
North Cascades,182.5,22.5,9,0.121,0.002,0.101
Northern Basin and Range,182.5,22.5,10,0.119,0.001,0.067
Sierra Nevada,182.5,22.5,10,0.109,0.001,0.061
Southern Rockies,182.5,22.5,3,0.007,-0.0,0.056
Wasatch and Uinta Mountains,182.5,22.5,5,0.044,0.001,0.122
