eco_region,lon,lat,embed dims,rho,slope (last 20),rho reverse
Arizona/New Mexico Mountains,205.0,40.0,2,0.063,0.0,0.062
Blue Mountains,205.0,40.0,2,-0.016,-0.0,-0.05
Canadian Rockies,205.0,40.0,1,0.056,0.001,0.082
Cascades,205.0,40.0,2,0.009,-0.001,0.004
Central Basin and Range,205.0,40.0,2,-0.007,0.0,-0.081
Columbia Mountains/Northern Rockies,205.0,40.0,4,0.1,0.001,-0.001
Eastern Cascades Slopes and Foothills,205.0,40.0,2,0.053,0.001,0.035
Idaho Batholith,205.0,40.0,7,0.179,0.002,-0.019
Klamath Mountains,205.0,40.0,1,-0.094,-0.001,0.056
Middle Rockies,205.0,40.0,4,0.097,0.001,-0.021
North Cascades,205.0,40.0,6,0.094,0.001,0.012
Northern Basin and Range,205.0,40.0,2,-0.076,0.0,-0.068
Sierra Nevada,205.0,40.0,4,-0.045,-0.0,0.025
Southern Rockies,205.0,40.0,4,-0.018,0.0,-0.022
Wasatch and Uinta Mountains,205.0,40.0,7,0.054,-0.0,0.118
