eco_region,lon,lat,embed dims,rho,slope (last 20),rho reverse
Arizona/New Mexico Mountains,207.5,20.0,10,0.236,0.003,0.11
Blue Mountains,207.5,20.0,10,0.367,0.003,0.237
Canadian Rockies,207.5,20.0,3,0.074,-0.0,-0.004
Cascades,207.5,20.0,10,0.403,0.002,0.363
Central Basin and Range,207.5,20.0,10,0.388,0.003,0.263
Columbia Mountains/Northern Rockies,207.5,20.0,7,0.242,0.002,0.121
Eastern Cascades Slopes and Foothills,207.5,20.0,9,0.359,0.002,0.321
Idaho Batholith,207.5,20.0,8,0.248,0.002,0.215
Klamath Mountains,207.5,20.0,3,0.286,-0.0,0.051
Middle Rockies,207.5,20.0,8,0.218,0.002,0.248
North Cascades,207.5,20.0,8,0.347,0.002,0.294
Northern Basin and Range,207.5,20.0,10,0.38,0.003,0.199
Sierra Nevada,207.5,20.0,6,0.146,0.001,0.06
Southern Rockies,207.5,20.0,7,0.171,0.002,0.174
Wasatch and Uinta Mountains,207.5,20.0,10,0.373,0.002,0.271
