eco_region,lon,lat,embed dims,rho,slope (last 20),rho reverse
Arizona/New Mexico Mountains,220.0,22.5,10,0.205,0.002,0.015
Blue Mountains,220.0,22.5,9,0.275,0.001,0.171
Canadian Rockies,220.0,22.5,10,0.333,0.003,0.156
Cascades,220.0,22.5,9,0.333,0.002,0.319
Central Basin and Range,220.0,22.5,9,0.362,0.001,0.206
Columbia Mountains/Northern Rockies,220.0,22.5,10,0.371,0.003,0.226
Eastern Cascades Slopes and Foothills,220.0,22.5,9,0.34,0.001,0.247
Idaho Batholith,220.0,22.5,10,0.273,0.001,0.11
Klamath Mountains,220.0,22.5,6,0.295,0.001,0.166
Middle Rockies,220.0,22.5,10,0.389,0.002,0.191
North Cascades,220.0,22.5,8,0.389,0.002,0.25
Northern Basin and Range,220.0,22.5,9,0.341,0.002,0.133
Sierra Nevada,220.0,22.5,10,0.404,0.001,0.09
Southern Rockies,220.0,22.5,10,0.337,0.001,0.112
Wasatch and Uinta Mountains,220.0,22.5,5,0.266,0.001,0.034
