eco_region,lon,lat,embed dims,rho,slope (last 20),rho reverse
Arizona/New Mexico Mountains,195.0,-10.0,6,0.023,-0.0,0.052
Blue Mountains,195.0,-10.0,10,0.221,0.001,0.071
Canadian Rockies,195.0,-10.0,6,0.045,-0.001,-0.073
Cascades,195.0,-10.0,10,0.33,0.003,0.087
Central Basin and Range,195.0,-10.0,10,0.229,0.002,0.133
Columbia Mountains/Northern Rockies,195.0,-10.0,8,0.213,0.001,-0.017
Eastern Cascades Slopes and Foothills,195.0,-10.0,9,0.278,0.002,0.053
Idaho Batholith,195.0,-10.0,6,0.049,0.001,0.072
Klamath Mountains,195.0,-10.0,9,0.279,0.002,0.083
Middle Rockies,195.0,-10.0,1,0.07,0.0,-0.009
North Cascades,195.0,-10.0,5,0.116,0.001,0.012
Northern Basin and Range,195.0,-10.0,6,0.092,-0.0,0.095
Sierra Nevada,195.0,-10.0,4,0.01,0.001,0.057
Southern Rockies,195.0,-10.0,8,0.289,0.003,0.197
Wasatch and Uinta Mountains,195.0,-10.0,7,0.114,0.001,0.151
