eco_region,lon,lat,embed dims,rho,slope (last 20),rho reverse
Arizona/New Mexico Mountains,262.5,40.0,2,0.0,-0.001,0.011
Blue Mountains,262.5,40.0,10,0.038,0.001,0.18
Canadian Rockies,262.5,40.0,6,-0.064,-0.001,0.149
Cascades,262.5,40.0,10,0.132,0.001,0.245
Central Basin and Range,262.5,40.0,10,0.02,0.0,0.24
Columbia Mountains/Northern Rockies,262.5,40.0,8,0.055,-0.001,0.362
Eastern Cascades Slopes and Foothills,262.5,40.0,7,0.139,0.001,0.304
Idaho Batholith,262.5,40.0,6,0.11,0.001,0.314
Klamath Mountains,262.5,40.0,2,0.063,-0.001,0.17
Middle Rockies,262.5,40.0,10,0.087,-0.0,0.274
North Cascades,262.5,40.0,10,0.176,0.001,0.343
Northern Basin and Range,262.5,40.0,9,0.031,-0.0,0.224
Sierra Nevada,262.5,40.0,8,0.047,-0.0,0.221
Southern Rockies,262.5,40.0,8,0.021,-0.0,0.187
Wasatch and Uinta Mountains,262.5,40.0,10,0.09,0.001,0.266
