eco_region,lon,lat,embed dims,rho,slope (last 20),rho reverse
Arizona/New Mexico Mountains,222.5,40.0,10,-0.01,0.001,0.141
Blue Mountains,222.5,40.0,2,0.077,0.001,0.058
Canadian Rockies,222.5,40.0,6,-0.009,-0.001,0.169
Cascades,222.5,40.0,2,-0.128,-0.003,-0.001
Central Basin and Range,222.5,40.0,2,0.018,0.001,0.052
Columbia Mountains/Northern Rockies,222.5,40.0,8,-0.029,-0.001,0.051
Eastern Cascades Slopes and Foothills,222.5,40.0,1,-0.027,-0.0,-0.088
Idaho Batholith,222.5,40.0,8,-0.085,-0.0,-0.003
Klamath Mountains,222.5,40.0,2,0.164,0.001,0.012
Middle Rockies,222.5,40.0,8,-0.021,-0.0,0.008
North Cascades,222.5,40.0,6,-0.078,0.0,0.193
Northern Basin and Range,222.5,40.0,10,-0.029,-0.0,0.13
Sierra Nevada,222.5,40.0,10,0.085,0.001,0.281
Southern Rockies,222.5,40.0,8,0.068,0.0,0.032
Wasatch and Uinta Mountains,222.5,40.0,7,-0.06,-0.001,0.166
