eco_region,lon,lat,embed dims,rho,slope (last 20),rho reverse
Arizona/New Mexico Mountains,230.0,20.0,10,0.234,0.001,0.022
Blue Mountains,230.0,20.0,10,0.189,0.002,0.241
Canadian Rockies,230.0,20.0,6,0.187,0.001,0.175
Cascades,230.0,20.0,10,0.316,0.002,0.331
Central Basin and Range,230.0,20.0,10,0.357,0.003,0.253
Columbia Mountains/Northern Rockies,230.0,20.0,8,0.332,0.002,0.258
Eastern Cascades Slopes and Foothills,230.0,20.0,6,0.226,0.001,0.124
Idaho Batholith,230.0,20.0,10,0.287,0.001,0.17
Klamath Mountains,230.0,20.0,9,0.306,0.002,0.181
Middle Rockies,230.0,20.0,5,0.255,0.001,0.114
North Cascades,230.0,20.0,4,0.249,0.001,0.124
Northern Basin and Range,230.0,20.0,10,0.278,0.002,0.324
Sierra Nevada,230.0,20.0,6,0.218,0.001,0.032
Southern Rockies,230.0,20.0,8,0.284,0.001,0.186
Wasatch and Uinta Mountains,230.0,20.0,9,0.371,0.003,0.195
