eco_region,lon,lat,embed dims,rho,slope (last 20),rho reverse
Arizona/New Mexico Mountains,232.5,0.0,7,0.037,0.0,0.132
Blue Mountains,232.5,0.0,10,0.22,0.002,0.214
Canadian Rockies,232.5,0.0,4,0.169,0.001,0.122
Cascades,232.5,0.0,10,0.351,0.003,0.259
Central Basin and Range,232.5,0.0,10,0.332,0.004,0.188
Columbia Mountains/Northern Rockies,232.5,0.0,9,0.312,0.002,0.219
Eastern Cascades Slopes and Foothills,232.5,0.0,7,0.241,0.002,0.16
Idaho Batholith,232.5,0.0,10,0.268,0.003,0.171
Klamath Mountains,232.5,0.0,8,0.334,0.001,0.22
Middle Rockies,232.5,0.0,10,0.316,0.002,0.238
North Cascades,232.5,0.0,3,0.192,0.002,-0.071
Northern Basin and Range,232.5,0.0,7,0.132,0.002,0.208
Sierra Nevada,232.5,0.0,10,0.276,0.001,0.214
Southern Rockies,232.5,0.0,9,0.359,0.002,0.19
Wasatch and Uinta Mountains,232.5,0.0,5,0.054,0.0,0.039
