eco_region,lon,lat,embed dims,rho,slope (last 20),rho reverse
Arizona/New Mexico Mountains,212.5,12.5,10,0.064,0.001,0.128
Blue Mountains,212.5,12.5,9,-0.005,0.0,-0.121
Canadian Rockies,212.5,12.5,4,-0.016,0.0,0.074
Cascades,212.5,12.5,9,0.231,-0.0,0.005
Central Basin and Range,212.5,12.5,9,0.072,-0.0,-0.097
Columbia Mountains/Northern Rockies,212.5,12.5,7,0.029,0.0,-0.062
Eastern Cascades Slopes and Foothills,212.5,12.5,9,0.162,0.001,0.081
Idaho Batholith,212.5,12.5,8,-0.03,-0.0,-0.039
Klamath Mountains,212.5,12.5,7,0.282,0.001,0.156
Middle Rockies,212.5,12.5,7,0.006,-0.001,0.016
North Cascades,212.5,12.5,10,0.232,0.002,0.05
Northern Basin and Range,212.5,12.5,10,0.126,-0.001,0.037
Sierra Nevada,212.5,12.5,9,0.043,-0.001,0.062
Southern Rockies,212.5,12.5,7,-0.012,0.0,-0.109
Wasatch and Uinta Mountains,212.5,12.5,6,0.025,0.0,-0.046
