eco_region,lon,lat,embed dims,rho,slope (last 20),rho reverse
Arizona/New Mexico Mountains,217.5,35.0,2,-0.048,-0.002,0.156
Blue Mountains,217.5,35.0,2,0.117,0.0,-0.036
Canadian Rockies,217.5,35.0,8,0.224,0.002,0.111
Cascades,217.5,35.0,2,0.049,0.001,-0.051
Central Basin and Range,217.5,35.0,2,-0.022,-0.001,0.126
Columbia Mountains/Northern Rockies,217.5,35.0,10,0.193,0.001,0.181
Eastern Cascades Slopes and Foothills,217.5,35.0,1,-0.051,-0.001,0.053
Idaho Batholith,217.5,35.0,9,0.115,0.001,0.079
Klamath Mountains,217.5,35.0,2,-0.121,-0.002,0.069
Middle Rockies,217.5,35.0,8,0.191,0.002,0.131
North Cascades,217.5,35.0,10,0.142,0.002,0.252
Northern Basin and Range,217.5,35.0,10,0.134,0.001,0.169
Sierra Nevada,217.5,35.0,10,0.138,0.0,0.281
Southern Rockies,217.5,35.0,10,0.239,0.002,0.258
Wasatch and Uinta Mountains,217.5,35.0,8,0.071,0.0,0.187
