eco_region,lon,lat,embed dims,rho,slope (last 20),rho reverse
Arizona/New Mexico Mountains,237.5,15.0,10,0.251,0.001,-0.045
Blue Mountains,237.5,15.0,10,0.193,0.001,0.228
Canadian Rockies,237.5,15.0,9,0.326,0.002,0.158
Cascades,237.5,15.0,10,0.295,0.002,0.326
Central Basin and Range,237.5,15.0,10,0.361,0.001,0.213
Columbia Mountains/Northern Rockies,237.5,15.0,6,0.193,0.001,0.237
Eastern Cascades Slopes and Foothills,237.5,15.0,9,0.181,0.001,0.101
Idaho Batholith,237.5,15.0,7,0.272,0.002,0.248
Klamath Mountains,237.5,15.0,9,0.314,0.002,0.088
Middle Rockies,237.5,15.0,6,0.239,0.001,0.156
North Cascades,237.5,15.0,7,0.239,-0.0,0.213
Northern Basin and Range,237.5,15.0,10,0.262,0.003,0.256
Sierra Nevada,237.5,15.0,6,0.219,0.001,0.101
Southern Rockies,237.5,15.0,6,0.245,0.001,0.102
Wasatch and Uinta Mountains,237.5,15.0,10,0.347,0.002,0.131
