eco_region,lon,lat,embed dims,rho,slope (last 20),rho reverse
Arizona/New Mexico Mountains,210.0,15.0,9,0.066,-0.0,0.075
Blue Mountains,210.0,15.0,10,0.059,0.002,-0.058
Canadian Rockies,210.0,15.0,4,-0.001,0.001,-0.014
Cascades,210.0,15.0,10,0.252,0.001,0.013
Central Basin and Range,210.0,15.0,10,0.103,-0.0,-0.088
Columbia Mountains/Northern Rockies,210.0,15.0,7,-0.023,-0.0,-0.027
Eastern Cascades Slopes and Foothills,210.0,15.0,9,0.173,0.001,0.022
Idaho Batholith,210.0,15.0,8,-0.062,-0.001,0.002
Klamath Mountains,210.0,15.0,7,0.313,0.001,0.074
Middle Rockies,210.0,15.0,7,-0.012,-0.001,0.171
North Cascades,210.0,15.0,5,0.174,0.001,0.127
Northern Basin and Range,210.0,15.0,9,0.176,0.0,0.057
Sierra Nevada,210.0,15.0,8,0.018,-0.001,0.037
Southern Rockies,210.0,15.0,7,0.027,0.0,-0.072
Wasatch and Uinta Mountains,210.0,15.0,6,0.032,0.001,0.023
