eco_region,lon,lat,embed dims,rho,slope (last 20),rho reverse
Arizona/New Mexico Mountains,195.0,35.0,3,0.113,0.001,0.073
Blue Mountains,195.0,35.0,3,0.046,0.0,0.001
Canadian Rockies,195.0,35.0,1,0.002,0.001,0.065
Cascades,195.0,35.0,3,0.05,-0.001,0.078
Central Basin and Range,195.0,35.0,3,0.05,-0.0,-0.028
Columbia Mountains/Northern Rockies,195.0,35.0,3,0.125,0.001,-0.052
Eastern Cascades Slopes and Foothills,195.0,35.0,8,0.096,0.001,0.036
Idaho Batholith,195.0,35.0,3,-0.056,-0.0,-0.09
Klamath Mountains,195.0,35.0,8,-0.005,-0.002,-0.035
Middle Rockies,195.0,35.0,7,-0.063,-0.001,-0.112
North Cascades,195.0,35.0,3,0.121,0.001,0.051
Northern Basin and Range,195.0,35.0,1,-0.077,-0.001,-0.007
Sierra Nevada,195.0,35.0,3,0.01,0.0,-0.029
Southern Rockies,195.0,35.0,3,0.045,0.0,-0.035
Wasatch and Uinta Mountains,195.0,35.0,10,-0.023,-0.001,-0.122
