eco_region,lon,lat,embed dims,rho,slope (last 20),rho reverse
Arizona/New Mexico Mountains,270.0,12.5,8,0.139,0.001,0.075
Blue Mountains,270.0,12.5,8,0.162,0.001,0.138
Canadian Rockies,270.0,12.5,4,-0.022,-0.001,0.101
Cascades,270.0,12.5,8,0.327,0.003,0.138
Central Basin and Range,270.0,12.5,8,0.272,0.003,0.153
Columbia Mountains/Northern Rockies,270.0,12.5,5,0.15,0.001,0.052
Eastern Cascades Slopes and Foothills,270.0,12.5,9,0.287,0.003,0.062
Idaho Batholith,270.0,12.5,5,0.144,-0.0,0.036
Klamath Mountains,270.0,12.5,3,0.034,-0.002,-0.033
Middle Rockies,270.0,12.5,5,0.242,0.0,0.064
North Cascades,270.0,12.5,7,0.245,0.002,0.168
Northern Basin and Range,270.0,12.5,8,0.263,0.002,0.11
Sierra Nevada,270.0,12.5,6,0.223,0.001,0.108
Southern Rockies,270.0,12.5,5,0.226,0.001,0.011
Wasatch and Uinta Mountains,270.0,12.5,10,0.263,0.001,0.138
