eco_region,lon,lat,embed dims,rho,slope (last 20),rho reverse
Arizona/New Mexico Mountains,195.0,-2.5,10,0.026,0.001,0.142
Blue Mountains,195.0,-2.5,10,-0.014,0.0,0.088
Canadian Rockies,195.0,-2.5,10,-0.064,-0.002,0.018
Cascades,195.0,-2.5,10,0.136,0.001,0.195
Central Basin and Range,195.0,-2.5,10,0.078,-0.002,0.024
Columbia Mountains/Northern Rockies,195.0,-2.5,9,-0.084,-0.001,0.032
Eastern Cascades Slopes and Foothills,195.0,-2.5,5,0.026,-0.0,0.088
Idaho Batholith,195.0,-2.5,10,0.02,0.001,0.084
Klamath Mountains,195.0,-2.5,9,0.209,-0.001,0.147
Middle Rockies,195.0,-2.5,1,0.049,0.0,-0.088
North Cascades,195.0,-2.5,3,0.015,-0.0,-0.133
Northern Basin and Range,195.0,-2.5,10,-0.004,-0.001,0.046
Sierra Nevada,195.0,-2.5,8,0.073,0.0,0.074
Southern Rockies,195.0,-2.5,9,0.164,0.0,-0.029
Wasatch and Uinta Mountains,195.0,-2.5,5,-0.06,-0.001,0.127
