eco_region,lon,lat,embed dims,rho,slope (last 20),rho reverse
Arizona/New Mexico Mountains,200.0,52.5,10,-0.038,-0.001,0.002
Blue Mountains,200.0,52.5,10,0.12,0.0,0.044
Canadian Rockies,200.0,52.5,2,0.125,0.0,0.143
Cascades,200.0,52.5,10,0.219,0.002,0.104
Central Basin and Range,200.0,52.5,10,0.052,0.002,-0.016
Columbia Mountains/Northern Rockies,200.0,52.5,9,0.154,0.0,0.072
Eastern Cascades Slopes and Foothills,200.0,52.5,8,0.102,0.001,0.043
Idaho Batholith,200.0,52.5,9,0.167,0.002,0.013
Klamath Mountains,200.0,52.5,8,0.094,0.002,0.117
Middle Rockies,200.0,52.5,10,0.133,0.001,0.044
North Cascades,200.0,52.5,9,0.085,0.0,0.029
Northern Basin and Range,200.0,52.5,10,0.047,0.002,0.036
Sierra Nevada,200.0,52.5,9,0.031,0.0,-0.024
Southern Rockies,200.0,52.5,9,0.109,0.001,-0.003
Wasatch and Uinta Mountains,200.0,52.5,3,-0.04,-0.0,-0.038
