eco_region,lon,lat,embed dims,rho,slope (last 20),rho reverse
Arizona/New Mexico Mountains,192.5,-20.0,5,-0.014,-0.001,0.055
Blue Mountains,192.5,-20.0,5,-0.102,-0.001,0.193
Canadian Rockies,192.5,-20.0,5,0.059,-0.0,0.094
Cascades,192.5,-20.0,5,0.06,0.002,0.016
Central Basin and Range,192.5,-20.0,5,0.032,0.0,0.114
Columbia Mountains/Northern Rockies,192.5,-20.0,8,-0.023,-0.001,0.164
Eastern Cascades Slopes and Foothills,192.5,-20.0,7,0.065,-0.001,0.071
Idaho Batholith,192.5,-20.0,5,-0.025,-0.0,0.101
Klamath Mountains,192.5,-20.0,8,0.069,0.0,0.258
Middle Rockies,192.5,-20.0,8,-0.005,-0.001,0.131
North Cascades,192.5,-20.0,9,0.117,0.0,0.206
Northern Basin and Range,192.5,-20.0,5,0.024,-0.0,0.195
Sierra Nevada,192.5,-20.0,10,0.022,-0.0,0.138
Southern Rockies,192.5,-20.0,8,0.036,-0.0,0.115
Wasatch and Uinta Mountains,192.5,-20.0,10,0.018,-0.0,0.103
