eco_region,lon,lat,embed dims,rho,slope (last 20),rho reverse
Arizona/New Mexico Mountains,222.5,7.5,5,0.119,0.001,0.106
Blue Mountains,222.5,7.5,10,0.265,0.002,0.29
Canadian Rockies,222.5,7.5,4,0.218,0.001,0.089
Cascades,222.5,7.5,10,0.291,0.003,0.376
Central Basin and Range,222.5,7.5,10,0.338,0.002,0.34
Columbia Mountains/Northern Rockies,222.5,7.5,9,0.311,0.002,0.227
Eastern Cascades Slopes and Foothills,222.5,7.5,9,0.191,0.001,0.17
Idaho Batholith,222.5,7.5,9,0.264,0.001,0.244
Klamath Mountains,222.5,7.5,9,0.307,0.002,0.21
Middle Rockies,222.5,7.5,10,0.366,0.002,0.272
North Cascades,222.5,7.5,3,0.054,-0.0,0.013
Northern Basin and Range,222.5,7.5,9,0.208,0.002,0.279
Sierra Nevada,222.5,7.5,10,0.342,0.002,0.34
Southern Rockies,222.5,7.5,9,0.367,0.001,0.271
Wasatch and Uinta Mountains,222.5,7.5,4,0.067,0.0,0.104
