eco_region,lon,lat,embed dims,rho,slope (last 20),rho reverse
Arizona/New Mexico Mountains,202.5,37.5,1,0.064,0.0,0.071
Blue Mountains,202.5,37.5,1,-0.016,-0.001,-0.022
Canadian Rockies,202.5,37.5,8,-0.047,0.001,0.005
Cascades,202.5,37.5,1,0.065,0.0,0.015
Central Basin and Range,202.5,37.5,1,0.022,0.0,0.0
Columbia Mountains/Northern Rockies,202.5,37.5,6,0.055,0.0,-0.008
Eastern Cascades Slopes and Foothills,202.5,37.5,1,-0.076,-0.002,-0.024
Idaho Batholith,202.5,37.5,7,0.055,0.001,-0.12
Klamath Mountains,202.5,37.5,3,0.066,0.001,-0.12
Middle Rockies,202.5,37.5,4,-0.044,-0.0,-0.123
North Cascades,202.5,37.5,6,0.011,-0.001,0.063
Northern Basin and Range,202.5,37.5,1,-0.052,-0.0,0.011
Sierra Nevada,202.5,37.5,6,0.037,0.0,0.045
Southern Rockies,202.5,37.5,6,0.14,0.001,-0.117
Wasatch and Uinta Mountains,202.5,37.5,10,-0.014,-0.001,0.001
