eco_region,lon,lat,embed dims,rho,slope (last 20),rho reverse
Arizona/New Mexico Mountains,210.0,60.0,8,-0.138,-0.001,0.02
Blue Mountains,210.0,60.0,9,0.003,0.003,-0.119
Canadian Rockies,210.0,60.0,10,0.178,0.0,0.046
Cascades,210.0,60.0,9,0.068,0.002,-0.02
Central Basin and Range,210.0,60.0,9,-0.067,0.001,-0.101
Columbia Mountains/Northern Rockies,210.0,60.0,9,0.12,0.001,-0.019
Eastern Cascades Slopes and Foothills,210.0,60.0,6,-0.0,0.001,-0.089
Idaho Batholith,210.0,60.0,9,0.06,0.0,0.066
Klamath Mountains,210.0,60.0,4,0.035,0.002,0.071
Middle Rockies,210.0,60.0,9,0.072,-0.0,0.153
North Cascades,210.0,60.0,3,0.034,0.001,-0.036
Northern Basin and Range,210.0,60.0,8,-0.023,-0.001,-0.098
Sierra Nevada,210.0,60.0,9,0.081,0.001,0.028
Southern Rockies,210.0,60.0,9,-0.068,-0.001,0.007
Wasatch and Uinta Mountains,210.0,60.0,10,-0.096,-0.002,-0.03
