eco_region,lon,lat,embed dims,rho,slope (last 20),rho reverse
Arizona/New Mexico Mountains,247.5,45.0,7,-0.144,-0.003,0.038
Blue Mountains,247.5,45.0,7,-0.011,-0.0,0.12
Canadian Rockies,247.5,45.0,9,0.194,0.0,0.037
Cascades,247.5,45.0,7,-0.038,-0.002,0.133
Central Basin and Range,247.5,45.0,7,0.062,-0.001,0.147
Columbia Mountains/Northern Rockies,247.5,45.0,9,0.204,0.002,0.229
Eastern Cascades Slopes and Foothills,247.5,45.0,6,0.069,-0.0,0.159
Idaho Batholith,247.5,45.0,9,0.289,0.002,0.34
Klamath Mountains,247.5,45.0,1,-0.03,-0.002,0.08
Middle Rockies,247.5,45.0,9,0.276,0.002,0.202
North Cascades,247.5,45.0,7,0.022,-0.001,0.106
Northern Basin and Range,247.5,45.0,5,0.011,-0.001,0.105
Sierra Nevada,247.5,45.0,3,0.12,0.001,0.216
Southern Rockies,247.5,45.0,9,0.173,0.001,0.169
Wasatch and Uinta Mountains,247.5,45.0,10,0.07,0.001,0.193
