eco_region,lon,lat,embed dims,rho,slope (last 20),rho reverse
Arizona/New Mexico Mountains,262.5,52.5,2,-0.017,-0.0,-0.08
Blue Mountains,262.5,52.5,2,-0.036,0.0,-0.067
Canadian Rockies,262.5,52.5,2,-0.015,-0.0,0.029
Cascades,262.5,52.5,2,-0.073,-0.002,-0.09
Central Basin and Range,262.5,52.5,2,0.024,0.001,-0.026
Columbia Mountains/Northern Rockies,262.5,52.5,10,-0.158,-0.001,0.005
Eastern Cascades Slopes and Foothills,262.5,52.5,4,-0.05,-0.0,-0.009
Idaho Batholith,262.5,52.5,2,-0.074,-0.001,0.014
Klamath Mountains,262.5,52.5,1,-0.011,-0.0,-0.042
Middle Rockies,262.5,52.5,10,-0.04,-0.0,-0.102
North Cascades,262.5,52.5,2,-0.039,-0.0,-0.036
Northern Basin and Range,262.5,52.5,2,-0.058,0.0,-0.043
Sierra Nevada,262.5,52.5,8,0.015,-0.0,0.016
Southern Rockies,262.5,52.5,10,0.024,0.001,-0.074
Wasatch and Uinta Mountains,262.5,52.5,2,0.077,0.002,0.022
