eco_region,lon,lat,embed dims,rho,slope (last 20),rho reverse
Arizona/New Mexico Mountains,275.0,27.5,2,-0.089,-0.001,0.037
Blue Mountains,275.0,27.5,9,0.116,0.001,-0.037
Canadian Rockies,275.0,27.5,10,0.163,0.001,0.073
Cascades,275.0,27.5,9,0.13,0.002,0.096
Central Basin and Range,275.0,27.5,9,0.226,0.002,0.028
Columbia Mountains/Northern Rockies,275.0,27.5,4,0.074,0.001,0.022
Eastern Cascades Slopes and Foothills,275.0,27.5,10,0.171,0.001,0.11
Idaho Batholith,275.0,27.5,9,0.171,0.001,0.13
Klamath Mountains,275.0,27.5,1,0.107,0.001,-0.059
Middle Rockies,275.0,27.5,9,0.063,-0.0,0.133
North Cascades,275.0,27.5,2,0.009,0.0,-0.093
Northern Basin and Range,275.0,27.5,2,-0.12,-0.002,-0.098
Sierra Nevada,275.0,27.5,5,0.097,0.001,0.001
Southern Rockies,275.0,27.5,4,0.039,0.0,0.007
Wasatch and Uinta Mountains,275.0,27.5,10,0.158,0.002,0.086
