eco_region,lon,lat,embed dims,rho,slope (last 20),rho reverse
Arizona/New Mexico Mountains,212.5,12.5,10,0.245,0.002,0.034
Blue Mountains,212.5,12.5,9,0.287,0.002,0.307
Canadian Rockies,212.5,12.5,4,0.118,0.002,0.045
Cascades,212.5,12.5,9,0.38,0.003,0.372
Central Basin and Range,212.5,12.5,9,0.373,0.003,0.252
Columbia Mountains/Northern Rockies,212.5,12.5,7,0.278,0.002,0.138
Eastern Cascades Slopes and Foothills,212.5,12.5,9,0.403,0.002,0.285
Idaho Batholith,212.5,12.5,8,0.232,0.002,0.166
Klamath Mountains,212.5,12.5,7,0.391,0.002,0.263
Middle Rockies,212.5,12.5,7,0.221,0.001,0.142
North Cascades,212.5,12.5,10,0.38,0.002,0.311
Northern Basin and Range,212.5,12.5,10,0.304,0.003,0.243
Sierra Nevada,212.5,12.5,9,0.3,0.002,0.257
Southern Rockies,212.5,12.5,7,0.154,0.001,0.164
Wasatch and Uinta Mountains,212.5,12.5,6,0.158,0.002,0.049
