eco_region,lon,lat,embed dims,rho,slope (last 20),rho reverse
Arizona/New Mexico Mountains,182.5,-5.0,2,-0.074,-0.001,0.08
Blue Mountains,182.5,-5.0,10,0.202,0.002,0.198
Canadian Rockies,182.5,-5.0,5,0.134,0.001,-0.039
Cascades,182.5,-5.0,10,0.264,0.002,0.186
Central Basin and Range,182.5,-5.0,10,0.207,0.002,0.145
Columbia Mountains/Northern Rockies,182.5,-5.0,10,0.186,0.002,0.156
Eastern Cascades Slopes and Foothills,182.5,-5.0,2,0.151,0.0,0.038
Idaho Batholith,182.5,-5.0,5,0.191,0.001,-0.033
Klamath Mountains,182.5,-5.0,9,0.309,0.001,0.078
Middle Rockies,182.5,-5.0,5,0.05,-0.0,0.069
North Cascades,182.5,-5.0,1,-0.008,0.0,0.033
Northern Basin and Range,182.5,-5.0,2,0.022,0.0,0.081
Sierra Nevada,182.5,-5.0,10,0.254,0.001,0.172
Southern Rockies,182.5,-5.0,10,0.16,0.001,0.049
Wasatch and Uinta Mountains,182.5,-5.0,5,0.069,0.0,0.141
