eco_region,lon,lat,embed dims,rho,slope (last 20),rho reverse
Arizona/New Mexico Mountains,212.5,25.0,1,-0.097,-0.002,-0.037
Blue Mountains,212.5,25.0,1,-0.042,-0.001,0.098
Canadian Rockies,212.5,25.0,8,-0.008,0.001,-0.046
Cascades,212.5,25.0,1,0.062,0.001,0.093
Central Basin and Range,212.5,25.0,1,-0.046,0.0,0.0
Columbia Mountains/Northern Rockies,212.5,25.0,8,-0.008,0.0,0.014
Eastern Cascades Slopes and Foothills,212.5,25.0,1,0.093,0.0,0.032
Idaho Batholith,212.5,25.0,7,0.076,0.001,-0.041
Klamath Mountains,212.5,25.0,9,0.253,0.002,0.112
Middle Rockies,212.5,25.0,8,0.049,0.0,0.035
North Cascades,212.5,25.0,4,0.035,-0.0,0.049
Northern Basin and Range,212.5,25.0,1,0.011,-0.001,0.017
Sierra Nevada,212.5,25.0,8,-0.094,-0.001,0.075
Southern Rockies,212.5,25.0,8,0.14,0.001,-0.055
Wasatch and Uinta Mountains,212.5,25.0,10,0.043,0.0,-0.025
