eco_region,lon,lat,embed dims,rho,slope (last 20),rho reverse
Arizona/New Mexico Mountains,225.0,47.5,2,-0.041,-0.001,0.109
Blue Mountains,225.0,47.5,2,0.015,-0.0,0.04
Canadian Rockies,225.0,47.5,4,0.037,0.001,-0.056
Cascades,225.0,47.5,2,0.006,0.0,0.02
Central Basin and Range,225.0,47.5,2,-0.083,-0.001,0.052
Columbia Mountains/Northern Rockies,225.0,47.5,5,0.005,-0.001,-0.109
Eastern Cascades Slopes and Foothills,225.0,47.5,2,-0.041,-0.001,0.137
Idaho Batholith,225.0,47.5,5,0.069,0.0,-0.046
Klamath Mountains,225.0,47.5,2,0.065,0.0,0.094
Middle Rockies,225.0,47.5,5,-0.008,-0.001,-0.101
North Cascades,225.0,47.5,10,0.123,0.0,0.156
Northern Basin and Range,225.0,47.5,2,-0.087,-0.001,-0.011
Sierra Nevada,225.0,47.5,5,0.075,0.0,0.197
Southern Rockies,225.0,47.5,5,0.049,0.001,-0.052
Wasatch and Uinta Mountains,225.0,47.5,6,0.008,0.0,0.057
