eco_region,lon,lat,embed dims,rho,slope (last 20),rho reverse
Arizona/New Mexico Mountains,185.0,35.0,3,0.037,-0.0,-0.018
Blue Mountains,185.0,35.0,4,0.066,0.0,0.017
Canadian Rockies,185.0,35.0,3,0.062,0.0,0.139
Cascades,185.0,35.0,4,-0.074,-0.001,0.095
Central Basin and Range,185.0,35.0,4,-0.016,-0.001,0.022
Columbia Mountains/Northern Rockies,185.0,35.0,3,-0.039,-0.0,0.163
Eastern Cascades Slopes and Foothills,185.0,35.0,3,0.033,0.0,0.028
Idaho Batholith,185.0,35.0,3,-0.087,-0.001,0.032
Klamath Mountains,185.0,35.0,8,0.133,0.001,0.005
Middle Rockies,185.0,35.0,6,-0.001,-0.001,-0.041
North Cascades,185.0,35.0,9,0.132,0.001,0.06
Northern Basin and Range,185.0,35.0,3,-0.074,0.0,0.083
Sierra Nevada,185.0,35.0,6,0.063,-0.001,0.076
Southern Rockies,185.0,35.0,3,0.016,0.001,0.018
Wasatch and Uinta Mountains,185.0,35.0,9,0.005,0.0,0.034
