eco_region,lon,lat,embed dims,rho,slope (last 20),rho reverse
Arizona/New Mexico Mountains,207.5,55.0,2,0.003,-0.0,0.024
Blue Mountains,207.5,55.0,9,0.12,0.001,-0.056
Canadian Rockies,207.5,55.0,6,0.215,0.002,0.109
Cascades,207.5,55.0,9,0.158,0.001,0.012
Central Basin and Range,207.5,55.0,9,0.162,0.002,0.053
Columbia Mountains/Northern Rockies,207.5,55.0,7,0.161,0.001,0.029
Eastern Cascades Slopes and Foothills,207.5,55.0,3,-0.097,-0.0,0.124
Idaho Batholith,207.5,55.0,7,0.05,0.002,0.045
Klamath Mountains,207.5,55.0,3,-0.048,-0.0,0.004
Middle Rockies,207.5,55.0,2,0.082,0.001,0.048
North Cascades,207.5,55.0,4,-0.068,-0.001,0.007
Northern Basin and Range,207.5,55.0,10,0.079,-0.0,0.041
Sierra Nevada,207.5,55.0,7,-0.026,0.0,0.071
Southern Rockies,207.5,55.0,7,0.104,0.001,0.019
Wasatch and Uinta Mountains,207.5,55.0,4,0.027,-0.001,0.069
