eco_region,lon,lat,embed dims,rho,slope (last 20),rho reverse
Arizona/New Mexico Mountains,247.5,27.5,5,0.019,0.0,-0.017
Blue Mountains,247.5,27.5,8,0.087,0.0,0.107
Canadian Rockies,247.5,27.5,5,-0.03,-0.0,0.029
Cascades,247.5,27.5,8,0.094,0.001,0.194
Central Basin and Range,247.5,27.5,8,0.183,0.002,0.142
Columbia Mountains/Northern Rockies,247.5,27.5,6,0.11,0.001,-0.02
Eastern Cascades Slopes and Foothills,247.5,27.5,1,0.067,0.001,0.038
Idaho Batholith,247.5,27.5,5,0.139,0.0,0.046
Klamath Mountains,247.5,27.5,5,-0.004,0.001,0.114
Middle Rockies,247.5,27.5,6,0.086,0.001,-0.011
North Cascades,247.5,27.5,8,0.116,0.001,0.172
Northern Basin and Range,247.5,27.5,5,0.094,0.001,-0.031
Sierra Nevada,247.5,27.5,5,0.095,0.001,-0.144
Southern Rockies,247.5,27.5,6,0.205,0.001,-0.099
Wasatch and Uinta Mountains,247.5,27.5,1,-0.04,-0.0,0.029
