eco_region,lon,lat,embed dims,rho,slope (last 20),rho reverse
Arizona/New Mexico Mountains,262.5,22.5,3,0.148,0.0,0.086
Blue Mountains,262.5,22.5,10,0.098,0.0,0.227
Canadian Rockies,262.5,22.5,6,-0.061,-0.001,0.078
Cascades,262.5,22.5,10,0.127,-0.0,0.244
Central Basin and Range,262.5,22.5,10,0.147,-0.0,0.175
Columbia Mountains/Northern Rockies,262.5,22.5,7,0.123,-0.0,0.13
Eastern Cascades Slopes and Foothills,262.5,22.5,3,0.052,0.0,0.18
Idaho Batholith,262.5,22.5,7,0.109,-0.0,0.235
Klamath Mountains,262.5,22.5,2,0.062,-0.001,0.123
Middle Rockies,262.5,22.5,9,0.04,0.0,0.225
North Cascades,262.5,22.5,10,0.056,-0.001,0.259
Northern Basin and Range,262.5,22.5,3,0.195,0.002,0.16
Sierra Nevada,262.5,22.5,7,0.096,0.0,0.185
Southern Rockies,262.5,22.5,7,0.083,0.001,0.207
Wasatch and Uinta Mountains,262.5,22.5,7,0.09,0.001,0.201
