eco_region,lon,lat,embed dims,rho,slope (last 20),rho reverse
Arizona/New Mexico Mountains,247.5,15.0,10,0.157,0.001,0.045
Blue Mountains,247.5,15.0,10,0.078,0.001,0.094
Canadian Rockies,247.5,15.0,10,0.198,0.002,0.199
Cascades,247.5,15.0,10,0.162,0.002,0.251
Central Basin and Range,247.5,15.0,10,0.25,0.003,0.131
Columbia Mountains/Northern Rockies,247.5,15.0,10,0.244,0.003,0.17
Eastern Cascades Slopes and Foothills,247.5,15.0,10,0.251,0.002,0.167
Idaho Batholith,247.5,15.0,10,0.146,0.002,0.121
Klamath Mountains,247.5,15.0,10,0.264,0.001,0.202
Middle Rockies,247.5,15.0,2,-0.057,-0.001,0.037
North Cascades,247.5,15.0,9,0.222,0.002,0.152
Northern Basin and Range,247.5,15.0,10,0.007,0.0,0.116
Sierra Nevada,247.5,15.0,6,0.149,0.001,0.072
Southern Rockies,247.5,15.0,10,0.268,0.002,0.082
Wasatch and Uinta Mountains,247.5,15.0,8,0.123,0.002,0.077
