eco_region,lon,lat,embed dims,rho,slope (last 20),rho reverse
Arizona/New Mexico Mountains,202.5,50.0,10,-0.048,-0.001,-0.012
Blue Mountains,202.5,50.0,1,0.008,-0.0,0.021
Canadian Rockies,202.5,50.0,9,0.075,-0.0,0.295
Cascades,202.5,50.0,1,0.027,-0.0,0.022
Central Basin and Range,202.5,50.0,1,0.0,-0.001,-0.018
Columbia Mountains/Northern Rockies,202.5,50.0,9,0.154,0.0,0.286
Eastern Cascades Slopes and Foothills,202.5,50.0,9,0.056,0.001,0.116
Idaho Batholith,202.5,50.0,10,-0.02,-0.001,0.151
Klamath Mountains,202.5,50.0,8,0.017,-0.0,0.072
Middle Rockies,202.5,50.0,10,0.029,0.0,0.151
North Cascades,202.5,50.0,9,0.051,-0.0,0.181
Northern Basin and Range,202.5,50.0,9,-0.06,-0.002,-0.086
Sierra Nevada,202.5,50.0,10,0.082,0.001,0.006
Southern Rockies,202.5,50.0,9,-0.049,0.0,0.082
Wasatch and Uinta Mountains,202.5,50.0,5,0.021,-0.001,0.034
