eco_region,lon,lat,embed dims,rho,slope (last 20),rho reverse
Arizona/New Mexico Mountains,187.5,17.5,1,0.012,-0.0,0.058
Blue Mountains,187.5,17.5,1,-0.013,0.001,-0.037
Canadian Rockies,187.5,17.5,4,0.194,0.002,0.202
Cascades,187.5,17.5,1,-0.113,-0.001,0.023
Central Basin and Range,187.5,17.5,1,-0.053,-0.0,-0.034
Columbia Mountains/Northern Rockies,187.5,17.5,4,0.056,0.0,0.198
Eastern Cascades Slopes and Foothills,187.5,17.5,9,0.259,0.002,0.202
Idaho Batholith,187.5,17.5,4,0.021,0.0,0.093
Klamath Mountains,187.5,17.5,9,0.272,0.001,0.245
Middle Rockies,187.5,17.5,4,0.125,0.0,0.118
North Cascades,187.5,17.5,1,-0.019,-0.0,-0.018
Northern Basin and Range,187.5,17.5,10,0.265,0.002,0.27
Sierra Nevada,187.5,17.5,9,0.274,0.002,0.227
Southern Rockies,187.5,17.5,4,0.123,0.0,-0.014
Wasatch and Uinta Mountains,187.5,17.5,1,-0.027,-0.001,-0.097
