eco_region,lon,lat,embed dims,rho,slope (last 20),rho reverse
Arizona/New Mexico Mountains,272.5,-5.0,10,0.226,0.003,0.17
Blue Mountains,272.5,-5.0,10,0.325,0.003,0.327
Canadian Rockies,272.5,-5.0,9,0.332,0.001,0.296
Cascades,272.5,-5.0,10,0.415,0.003,0.357
Central Basin and Range,272.5,-5.0,10,0.454,0.004,0.29
Columbia Mountains/Northern Rockies,272.5,-5.0,4,0.051,-0.001,0.192
Eastern Cascades Slopes and Foothills,272.5,-5.0,9,0.372,0.001,0.247
Idaho Batholith,272.5,-5.0,4,0.09,-0.0,0.115
Klamath Mountains,272.5,-5.0,9,0.418,0.001,0.295
Middle Rockies,272.5,-5.0,6,0.222,0.001,0.222
North Cascades,272.5,-5.0,10,0.26,0.003,0.279
Northern Basin and Range,272.5,-5.0,10,0.343,0.002,0.339
Sierra Nevada,272.5,-5.0,5,0.282,0.001,0.108
Southern Rockies,272.5,-5.0,4,0.081,0.0,-0.027
Wasatch and Uinta Mountains,272.5,-5.0,4,0.139,0.001,0.042
