eco_region,lon,lat,embed dims,rho,slope (last 20),rho reverse
Arizona/New Mexico Mountains,277.5,-7.5,7,0.205,0.001,0.077
Blue Mountains,277.5,-7.5,10,0.217,0.002,0.154
Canadian Rockies,277.5,-7.5,8,0.326,0.001,0.252
Cascades,277.5,-7.5,10,0.365,0.002,0.302
Central Basin and Range,277.5,-7.5,10,0.379,0.002,0.192
Columbia Mountains/Northern Rockies,277.5,-7.5,6,0.282,0.002,0.227
Eastern Cascades Slopes and Foothills,277.5,-7.5,7,0.319,0.002,0.188
Idaho Batholith,277.5,-7.5,5,0.177,0.0,0.098
Klamath Mountains,277.5,-7.5,9,0.41,0.002,0.229
Middle Rockies,277.5,-7.5,6,0.286,0.001,0.158
North Cascades,277.5,-7.5,9,0.354,0.002,0.154
Northern Basin and Range,277.5,-7.5,7,0.337,0.002,0.216
Sierra Nevada,277.5,-7.5,5,0.254,0.002,0.151
Southern Rockies,277.5,-7.5,6,0.305,0.002,0.093
Wasatch and Uinta Mountains,277.5,-7.5,7,0.325,0.001,0.034
