eco_region,lon,lat,embed dims,rho,slope (last 20),rho reverse
Arizona/New Mexico Mountains,257.5,17.5,10,0.055,-0.001,0.23
Blue Mountains,257.5,17.5,10,0.097,0.001,0.174
Canadian Rockies,257.5,17.5,8,0.125,0.001,0.172
Cascades,257.5,17.5,10,0.179,0.003,0.296
Central Basin and Range,257.5,17.5,10,0.247,0.004,0.244
Columbia Mountains/Northern Rockies,257.5,17.5,5,0.101,0.001,0.085
Eastern Cascades Slopes and Foothills,257.5,17.5,10,0.201,0.001,0.254
Idaho Batholith,257.5,17.5,5,0.065,-0.0,0.067
Klamath Mountains,257.5,17.5,6,0.204,0.001,0.156
Middle Rockies,257.5,17.5,5,0.126,-0.0,0.095
North Cascades,257.5,17.5,5,0.079,0.001,0.03
Northern Basin and Range,257.5,17.5,10,-0.025,0.0,0.262
Sierra Nevada,257.5,17.5,3,0.138,0.001,-0.004
Southern Rockies,257.5,17.5,5,0.056,0.0,0.056
Wasatch and Uinta Mountains,257.5,17.5,8,0.207,0.003,0.14
