eco_region,lon,lat,embed dims,rho,slope (last 20),rho reverse
Arizona/New Mexico Mountains,185.0,45.0,9,-0.019,0.0,0.046
Blue Mountains,185.0,45.0,3,0.07,0.001,-0.124
Canadian Rockies,185.0,45.0,7,0.109,0.001,0.175
Cascades,185.0,45.0,3,0.025,-0.001,-0.043
Central Basin and Range,185.0,45.0,3,-0.027,-0.0,-0.125
Columbia Mountains/Northern Rockies,185.0,45.0,8,0.084,0.0,0.288
Eastern Cascades Slopes and Foothills,185.0,45.0,10,0.117,0.001,0.021
Idaho Batholith,185.0,45.0,7,0.075,0.001,0.097
Klamath Mountains,185.0,45.0,5,-0.034,-0.0,-0.108
Middle Rockies,185.0,45.0,10,-0.038,-0.0,0.098
North Cascades,185.0,45.0,9,0.114,0.001,0.259
Northern Basin and Range,185.0,45.0,8,-0.024,-0.001,-0.042
Sierra Nevada,185.0,45.0,8,0.067,0.001,-0.046
Southern Rockies,185.0,45.0,8,0.072,0.001,0.027
Wasatch and Uinta Mountains,185.0,45.0,8,0.006,-0.0,0.041
