eco_region,lon,lat,embed dims,rho,slope (last 20),rho reverse
Arizona/New Mexico Mountains,265.0,47.5,6,-0.011,-0.001,-0.006
Blue Mountains,265.0,47.5,1,-0.091,-0.001,-0.011
Canadian Rockies,265.0,47.5,2,0.018,0.0,-0.032
Cascades,265.0,47.5,1,0.069,0.001,0.052
Central Basin and Range,265.0,47.5,1,0.024,0.0,0.053
Columbia Mountains/Northern Rockies,265.0,47.5,1,-0.0,0.001,-0.0
Eastern Cascades Slopes and Foothills,265.0,47.5,8,-0.01,-0.0,-0.008
Idaho Batholith,265.0,47.5,8,-0.009,0.001,0.049
Klamath Mountains,265.0,47.5,4,0.069,0.002,0.045
Middle Rockies,265.0,47.5,8,-0.03,-0.0,0.008
North Cascades,265.0,47.5,1,0.063,0.0,0.031
Northern Basin and Range,265.0,47.5,6,-0.08,-0.001,-0.052
Sierra Nevada,265.0,47.5,1,-0.008,-0.001,-0.019
Southern Rockies,265.0,47.5,1,0.0,0.001,0.038
Wasatch and Uinta Mountains,265.0,47.5,9,-0.063,-0.001,0.049
