eco_region,lon,lat,embed dims,rho,slope (last 20),rho reverse
Arizona/New Mexico Mountains,267.5,37.5,1,0.009,-0.0,-0.049
Blue Mountains,267.5,37.5,1,-0.033,-0.001,0.046
Canadian Rockies,267.5,37.5,5,-0.035,-0.0,-0.048
Cascades,267.5,37.5,1,0.048,0.0,0.011
Central Basin and Range,267.5,37.5,1,0.029,0.0,0.106
Columbia Mountains/Northern Rockies,267.5,37.5,4,0.088,0.001,0.067
Eastern Cascades Slopes and Foothills,267.5,37.5,2,0.062,0.0,0.152
Idaho Batholith,267.5,37.5,4,0.074,0.0,0.141
Klamath Mountains,267.5,37.5,2,0.166,0.002,0.104
Middle Rockies,267.5,37.5,7,0.058,0.0,0.049
North Cascades,267.5,37.5,9,0.049,0.0,0.13
Northern Basin and Range,267.5,37.5,1,-0.038,0.0,0.041
Sierra Nevada,267.5,37.5,8,0.117,0.0,0.13
Southern Rockies,267.5,37.5,4,0.053,-0.0,0.036
Wasatch and Uinta Mountains,267.5,37.5,1,0.056,0.0,0.1
