eco_region,lon,lat,embed dims,rho,slope (last 20),rho reverse
Arizona/New Mexico Mountains,275.0,42.5,1,0.004,0.001,0.003
Blue Mountains,275.0,42.5,1,0.005,0.0,-0.038
Canadian Rockies,275.0,42.5,3,0.022,0.001,0.072
Cascades,275.0,42.5,1,0.086,0.001,-0.021
Central Basin and Range,275.0,42.5,1,-0.027,0.0,-0.005
Columbia Mountains/Northern Rockies,275.0,42.5,1,0.008,0.001,-0.017
Eastern Cascades Slopes and Foothills,275.0,42.5,1,0.067,0.002,-0.07
Idaho Batholith,275.0,42.5,1,-0.023,-0.0,-0.009
Klamath Mountains,275.0,42.5,9,0.098,-0.0,0.08
Middle Rockies,275.0,42.5,10,0.047,-0.0,0.065
North Cascades,275.0,42.5,1,-0.004,0.0,0.046
Northern Basin and Range,275.0,42.5,1,-0.005,0.0,0.001
Sierra Nevada,275.0,42.5,10,0.004,0.0,0.08
Southern Rockies,275.0,42.5,1,0.026,0.0,0.005
Wasatch and Uinta Mountains,275.0,42.5,2,0.016,-0.0,0.005
