eco_region,lon,lat,embed dims,rho,slope (last 20),rho reverse
Arizona/New Mexico Mountains,255.0,-10.0,10,0.137,0.001,0.008
Blue Mountains,255.0,-10.0,10,0.218,0.002,0.297
Canadian Rockies,255.0,-10.0,9,0.349,0.001,0.292
Cascades,255.0,-10.0,10,0.272,0.005,0.291
Central Basin and Range,255.0,-10.0,10,0.328,0.002,0.23
Columbia Mountains/Northern Rockies,255.0,-10.0,3,0.089,-0.0,0.186
Eastern Cascades Slopes and Foothills,255.0,-10.0,9,0.177,0.002,0.227
Idaho Batholith,255.0,-10.0,7,0.262,0.001,0.273
Klamath Mountains,255.0,-10.0,10,0.296,0.001,0.181
Middle Rockies,255.0,-10.0,3,0.151,-0.0,0.065
North Cascades,255.0,-10.0,3,0.074,-0.001,0.032
Northern Basin and Range,255.0,-10.0,10,0.261,0.001,0.367
Sierra Nevada,255.0,-10.0,10,0.392,0.002,0.408
Southern Rockies,255.0,-10.0,3,0.061,0.0,0.007
Wasatch and Uinta Mountains,255.0,-10.0,3,0.149,0.001,0.013
