eco_region,lon,lat,embed dims,rho,slope (last 20),rho reverse
Arizona/New Mexico Mountains,235.0,7.5,10,0.135,-0.0,0.05
Blue Mountains,235.0,7.5,10,0.218,0.002,0.315
Canadian Rockies,235.0,7.5,8,0.332,0.002,0.253
Cascades,235.0,7.5,10,0.328,0.003,0.384
Central Basin and Range,235.0,7.5,10,0.344,0.002,0.347
Columbia Mountains/Northern Rockies,235.0,7.5,8,0.336,0.002,0.254
Eastern Cascades Slopes and Foothills,235.0,7.5,9,0.233,0.002,0.221
Idaho Batholith,235.0,7.5,8,0.273,0.001,0.242
Klamath Mountains,235.0,7.5,7,0.255,0.001,0.144
Middle Rockies,235.0,7.5,9,0.348,0.002,0.297
North Cascades,235.0,7.5,3,0.069,-0.001,-0.077
Northern Basin and Range,235.0,7.5,10,0.27,0.003,0.348
Sierra Nevada,235.0,7.5,9,0.328,0.001,0.304
Southern Rockies,235.0,7.5,8,0.378,0.001,0.226
Wasatch and Uinta Mountains,235.0,7.5,4,0.07,0.0,0.123
