eco_region,lon,lat,embed dims,rho,slope (last 20),rho reverse
Arizona/New Mexico Mountains,265.0,-10.0,10,0.243,0.003,0.176
Blue Mountains,265.0,-10.0,10,0.35,0.003,0.16
Canadian Rockies,265.0,-10.0,7,0.235,0.001,0.241
Cascades,265.0,-10.0,10,0.394,0.004,0.241
Central Basin and Range,265.0,-10.0,10,0.476,0.004,0.224
Columbia Mountains/Northern Rockies,265.0,-10.0,4,0.088,-0.001,0.183
Eastern Cascades Slopes and Foothills,265.0,-10.0,9,0.334,0.001,0.175
Idaho Batholith,265.0,-10.0,4,0.063,-0.001,0.134
Klamath Mountains,265.0,-10.0,7,0.324,0.001,0.198
Middle Rockies,265.0,-10.0,10,0.343,0.002,0.158
North Cascades,265.0,-10.0,3,0.065,0.0,-0.017
Northern Basin and Range,265.0,-10.0,10,0.328,0.002,0.298
Sierra Nevada,265.0,-10.0,4,0.16,0.0,0.174
Southern Rockies,265.0,-10.0,4,0.086,0.001,-0.016
Wasatch and Uinta Mountains,265.0,-10.0,4,0.085,-0.0,0.028
