eco_region,lon,lat,embed dims,rho,slope (last 20),rho reverse
Arizona/New Mexico Mountains,190.0,12.5,9,0.126,-0.0,0.152
Blue Mountains,190.0,12.5,9,0.222,0.001,0.256
Canadian Rockies,190.0,12.5,8,0.37,0.002,0.201
Cascades,190.0,12.5,9,0.344,0.002,0.307
Central Basin and Range,190.0,12.5,9,0.214,0.002,0.255
Columbia Mountains/Northern Rockies,190.0,12.5,10,0.303,0.004,0.354
Eastern Cascades Slopes and Foothills,190.0,12.5,10,0.363,0.002,0.264
Idaho Batholith,190.0,12.5,10,0.336,0.002,0.298
Klamath Mountains,190.0,12.5,8,0.364,0.002,0.22
Middle Rockies,190.0,12.5,3,0.106,0.0,0.044
North Cascades,190.0,12.5,2,0.075,-0.0,0.073
Northern Basin and Range,190.0,12.5,10,0.286,0.003,0.229
Sierra Nevada,190.0,12.5,8,0.248,0.001,0.257
Southern Rockies,190.0,12.5,10,0.351,0.002,0.291
Wasatch and Uinta Mountains,190.0,12.5,2,-0.121,-0.001,0.002
