eco_region,lon,lat,embed dims,rho,slope (last 20),rho reverse
Arizona/New Mexico Mountains,252.5,42.5,1,-0.031,-0.001,0.016
Blue Mountains,252.5,42.5,1,-0.019,-0.001,0.088
Canadian Rockies,252.5,42.5,5,0.185,0.0,0.066
Cascades,252.5,42.5,1,0.083,0.0,0.024
Central Basin and Range,252.5,42.5,1,0.067,0.001,0.103
Columbia Mountains/Northern Rockies,252.5,42.5,10,0.268,0.001,0.276
Eastern Cascades Slopes and Foothills,252.5,42.5,2,0.044,-0.0,0.118
Idaho Batholith,252.5,42.5,10,0.405,0.002,0.394
Klamath Mountains,252.5,42.5,8,0.123,0.0,0.15
Middle Rockies,252.5,42.5,3,0.23,0.0,0.188
North Cascades,252.5,42.5,1,0.079,0.0,0.012
Northern Basin and Range,252.5,42.5,1,-0.081,-0.001,0.062
Sierra Nevada,252.5,42.5,3,0.075,0.001,0.225
Southern Rockies,252.5,42.5,10,0.176,0.001,0.239
Wasatch and Uinta Mountains,252.5,42.5,1,-0.025,0.0,0.153
