eco_region,lon,lat,embed dims,rho,slope (last 20),rho reverse
Arizona/New Mexico Mountains,252.5,57.5,4,-0.058,-0.0,0.069
Blue Mountains,252.5,57.5,4,-0.11,-0.002,-0.131
Canadian Rockies,252.5,57.5,4,0.003,0.0,0.025
Cascades,252.5,57.5,4,0.04,0.001,-0.096
Central Basin and Range,252.5,57.5,4,0.148,0.003,-0.12
Columbia Mountains/Northern Rockies,252.5,57.5,1,0.036,0.001,0.044
Eastern Cascades Slopes and Foothills,252.5,57.5,4,-0.104,-0.002,-0.037
Idaho Batholith,252.5,57.5,3,-0.039,-0.001,-0.004
Klamath Mountains,252.5,57.5,4,0.018,0.001,-0.089
Middle Rockies,252.5,57.5,3,-0.022,-0.0,-0.006
North Cascades,252.5,57.5,9,0.111,0.0,0.095
Northern Basin and Range,252.5,57.5,4,-0.011,0.0,-0.135
Sierra Nevada,252.5,57.5,3,-0.043,-0.0,-0.069
Southern Rockies,252.5,57.5,1,-0.073,-0.001,0.057
Wasatch and Uinta Mountains,252.5,57.5,1,-0.021,0.0,0.039
