eco_region,lon,lat,embed dims,rho,slope (last 20),rho reverse
Arizona/New Mexico Mountains,217.5,20.0,10,0.235,0.002,0.021
Blue Mountains,217.5,20.0,10,0.291,0.002,0.233
Canadian Rockies,217.5,20.0,6,0.234,0.001,0.216
Cascades,217.5,20.0,10,0.399,0.003,0.35
Central Basin and Range,217.5,20.0,10,0.401,0.003,0.261
Columbia Mountains/Northern Rockies,217.5,20.0,7,0.382,0.002,0.219
Eastern Cascades Slopes and Foothills,217.5,20.0,9,0.361,0.001,0.217
Idaho Batholith,217.5,20.0,10,0.303,0.001,0.237
Klamath Mountains,217.5,20.0,6,0.327,0.001,0.267
Middle Rockies,217.5,20.0,8,0.34,0.001,0.146
North Cascades,217.5,20.0,5,0.349,0.001,0.248
Northern Basin and Range,217.5,20.0,10,0.365,0.003,0.174
Sierra Nevada,217.5,20.0,9,0.414,0.001,0.179
Southern Rockies,217.5,20.0,7,0.398,0.002,0.144
Wasatch and Uinta Mountains,217.5,20.0,8,0.416,0.002,0.181
