eco_region,lon,lat,embed dims,rho,slope (last 20),rho reverse
Arizona/New Mexico Mountains,197.5,17.5,8,0.198,0.002,0.135
Blue Mountains,197.5,17.5,10,0.153,0.001,0.191
Canadian Rockies,197.5,17.5,3,0.187,0.001,0.067
Cascades,197.5,17.5,10,0.341,0.002,0.291
Central Basin and Range,197.5,17.5,10,0.285,0.002,0.205
Columbia Mountains/Northern Rockies,197.5,17.5,4,0.234,0.001,0.14
Eastern Cascades Slopes and Foothills,197.5,17.5,3,0.143,-0.0,-0.033
Idaho Batholith,197.5,17.5,2,-0.005,-0.001,0.036
Klamath Mountains,197.5,17.5,8,0.336,0.002,0.267
Middle Rockies,197.5,17.5,5,0.196,0.0,0.162
North Cascades,197.5,17.5,9,0.369,0.002,0.285
Northern Basin and Range,197.5,17.5,10,0.286,0.002,0.34
Sierra Nevada,197.5,17.5,4,0.125,0.0,0.095
Southern Rockies,197.5,17.5,4,0.059,-0.001,0.126
Wasatch and Uinta Mountains,197.5,17.5,5,0.137,0.0,0.126
