eco_region,lon,lat,embed dims,rho,slope (last 20),rho reverse
Arizona/New Mexico Mountains,260.0,7.5,8,0.051,0.0,0.123
Blue Mountains,260.0,7.5,7,-0.044,0.0,-0.024
Canadian Rockies,260.0,7.5,9,0.023,0.0,0.032
Cascades,260.0,7.5,7,0.124,-0.0,0.087
Central Basin and Range,260.0,7.5,7,0.074,-0.001,-0.021
Columbia Mountains/Northern Rockies,260.0,7.5,5,0.08,0.001,0.004
Eastern Cascades Slopes and Foothills,260.0,7.5,9,0.228,0.002,0.002
Idaho Batholith,260.0,7.5,5,-0.033,-0.001,-0.022
Klamath Mountains,260.0,7.5,6,-0.017,-0.0,0.052
Middle Rockies,260.0,7.5,3,0.048,0.001,-0.05
North Cascades,260.0,7.5,10,0.155,0.002,0.098
Northern Basin and Range,260.0,7.5,8,0.036,0.001,0.024
Sierra Nevada,260.0,7.5,4,0.044,-0.0,-0.009
Southern Rockies,260.0,7.5,5,0.014,0.001,-0.12
Wasatch and Uinta Mountains,260.0,7.5,8,-0.084,-0.001,-0.021
