eco_region,lon,lat,embed dims,rho,slope (last 20),rho reverse
Arizona/New Mexico Mountains,205.0,52.5,9,-0.068,-0.001,-0.046
Blue Mountains,205.0,52.5,10,0.005,0.0,0.02
Canadian Rockies,205.0,52.5,9,0.102,0.0,0.277
Cascades,205.0,52.5,10,0.014,-0.001,0.164
Central Basin and Range,205.0,52.5,10,-0.065,-0.002,-0.026
Columbia Mountains/Northern Rockies,205.0,52.5,9,0.143,0.001,0.246
Eastern Cascades Slopes and Foothills,205.0,52.5,10,0.017,0.001,0.096
Idaho Batholith,205.0,52.5,2,0.02,0.0,0.03
Klamath Mountains,205.0,52.5,9,-0.022,-0.001,0.102
Middle Rockies,205.0,52.5,10,0.03,0.0,0.141
North Cascades,205.0,52.5,2,0.11,0.001,-0.075
Northern Basin and Range,205.0,52.5,9,-0.055,-0.001,-0.056
Sierra Nevada,205.0,52.5,8,0.057,0.0,0.024
Southern Rockies,205.0,52.5,9,-0.085,0.0,0.058
Wasatch and Uinta Mountains,205.0,52.5,4,-0.001,0.0,0.089
