eco_region,lon,lat,embed dims,rho,slope (last 20),rho reverse
Arizona/New Mexico Mountains,260.0,12.5,10,0.066,0.001,0.147
Blue Mountains,260.0,12.5,9,0.007,-0.001,0.104
Canadian Rockies,260.0,12.5,10,-0.057,0.0,-0.008
Cascades,260.0,12.5,9,0.146,0.001,0.081
Central Basin and Range,260.0,12.5,9,0.196,0.001,0.079
Columbia Mountains/Northern Rockies,260.0,12.5,9,0.089,-0.0,0.035
Eastern Cascades Slopes and Foothills,260.0,12.5,9,0.225,0.002,0.014
Idaho Batholith,260.0,12.5,10,-0.024,-0.0,-0.095
Klamath Mountains,260.0,12.5,8,0.038,-0.0,0.076
Middle Rockies,260.0,12.5,9,0.13,0.001,-0.009
North Cascades,260.0,12.5,10,0.055,0.0,0.109
Northern Basin and Range,260.0,12.5,9,0.039,0.001,0.12
Sierra Nevada,260.0,12.5,10,0.172,0.001,0.105
Southern Rockies,260.0,12.5,9,-0.028,-0.001,-0.088
Wasatch and Uinta Mountains,260.0,12.5,6,-0.144,-0.002,-0.053
