eco_region,lon,lat,embed dims,rho,slope (last 20),rho reverse
Arizona/New Mexico Mountains,195.0,50.0,1,0.026,0.0,0.014
Blue Mountains,195.0,50.0,1,-0.0,-0.0,0.014
Canadian Rockies,195.0,50.0,8,0.143,-0.0,0.332
Cascades,195.0,50.0,1,0.024,-0.0,0.037
Central Basin and Range,195.0,50.0,1,-0.022,-0.001,0.021
Columbia Mountains/Northern Rockies,195.0,50.0,2,0.057,-0.001,0.053
Eastern Cascades Slopes and Foothills,195.0,50.0,1,-0.037,-0.001,-0.045
Idaho Batholith,195.0,50.0,10,-0.026,-0.001,0.228
Klamath Mountains,195.0,50.0,8,0.039,-0.001,-0.105
Middle Rockies,195.0,50.0,10,0.013,0.0,0.207
North Cascades,195.0,50.0,9,0.075,-0.0,0.269
Northern Basin and Range,195.0,50.0,1,0.004,0.001,-0.003
Sierra Nevada,195.0,50.0,3,-0.054,-0.001,-0.025
Southern Rockies,195.0,50.0,2,0.03,0.0,0.018
Wasatch and Uinta Mountains,195.0,50.0,2,0.014,-0.001,-0.082
