eco_region,lon,lat,embed dims,rho,slope (last 20),rho reverse
Arizona/New Mexico Mountains,260.0,25.0,4,0.163,0.001,0.01
Blue Mountains,260.0,25.0,4,0.046,0.0,0.111
Canadian Rockies,260.0,25.0,10,0.09,0.001,0.169
Cascades,260.0,25.0,4,-0.002,-0.001,0.139
Central Basin and Range,260.0,25.0,4,0.202,0.002,0.143
Columbia Mountains/Northern Rockies,260.0,25.0,6,0.102,-0.0,0.175
Eastern Cascades Slopes and Foothills,260.0,25.0,4,0.05,-0.001,0.169
Idaho Batholith,260.0,25.0,6,0.162,0.0,0.257
Klamath Mountains,260.0,25.0,2,0.124,0.0,0.198
Middle Rockies,260.0,25.0,8,0.095,-0.0,0.198
North Cascades,260.0,25.0,10,0.09,-0.001,0.195
Northern Basin and Range,260.0,25.0,4,0.022,-0.001,0.056
Sierra Nevada,260.0,25.0,6,0.161,-0.0,0.217
Southern Rockies,260.0,25.0,6,0.189,0.001,0.094
Wasatch and Uinta Mountains,260.0,25.0,3,0.184,0.001,0.176
