eco_region,lon,lat,embed dims,rho,slope (last 20),rho reverse
Arizona/New Mexico Mountains,212.5,30.0,4,0.211,0.001,0.068
Blue Mountains,212.5,30.0,4,-0.04,-0.0,0.027
Canadian Rockies,212.5,30.0,8,0.176,0.001,0.06
Cascades,212.5,30.0,4,0.144,0.001,0.035
Central Basin and Range,212.5,30.0,4,0.055,0.001,0.091
Columbia Mountains/Northern Rockies,212.5,30.0,10,0.192,0.002,0.184
Eastern Cascades Slopes and Foothills,212.5,30.0,1,-0.022,-0.001,-0.016
Idaho Batholith,212.5,30.0,8,0.186,0.001,0.049
Klamath Mountains,212.5,30.0,10,0.216,0.002,0.11
Middle Rockies,212.5,30.0,8,0.176,0.001,0.012
North Cascades,212.5,30.0,9,0.205,0.002,0.204
Northern Basin and Range,212.5,30.0,4,-0.005,-0.0,0.001
Sierra Nevada,212.5,30.0,10,0.238,0.001,0.124
Southern Rockies,212.5,30.0,10,0.194,0.001,0.028
Wasatch and Uinta Mountains,212.5,30.0,8,0.304,0.004,0.194
