eco_region,lon,lat,embed dims,rho,slope (last 20),rho reverse
Arizona/New Mexico Mountains,207.5,37.5,1,0.042,0.0,0.02
Blue Mountains,207.5,37.5,3,0.077,0.001,-0.055
Canadian Rockies,207.5,37.5,8,0.16,0.001,0.036
Cascades,207.5,37.5,3,0.068,-0.001,-0.002
Central Basin and Range,207.5,37.5,3,-0.084,-0.001,0.016
Columbia Mountains/Northern Rockies,207.5,37.5,2,-0.056,-0.001,-0.012
Eastern Cascades Slopes and Foothills,207.5,37.5,1,-0.08,-0.002,0.028
Idaho Batholith,207.5,37.5,7,0.033,0.0,0.051
Klamath Mountains,207.5,37.5,1,-0.079,-0.001,0.051
Middle Rockies,207.5,37.5,10,0.109,0.001,0.021
North Cascades,207.5,37.5,5,0.052,-0.0,0.185
Northern Basin and Range,207.5,37.5,3,0.04,0.001,-0.04
Sierra Nevada,207.5,37.5,10,0.11,0.0,0.18
Southern Rockies,207.5,37.5,2,0.117,0.0,-0.008
Wasatch and Uinta Mountains,207.5,37.5,7,0.073,0.001,0.105
