eco_region,lon,lat,embed dims,rho,slope (last 20),rho reverse
Arizona/New Mexico Mountains,190.0,-7.5,6,-0.007,-0.001,0.028
Blue Mountains,190.0,-7.5,10,0.178,0.0,0.042
Canadian Rockies,190.0,-7.5,5,0.032,0.001,-0.093
Cascades,190.0,-7.5,10,0.236,0.002,0.138
Central Basin and Range,190.0,-7.5,10,0.202,0.001,0.079
Columbia Mountains/Northern Rockies,190.0,-7.5,10,0.127,0.002,0.116
Eastern Cascades Slopes and Foothills,190.0,-7.5,5,0.181,0.0,0.106
Idaho Batholith,190.0,-7.5,5,0.017,-0.0,-0.033
Klamath Mountains,190.0,-7.5,8,0.282,0.001,0.054
Middle Rockies,190.0,-7.5,1,0.035,-0.0,0.018
North Cascades,190.0,-7.5,5,0.08,0.001,0.077
Northern Basin and Range,190.0,-7.5,6,0.075,-0.001,0.093
Sierra Nevada,190.0,-7.5,10,0.227,0.001,0.106
Southern Rockies,190.0,-7.5,10,0.305,0.002,0.181
Wasatch and Uinta Mountains,190.0,-7.5,4,0.084,0.001,0.08
