eco_region,lon,lat,embed dims,rho,slope (last 20),rho reverse
Arizona/New Mexico Mountains,240.0,55.0,4,-0.087,-0.001,-0.028
Blue Mountains,240.0,55.0,3,-0.073,-0.002,0.021
Canadian Rockies,240.0,55.0,10,0.142,0.002,0.042
Cascades,240.0,55.0,3,0.057,0.001,0.106
Central Basin and Range,240.0,55.0,3,-0.027,0.001,0.015
Columbia Mountains/Northern Rockies,240.0,55.0,10,0.172,0.001,0.201
Eastern Cascades Slopes and Foothills,240.0,55.0,3,-0.018,-0.001,0.046
Idaho Batholith,240.0,55.0,10,0.091,-0.0,0.19
Klamath Mountains,240.0,55.0,4,0.064,0.001,0.058
Middle Rockies,240.0,55.0,9,0.074,-0.0,0.033
North Cascades,240.0,55.0,5,0.103,0.0,0.212
Northern Basin and Range,240.0,55.0,4,-0.035,-0.0,0.002
Sierra Nevada,240.0,55.0,8,-0.038,-0.0,0.053
Southern Rockies,240.0,55.0,10,0.004,-0.0,0.144
Wasatch and Uinta Mountains,240.0,55.0,4,-0.054,0.0,-0.053
