eco_region,lon,lat,embed dims,rho,slope (last 20),rho reverse
Arizona/New Mexico Mountains,262.5,-20.0,9,0.105,0.001,0.244
Blue Mountains,262.5,-20.0,9,0.244,0.002,0.212
Canadian Rockies,262.5,-20.0,9,0.303,0.002,0.24
Cascades,262.5,-20.0,9,0.32,0.004,0.15
Central Basin and Range,262.5,-20.0,9,0.251,0.002,0.174
Columbia Mountains/Northern Rockies,262.5,-20.0,9,0.278,0.001,0.256
Eastern Cascades Slopes and Foothills,262.5,-20.0,7,0.174,0.003,0.136
Idaho Batholith,262.5,-20.0,8,0.214,0.002,0.156
Klamath Mountains,262.5,-20.0,10,0.268,0.003,0.036
Middle Rockies,262.5,-20.0,8,0.199,0.0,0.188
North Cascades,262.5,-20.0,6,0.192,0.002,0.061
Northern Basin and Range,262.5,-20.0,6,0.069,0.001,0.182
Sierra Nevada,262.5,-20.0,9,0.308,0.001,0.203
Southern Rockies,262.5,-20.0,9,0.319,0.001,0.123
Wasatch and Uinta Mountains,262.5,-20.0,8,0.264,0.001,0.204
