eco_region,lon,lat,embed dims,rho,slope (last 20),rho reverse
Arizona/New Mexico Mountains,237.5,37.5,10,0.185,0.002,0.345
Blue Mountains,237.5,37.5,10,-0.07,-0.0,-0.068
Canadian Rockies,237.5,37.5,4,-0.087,-0.002,0.152
Cascades,237.5,37.5,10,0.028,-0.0,-0.061
Central Basin and Range,237.5,37.5,10,0.02,-0.002,0.197
Columbia Mountains/Northern Rockies,237.5,37.5,5,-0.032,0.0,0.009
Eastern Cascades Slopes and Foothills,237.5,37.5,10,0.055,-0.001,0.127
Idaho Batholith,237.5,37.5,8,-0.021,0.0,-0.048
Klamath Mountains,237.5,37.5,8,0.005,-0.0,0.281
Middle Rockies,237.5,37.5,8,0.033,-0.001,-0.013
North Cascades,237.5,37.5,2,-0.038,-0.001,-0.039
Northern Basin and Range,237.5,37.5,7,-0.013,-0.001,0.004
Sierra Nevada,237.5,37.5,8,0.134,0.001,0.473
Southern Rockies,237.5,37.5,5,0.033,-0.0,0.085
Wasatch and Uinta Mountains,237.5,37.5,9,-0.078,-0.001,0.246
