eco_region,lon,lat,embed dims,rho,slope (last 20),rho reverse
Arizona/New Mexico Mountains,227.5,55.0,9,0.022,0.001,0.116
Blue Mountains,227.5,55.0,2,0.006,0.0,-0.019
Canadian Rockies,227.5,55.0,5,0.033,0.0,-0.006
Cascades,227.5,55.0,2,-0.019,-0.0,-0.052
Central Basin and Range,227.5,55.0,2,0.049,0.002,-0.017
Columbia Mountains/Northern Rockies,227.5,55.0,5,0.089,0.0,0.025
Eastern Cascades Slopes and Foothills,227.5,55.0,2,0.026,-0.0,0.139
Idaho Batholith,227.5,55.0,5,0.115,0.001,0.074
Klamath Mountains,227.5,55.0,1,-0.049,-0.002,0.008
Middle Rockies,227.5,55.0,10,-0.004,0.0,0.08
North Cascades,227.5,55.0,4,0.061,-0.0,0.104
Northern Basin and Range,227.5,55.0,1,-0.048,-0.0,-0.078
Sierra Nevada,227.5,55.0,10,0.076,0.0,0.055
Southern Rockies,227.5,55.0,5,0.0,0.001,0.019
Wasatch and Uinta Mountains,227.5,55.0,5,0.053,-0.001,0.057
