eco_region,lon,lat,embed dims,rho,slope (last 20),rho reverse
Arizona/New Mexico Mountains,217.5,35.0,2,0.039,-0.001,-0.025
Blue Mountains,217.5,35.0,2,0.019,0.0,0.144
Canadian Rockies,217.5,35.0,8,-0.037,0.0,0.063
Cascades,217.5,35.0,2,-0.103,-0.002,0.048
Central Basin and Range,217.5,35.0,2,-0.029,0.0,0.057
Columbia Mountains/Northern Rockies,217.5,35.0,10,0.021,-0.001,0.111
Eastern Cascades Slopes and Foothills,217.5,35.0,1,-0.051,-0.001,0.053
Idaho Batholith,217.5,35.0,9,-0.033,0.001,0.041
Klamath Mountains,217.5,35.0,2,0.099,0.001,-0.019
Middle Rockies,217.5,35.0,8,0.01,-0.0,0.008
North Cascades,217.5,35.0,10,0.023,-0.001,0.321
Northern Basin and Range,217.5,35.0,10,-0.009,0.0,0.056
Sierra Nevada,217.5,35.0,10,0.075,0.0,0.165
Southern Rockies,217.5,35.0,10,0.205,0.001,0.146
Wasatch and Uinta Mountains,217.5,35.0,8,-0.061,-0.002,0.107
