eco_region,lon,lat,embed dims,rho,slope (last 20),rho reverse
Arizona/New Mexico Mountains,205.0,52.5,9,-0.003,-0.001,0.006
Blue Mountains,205.0,52.5,10,0.119,0.001,0.063
Canadian Rockies,205.0,52.5,9,0.156,0.001,0.143
Cascades,205.0,52.5,10,0.234,0.002,0.106
Central Basin and Range,205.0,52.5,10,0.048,0.002,0.036
Columbia Mountains/Northern Rockies,205.0,52.5,9,0.126,0.0,0.053
Eastern Cascades Slopes and Foothills,205.0,52.5,10,0.061,0.001,0.059
Idaho Batholith,205.0,52.5,2,0.11,0.001,0.094
Klamath Mountains,205.0,52.5,9,0.054,0.001,0.125
Middle Rockies,205.0,52.5,10,0.125,0.001,0.049
North Cascades,205.0,52.5,2,0.005,-0.001,0.07
Northern Basin and Range,205.0,52.5,9,0.059,0.001,0.021
Sierra Nevada,205.0,52.5,8,0.028,-0.0,0.002
Southern Rockies,205.0,52.5,9,0.109,0.001,0.037
Wasatch and Uinta Mountains,205.0,52.5,4,-0.105,-0.001,-0.021
