eco_region,lon,lat,embed dims,rho,slope (last 20),rho reverse
Arizona/New Mexico Mountains,272.5,42.5,3,0.028,0.0,0.015
Blue Mountains,272.5,42.5,2,0.035,0.001,-0.117
Canadian Rockies,272.5,42.5,3,-0.038,-0.0,-0.01
Cascades,272.5,42.5,2,0.089,0.0,-0.052
Central Basin and Range,272.5,42.5,2,0.017,-0.0,-0.084
Columbia Mountains/Northern Rockies,272.5,42.5,3,-0.03,-0.001,0.023
Eastern Cascades Slopes and Foothills,272.5,42.5,8,0.077,0.001,0.141
Idaho Batholith,272.5,42.5,1,-0.041,-0.0,-0.03
Klamath Mountains,272.5,42.5,9,0.139,0.0,0.076
Middle Rockies,272.5,42.5,3,-0.008,-0.0,0.08
North Cascades,272.5,42.5,2,-0.029,-0.001,-0.025
Northern Basin and Range,272.5,42.5,3,0.045,0.001,-0.046
Sierra Nevada,272.5,42.5,9,-0.039,-0.0,-0.003
Southern Rockies,272.5,42.5,3,-0.1,-0.002,0.009
Wasatch and Uinta Mountains,272.5,42.5,2,0.075,-0.0,-0.05
