eco_region,lon,lat,embed dims,rho,slope (last 20),rho reverse
Arizona/New Mexico Mountains,270.0,25.0,5,0.048,0.001,0.087
Blue Mountains,270.0,25.0,9,0.097,0.001,0.036
Canadian Rockies,270.0,25.0,8,0.067,-0.0,0.091
Cascades,270.0,25.0,9,0.127,0.002,0.125
Central Basin and Range,270.0,25.0,9,0.223,0.002,0.032
Columbia Mountains/Northern Rockies,270.0,25.0,4,0.074,0.0,0.066
Eastern Cascades Slopes and Foothills,270.0,25.0,10,0.155,0.001,-0.004
Idaho Batholith,270.0,25.0,9,0.169,0.001,0.064
Klamath Mountains,270.0,25.0,2,0.022,-0.0,0.095
Middle Rockies,270.0,25.0,8,0.062,0.0,0.094
North Cascades,270.0,25.0,3,0.008,0.0,-0.004
Northern Basin and Range,270.0,25.0,10,0.126,0.0,-0.099
Sierra Nevada,270.0,25.0,4,0.039,-0.0,0.01
Southern Rockies,270.0,25.0,4,0.056,-0.0,-0.004
Wasatch and Uinta Mountains,270.0,25.0,3,0.019,0.0,0.053
