eco_region,lon,lat,embed dims,rho,slope (last 20),rho reverse
Arizona/New Mexico Mountains,257.5,60.0,5,-0.127,-0.001,0.022
Blue Mountains,257.5,60.0,7,-0.129,-0.002,-0.003
Canadian Rockies,257.5,60.0,3,0.027,-0.0,-0.043
Cascades,257.5,60.0,7,-0.119,-0.001,-0.022
Central Basin and Range,257.5,60.0,7,-0.177,-0.002,-0.052
Columbia Mountains/Northern Rockies,257.5,60.0,3,0.066,0.001,0.015
Eastern Cascades Slopes and Foothills,257.5,60.0,5,-0.034,0.001,0.101
Idaho Batholith,257.5,60.0,2,0.034,0.0,0.006
Klamath Mountains,257.5,60.0,9,-0.081,-0.0,0.071
Middle Rockies,257.5,60.0,3,-0.008,0.0,-0.012
North Cascades,257.5,60.0,3,-0.065,-0.001,0.043
Northern Basin and Range,257.5,60.0,7,-0.069,-0.001,-0.078
Sierra Nevada,257.5,60.0,3,-0.015,-0.0,-0.011
Southern Rockies,257.5,60.0,3,0.051,0.0,-0.015
Wasatch and Uinta Mountains,257.5,60.0,5,-0.053,-0.001,-0.081
