eco_region,lon,lat,embed dims,rho,slope (last 20),rho reverse
Arizona/New Mexico Mountains,275.0,10.0,7,0.03,-0.001,0.244
Blue Mountains,275.0,10.0,7,0.085,-0.001,0.187
Canadian Rockies,275.0,10.0,4,0.034,-0.0,0.029
Cascades,275.0,10.0,7,0.302,0.003,0.142
Central Basin and Range,275.0,10.0,7,0.272,0.002,0.19
Columbia Mountains/Northern Rockies,275.0,10.0,5,0.106,0.0,-0.01
Eastern Cascades Slopes and Foothills,275.0,10.0,9,0.376,0.003,0.189
Idaho Batholith,275.0,10.0,4,0.122,0.0,0.083
Klamath Mountains,275.0,10.0,9,0.319,0.003,0.219
Middle Rockies,275.0,10.0,6,0.206,0.001,0.076
North Cascades,275.0,10.0,7,0.187,0.001,0.073
Northern Basin and Range,275.0,10.0,6,0.184,0.003,0.285
Sierra Nevada,275.0,10.0,5,0.24,0.001,0.171
Southern Rockies,275.0,10.0,5,0.161,0.0,0.067
Wasatch and Uinta Mountains,275.0,10.0,10,0.264,0.002,0.195
