eco_region,lon,lat,embed dims,rho,slope (last 20),rho reverse
Arizona/New Mexico Mountains,245.0,57.5,2,0.023,0.001,0.074
Blue Mountains,245.0,57.5,2,-0.012,0.002,0.066
Canadian Rockies,245.0,57.5,4,0.002,0.0,0.007
Cascades,245.0,57.5,2,-0.123,-0.002,0.112
Central Basin and Range,245.0,57.5,2,-0.021,-0.001,0.068
Columbia Mountains/Northern Rockies,245.0,57.5,4,0.005,-0.0,0.058
Eastern Cascades Slopes and Foothills,245.0,57.5,1,-0.087,-0.001,0.061
Idaho Batholith,245.0,57.5,5,0.035,-0.001,0.003
Klamath Mountains,245.0,57.5,2,-0.155,-0.001,0.116
Middle Rockies,245.0,57.5,9,0.121,0.0,-0.004
North Cascades,245.0,57.5,4,0.092,0.002,0.121
Northern Basin and Range,245.0,57.5,2,-0.067,-0.001,0.028
Sierra Nevada,245.0,57.5,6,0.015,0.001,0.031
Southern Rockies,245.0,57.5,4,0.024,-0.0,-0.039
Wasatch and Uinta Mountains,245.0,57.5,4,0.034,0.002,0.048
