eco_region,lon,lat,embed dims,rho,slope (last 20),rho reverse
Arizona/New Mexico Mountains,215.0,42.5,3,0.083,-0.0,0.034
Blue Mountains,215.0,42.5,3,0.064,0.001,-0.004
Canadian Rockies,215.0,42.5,4,0.131,0.001,-0.027
Cascades,215.0,42.5,3,-0.011,-0.001,0.044
Central Basin and Range,215.0,42.5,3,0.068,0.001,0.02
Columbia Mountains/Northern Rockies,215.0,42.5,1,0.006,0.0,0.036
Eastern Cascades Slopes and Foothills,215.0,42.5,1,-0.037,-0.001,0.037
Idaho Batholith,215.0,42.5,8,0.122,0.002,0.078
Klamath Mountains,215.0,42.5,10,0.177,0.001,0.03
Middle Rockies,215.0,42.5,8,0.125,0.001,0.067
North Cascades,215.0,42.5,6,0.074,0.001,0.094
Northern Basin and Range,215.0,42.5,3,0.022,0.0,-0.013
Sierra Nevada,215.0,42.5,4,-0.055,-0.0,0.05
Southern Rockies,215.0,42.5,1,0.08,0.001,-0.08
Wasatch and Uinta Mountains,215.0,42.5,4,0.097,0.002,0.026
