eco_region,lon,lat,embed dims,rho,slope (last 20),rho reverse
Arizona/New Mexico Mountains,212.5,25.0,1,-0.097,-0.002,-0.037
Blue Mountains,212.5,25.0,1,-0.042,-0.001,0.098
Canadian Rockies,212.5,25.0,8,0.216,0.002,0.158
Cascades,212.5,25.0,1,0.062,0.001,0.093
Central Basin and Range,212.5,25.0,1,-0.046,0.0,0.0
Columbia Mountains/Northern Rockies,212.5,25.0,8,0.197,0.001,0.21
Eastern Cascades Slopes and Foothills,212.5,25.0,1,0.093,0.0,0.032
Idaho Batholith,212.5,25.0,7,0.115,0.0,0.174
Klamath Mountains,212.5,25.0,9,0.383,0.003,0.099
Middle Rockies,212.5,25.0,8,0.168,0.002,0.194
North Cascades,212.5,25.0,4,0.148,0.001,0.136
Northern Basin and Range,212.5,25.0,1,0.011,-0.001,0.017
Sierra Nevada,212.5,25.0,8,0.163,0.001,0.043
Southern Rockies,212.5,25.0,8,0.176,0.001,0.195
Wasatch and Uinta Mountains,212.5,25.0,10,0.328,0.002,0.237
