eco_region,lon,lat,embed dims,rho,slope (last 20),rho reverse
Arizona/New Mexico Mountains,197.5,-12.5,6,0.081,0.001,0.006
Blue Mountains,197.5,-12.5,6,-0.053,0.001,0.007
Canadian Rockies,197.5,-12.5,5,0.07,0.0,-0.054
Cascades,197.5,-12.5,6,0.067,-0.0,0.11
Central Basin and Range,197.5,-12.5,6,-0.044,-0.001,-0.073
Columbia Mountains/Northern Rockies,197.5,-12.5,8,0.025,0.0,-0.022
Eastern Cascades Slopes and Foothills,197.5,-12.5,3,0.108,0.001,-0.094
Idaho Batholith,197.5,-12.5,6,0.023,-0.0,-0.02
Klamath Mountains,197.5,-12.5,8,0.048,-0.0,0.079
Middle Rockies,197.5,-12.5,1,0.074,-0.0,0.046
North Cascades,197.5,-12.5,5,0.091,0.002,0.006
Northern Basin and Range,197.5,-12.5,6,0.006,-0.001,-0.041
Sierra Nevada,197.5,-12.5,8,-0.047,-0.001,0.027
Southern Rockies,197.5,-12.5,8,-0.028,0.0,-0.015
Wasatch and Uinta Mountains,197.5,-12.5,6,-0.082,-0.002,-0.064
