eco_region,lon,lat,embed dims,rho,slope (last 20),rho reverse
Arizona/New Mexico Mountains,232.5,-12.5,9,0.252,0.003,0.199
Blue Mountains,232.5,-12.5,10,0.28,0.002,0.208
Canadian Rockies,232.5,-12.5,4,0.166,0.001,0.133
Cascades,232.5,-12.5,10,0.358,0.003,0.207
Central Basin and Range,232.5,-12.5,10,0.375,0.004,0.262
Columbia Mountains/Northern Rockies,232.5,-12.5,5,0.146,-0.001,0.23
Eastern Cascades Slopes and Foothills,232.5,-12.5,9,0.294,0.002,0.177
Idaho Batholith,232.5,-12.5,5,0.128,0.0,0.137
Klamath Mountains,232.5,-12.5,7,0.335,0.002,0.292
Middle Rockies,232.5,-12.5,10,0.356,0.002,0.234
North Cascades,232.5,-12.5,4,0.177,0.001,0.137
Northern Basin and Range,232.5,-12.5,9,0.145,0.002,0.32
Sierra Nevada,232.5,-12.5,5,0.209,0.001,0.161
Southern Rockies,232.5,-12.5,5,0.071,-0.0,0.011
Wasatch and Uinta Mountains,232.5,-12.5,2,0.03,0.001,0.114
