eco_region,lon,lat,embed dims,rho,slope (last 20),rho reverse
Arizona/New Mexico Mountains,232.5,-12.5,9,0.147,0.0,0.294
Blue Mountains,232.5,-12.5,10,0.071,0.001,0.194
Canadian Rockies,232.5,-12.5,4,-0.073,-0.001,-0.026
Cascades,232.5,-12.5,10,0.128,0.001,0.214
Central Basin and Range,232.5,-12.5,10,0.106,-0.001,0.198
Columbia Mountains/Northern Rockies,232.5,-12.5,5,0.08,0.001,0.116
Eastern Cascades Slopes and Foothills,232.5,-12.5,9,0.115,0.001,0.165
Idaho Batholith,232.5,-12.5,5,-0.057,-0.001,0.067
Klamath Mountains,232.5,-12.5,7,0.127,0.0,0.234
Middle Rockies,232.5,-12.5,10,0.151,0.0,0.242
North Cascades,232.5,-12.5,4,0.061,-0.0,0.003
Northern Basin and Range,232.5,-12.5,9,-0.02,-0.001,0.085
Sierra Nevada,232.5,-12.5,5,0.072,-0.0,0.124
Southern Rockies,232.5,-12.5,5,-0.073,-0.0,0.077
Wasatch and Uinta Mountains,232.5,-12.5,2,-0.089,-0.001,0.058
