eco_region,lon,lat,embed dims,rho,slope (last 20),rho reverse
Arizona/New Mexico Mountains,225.0,52.5,1,-0.061,-0.002,0.061
Blue Mountains,225.0,52.5,1,0.005,-0.0,0.101
Canadian Rockies,225.0,52.5,6,0.106,0.001,-0.118
Cascades,225.0,52.5,1,0.089,0.001,-0.013
Central Basin and Range,225.0,52.5,1,-0.056,-0.0,0.068
Columbia Mountains/Northern Rockies,225.0,52.5,4,0.04,0.001,-0.078
Eastern Cascades Slopes and Foothills,225.0,52.5,1,0.101,0.001,0.083
Idaho Batholith,225.0,52.5,3,0.054,-0.0,0.034
Klamath Mountains,225.0,52.5,1,-0.049,-0.002,-0.008
Middle Rockies,225.0,52.5,4,0.087,0.001,-0.001
North Cascades,225.0,52.5,1,-0.031,-0.001,-0.013
Northern Basin and Range,225.0,52.5,1,-0.032,0.0,0.064
Sierra Nevada,225.0,52.5,10,0.11,0.002,-0.023
Southern Rockies,225.0,52.5,4,0.029,0.0,0.014
Wasatch and Uinta Mountains,225.0,52.5,4,-0.055,-0.002,0.059
