eco_region,lon,lat,embed dims,rho,slope (last 20),rho reverse
Arizona/New Mexico Mountains,255.0,42.5,2,-0.115,-0.002,0.097
Blue Mountains,255.0,42.5,1,-0.015,-0.001,0.105
Canadian Rockies,255.0,42.5,8,0.2,0.001,0.056
Cascades,255.0,42.5,1,0.092,0.001,0.165
Central Basin and Range,255.0,42.5,1,0.058,0.0,0.112
Columbia Mountains/Northern Rockies,255.0,42.5,9,0.229,0.0,0.275
Eastern Cascades Slopes and Foothills,255.0,42.5,1,-0.026,-0.001,0.21
Idaho Batholith,255.0,42.5,8,0.364,0.003,0.312
Klamath Mountains,255.0,42.5,1,0.078,0.0,0.188
Middle Rockies,255.0,42.5,3,0.208,0.001,0.205
North Cascades,255.0,42.5,6,0.198,0.001,0.197
Northern Basin and Range,255.0,42.5,2,-0.024,0.0,0.081
Sierra Nevada,255.0,42.5,6,0.114,0.001,0.154
Southern Rockies,255.0,42.5,9,0.183,0.002,0.204
Wasatch and Uinta Mountains,255.0,42.5,6,0.006,-0.0,0.084
