eco_region,lon,lat,embed dims,rho,slope (last 20),rho reverse
Arizona/New Mexico Mountains,192.5,-5.0,10,0.137,0.002,-0.023
Blue Mountains,192.5,-5.0,10,0.192,0.001,0.047
Canadian Rockies,192.5,-5.0,3,0.033,0.001,-0.012
Cascades,192.5,-5.0,10,0.228,0.002,0.135
Central Basin and Range,192.5,-5.0,10,0.199,0.002,0.029
Columbia Mountains/Northern Rockies,192.5,-5.0,10,0.151,0.002,0.121
Eastern Cascades Slopes and Foothills,192.5,-5.0,5,0.155,0.0,0.086
Idaho Batholith,192.5,-5.0,10,0.107,0.001,0.077
Klamath Mountains,192.5,-5.0,9,0.291,0.001,0.082
Middle Rockies,192.5,-5.0,1,0.041,0.0,0.068
North Cascades,192.5,-5.0,3,0.134,0.002,-0.008
Northern Basin and Range,192.5,-5.0,10,0.137,0.002,0.08
Sierra Nevada,192.5,-5.0,5,0.144,0.0,0.113
Southern Rockies,192.5,-5.0,10,0.322,0.002,0.213
Wasatch and Uinta Mountains,192.5,-5.0,3,0.054,0.0,-0.047
