eco_region,lon,lat,embed dims,rho,slope (last 20),rho reverse
Arizona/New Mexico Mountains,197.5,0.0,9,0.067,0.001,0.147
Blue Mountains,197.5,0.0,10,-0.04,0.0,0.062
Canadian Rockies,197.5,0.0,5,0.051,-0.0,-0.147
Cascades,197.5,0.0,10,0.139,0.001,0.167
Central Basin and Range,197.5,0.0,10,0.025,-0.002,0.022
Columbia Mountains/Northern Rockies,197.5,0.0,9,-0.075,-0.001,0.055
Eastern Cascades Slopes and Foothills,197.5,0.0,5,-0.01,-0.001,0.109
Idaho Batholith,197.5,0.0,10,0.025,0.001,0.107
Klamath Mountains,197.5,0.0,9,0.202,-0.001,0.119
Middle Rockies,197.5,0.0,1,0.054,0.0,0.055
North Cascades,197.5,0.0,3,-0.002,-0.001,-0.071
Northern Basin and Range,197.5,0.0,10,-0.038,-0.002,-0.007
Sierra Nevada,197.5,0.0,6,-0.015,-0.001,0.078
Southern Rockies,197.5,0.0,9,0.18,0.001,0.024
Wasatch and Uinta Mountains,197.5,0.0,5,-0.039,-0.001,0.124
