eco_region,lon,lat,embed dims,rho,slope (last 20),rho reverse
Arizona/New Mexico Mountains,237.5,50.0,10,-0.065,-0.001,0.083
Blue Mountains,237.5,50.0,4,0.109,0.001,0.197
Canadian Rockies,237.5,50.0,7,-0.039,-0.0,0.106
Cascades,237.5,50.0,4,0.078,-0.0,0.216
Central Basin and Range,237.5,50.0,4,-0.008,0.0,0.263
Columbia Mountains/Northern Rockies,237.5,50.0,4,0.136,-0.0,0.349
Eastern Cascades Slopes and Foothills,237.5,50.0,6,0.166,0.002,0.376
Idaho Batholith,237.5,50.0,7,0.167,0.001,0.424
Klamath Mountains,237.5,50.0,2,0.268,0.001,0.18
Middle Rockies,237.5,50.0,1,0.074,0.001,0.086
North Cascades,237.5,50.0,10,0.126,0.0,0.395
Northern Basin and Range,237.5,50.0,8,0.002,-0.0,0.234
Sierra Nevada,237.5,50.0,5,0.149,0.0,0.35
Southern Rockies,237.5,50.0,4,0.022,-0.001,0.157
Wasatch and Uinta Mountains,237.5,50.0,7,-0.001,0.001,0.195
