eco_region,lon,lat,embed dims,rho,slope (last 20),rho reverse
Arizona/New Mexico Mountains,195.0,-10.0,6,0.05,0.001,-0.006
Blue Mountains,195.0,-10.0,10,0.044,0.0,0.154
Canadian Rockies,195.0,-10.0,6,0.048,0.001,-0.132
Cascades,195.0,-10.0,10,0.212,0.002,0.257
Central Basin and Range,195.0,-10.0,10,0.136,-0.001,0.138
Columbia Mountains/Northern Rockies,195.0,-10.0,8,-0.01,0.0,-0.019
Eastern Cascades Slopes and Foothills,195.0,-10.0,9,0.103,-0.0,0.207
Idaho Batholith,195.0,-10.0,6,0.015,-0.0,-0.073
Klamath Mountains,195.0,-10.0,9,0.149,-0.001,0.148
Middle Rockies,195.0,-10.0,1,0.07,0.0,-0.009
North Cascades,195.0,-10.0,5,0.119,0.002,-0.01
Northern Basin and Range,195.0,-10.0,6,0.034,-0.001,-0.012
Sierra Nevada,195.0,-10.0,4,-0.048,0.0,0.006
Southern Rockies,195.0,-10.0,8,0.021,0.0,-0.024
Wasatch and Uinta Mountains,195.0,-10.0,7,-0.01,-0.001,0.033
