eco_region,lon,lat,embed dims,rho,slope (last 20),rho reverse
Arizona/New Mexico Mountains,227.5,10.0,10,0.203,0.002,0.037
Blue Mountains,227.5,10.0,10,0.259,0.002,0.201
Canadian Rockies,227.5,10.0,4,0.1,0.002,0.056
Cascades,227.5,10.0,10,0.354,0.003,0.233
Central Basin and Range,227.5,10.0,10,0.315,0.002,0.127
Columbia Mountains/Northern Rockies,227.5,10.0,8,0.251,0.001,0.186
Eastern Cascades Slopes and Foothills,227.5,10.0,8,0.334,0.002,0.156
Idaho Batholith,227.5,10.0,4,0.123,0.0,0.076
Klamath Mountains,227.5,10.0,8,0.334,0.002,0.252
Middle Rockies,227.5,10.0,9,0.234,0.002,0.158
North Cascades,227.5,10.0,3,0.202,0.001,-0.02
Northern Basin and Range,227.5,10.0,10,0.172,0.002,0.222
Sierra Nevada,227.5,10.0,8,0.157,0.001,0.162
Southern Rockies,227.5,10.0,8,0.224,0.001,0.218
Wasatch and Uinta Mountains,227.5,10.0,3,0.006,0.0,0.033
