eco_region,lon,lat,embed dims,rho,slope (last 20),rho reverse
Arizona/New Mexico Mountains,272.5,-5.0,10,0.138,0.002,0.123
Blue Mountains,272.5,-5.0,10,0.139,0.001,0.122
Canadian Rockies,272.5,-5.0,9,0.058,0.001,0.259
Cascades,272.5,-5.0,10,0.292,0.002,0.176
Central Basin and Range,272.5,-5.0,10,0.187,-0.0,0.1
Columbia Mountains/Northern Rockies,272.5,-5.0,4,0.027,-0.001,-0.012
Eastern Cascades Slopes and Foothills,272.5,-5.0,9,0.217,0.002,0.128
Idaho Batholith,272.5,-5.0,4,-0.019,-0.0,0.017
Klamath Mountains,272.5,-5.0,9,0.07,-0.0,-0.009
Middle Rockies,272.5,-5.0,6,0.045,0.001,0.092
North Cascades,272.5,-5.0,10,0.22,0.001,0.209
Northern Basin and Range,272.5,-5.0,10,0.203,0.0,0.105
Sierra Nevada,272.5,-5.0,5,0.138,0.0,0.1
Southern Rockies,272.5,-5.0,4,-0.085,-0.0,-0.027
Wasatch and Uinta Mountains,272.5,-5.0,4,-0.016,0.001,0.067
