eco_region,lon,lat,embed dims,rho,slope (last 20),rho reverse
Arizona/New Mexico Mountains,180.0,40.0,10,-0.097,-0.001,-0.007
Blue Mountains,180.0,40.0,10,0.014,-0.002,-0.17
Canadian Rockies,180.0,40.0,7,0.037,0.001,-0.0
Cascades,180.0,40.0,10,0.067,-0.001,0.015
Central Basin and Range,180.0,40.0,10,-0.081,-0.001,-0.062
Columbia Mountains/Northern Rockies,180.0,40.0,7,0.042,-0.0,0.093
Eastern Cascades Slopes and Foothills,180.0,40.0,4,0.043,-0.0,-0.15
Idaho Batholith,180.0,40.0,7,0.087,0.001,-0.071
Klamath Mountains,180.0,40.0,7,0.009,-0.001,-0.026
Middle Rockies,180.0,40.0,6,-0.028,-0.0,0.052
North Cascades,180.0,40.0,4,-0.041,0.0,0.022
Northern Basin and Range,180.0,40.0,10,-0.005,-0.0,-0.127
Sierra Nevada,180.0,40.0,6,0.05,0.001,0.039
Southern Rockies,180.0,40.0,7,0.084,-0.0,0.012
Wasatch and Uinta Mountains,180.0,40.0,1,0.032,0.0,-0.052
