eco_region,lon,lat,embed dims,rho,slope (last 20),rho reverse
Arizona/New Mexico Mountains,235.0,12.5,10,0.226,0.001,-0.074
Blue Mountains,235.0,12.5,10,0.217,0.002,0.298
Canadian Rockies,235.0,12.5,10,0.353,0.003,0.237
Cascades,235.0,12.5,10,0.33,0.002,0.385
Central Basin and Range,235.0,12.5,10,0.351,0.001,0.283
Columbia Mountains/Northern Rockies,235.0,12.5,7,0.232,0.001,0.294
Eastern Cascades Slopes and Foothills,235.0,12.5,7,0.24,0.002,0.07
Idaho Batholith,235.0,12.5,10,0.298,0.001,0.203
Klamath Mountains,235.0,12.5,9,0.356,0.003,0.117
Middle Rockies,235.0,12.5,5,0.111,0.0,0.054
North Cascades,235.0,12.5,10,0.308,0.002,0.314
Northern Basin and Range,235.0,12.5,10,0.266,0.003,0.275
Sierra Nevada,235.0,12.5,5,0.097,0.0,0.086
Southern Rockies,235.0,12.5,7,0.334,0.002,0.166
Wasatch and Uinta Mountains,235.0,12.5,4,0.063,0.0,0.065
