eco_region,lon,lat,embed dims,rho,slope (last 20),rho reverse
Arizona/New Mexico Mountains,242.5,-12.5,10,0.143,0.0,0.026
Blue Mountains,242.5,-12.5,3,0.068,0.0,0.289
Canadian Rockies,242.5,-12.5,6,0.309,0.002,0.291
Cascades,242.5,-12.5,3,0.09,0.0,0.247
Central Basin and Range,242.5,-12.5,3,-0.004,-0.0,0.27
Columbia Mountains/Northern Rockies,242.5,-12.5,5,0.238,0.001,0.263
Eastern Cascades Slopes and Foothills,242.5,-12.5,9,0.232,0.002,0.295
Idaho Batholith,242.5,-12.5,9,0.339,0.001,0.392
Klamath Mountains,242.5,-12.5,5,0.233,0.0,0.191
Middle Rockies,242.5,-12.5,9,0.379,0.002,0.405
North Cascades,242.5,-12.5,4,0.205,0.002,0.219
Northern Basin and Range,242.5,-12.5,9,0.243,0.001,0.402
Sierra Nevada,242.5,-12.5,5,0.139,0.001,0.132
Southern Rockies,242.5,-12.5,5,0.182,0.001,0.125
Wasatch and Uinta Mountains,242.5,-12.5,4,0.195,0.001,0.189
