eco_region,lon,lat,embed dims,rho,slope (last 20),rho reverse
Arizona/New Mexico Mountains,227.5,55.0,9,-0.06,-0.0,0.008
Blue Mountains,227.5,55.0,2,-0.037,0.0,0.042
Canadian Rockies,227.5,55.0,5,-0.017,-0.0,0.073
Cascades,227.5,55.0,2,0.013,-0.001,0.002
Central Basin and Range,227.5,55.0,2,-0.087,-0.001,0.041
Columbia Mountains/Northern Rockies,227.5,55.0,5,0.125,0.0,0.132
Eastern Cascades Slopes and Foothills,227.5,55.0,2,0.052,0.001,0.082
Idaho Batholith,227.5,55.0,5,0.07,-0.0,0.108
Klamath Mountains,227.5,55.0,1,-0.049,-0.002,0.008
Middle Rockies,227.5,55.0,10,0.02,-0.001,0.141
North Cascades,227.5,55.0,4,0.004,0.0,0.209
Northern Basin and Range,227.5,55.0,1,-0.048,-0.0,-0.078
Sierra Nevada,227.5,55.0,10,0.081,0.0,0.139
Southern Rockies,227.5,55.0,5,0.031,0.001,0.063
Wasatch and Uinta Mountains,227.5,55.0,5,-0.063,-0.001,-0.002
