eco_region,lon,lat,embed dims,rho,slope (last 20),rho reverse
Arizona/New Mexico Mountains,222.5,52.5,1,-0.059,-0.002,-0.042
Blue Mountains,222.5,52.5,1,0.001,-0.0,-0.14
Canadian Rockies,222.5,52.5,3,-0.045,-0.001,0.014
Cascades,222.5,52.5,1,0.085,0.001,-0.018
Central Basin and Range,222.5,52.5,1,-0.057,-0.0,-0.094
Columbia Mountains/Northern Rockies,222.5,52.5,4,0.053,0.001,-0.023
Eastern Cascades Slopes and Foothills,222.5,52.5,1,0.095,0.001,-0.07
Idaho Batholith,222.5,52.5,2,-0.071,-0.001,-0.028
Klamath Mountains,222.5,52.5,4,0.059,0.001,0.15
Middle Rockies,222.5,52.5,3,0.006,0.0,0.06
North Cascades,222.5,52.5,4,0.002,-0.0,-0.052
Northern Basin and Range,222.5,52.5,1,-0.034,0.0,-0.115
Sierra Nevada,222.5,52.5,2,-0.106,-0.001,0.009
Southern Rockies,222.5,52.5,4,0.019,0.0,0.014
Wasatch and Uinta Mountains,222.5,52.5,6,0.063,0.001,-0.061
