eco_region,lon,lat,embed dims,rho,slope (last 20),rho reverse
Arizona/New Mexico Mountains,185.0,-2.5,10,0.017,-0.0,0.048
Blue Mountains,185.0,-2.5,10,0.213,0.002,0.19
Canadian Rockies,185.0,-2.5,3,0.092,0.001,0.005
Cascades,185.0,-2.5,10,0.274,0.002,0.196
Central Basin and Range,185.0,-2.5,10,0.254,0.002,0.168
Columbia Mountains/Northern Rockies,185.0,-2.5,10,0.206,0.002,0.171
Eastern Cascades Slopes and Foothills,185.0,-2.5,2,0.153,0.0,0.101
Idaho Batholith,185.0,-2.5,3,-0.018,0.0,-0.044
Klamath Mountains,185.0,-2.5,9,0.353,0.002,0.147
Middle Rockies,185.0,-2.5,5,0.074,-0.0,0.093
North Cascades,185.0,-2.5,2,0.064,0.0,0.02
Northern Basin and Range,185.0,-2.5,10,0.219,0.003,0.121
Sierra Nevada,185.0,-2.5,10,0.282,0.001,0.172
Southern Rockies,185.0,-2.5,10,0.174,0.001,0.083
Wasatch and Uinta Mountains,185.0,-2.5,4,0.027,0.0,0.139
