eco_region,lon,lat,embed dims,rho,slope (last 20),rho reverse
Arizona/New Mexico Mountains,220.0,-20.0,3,0.065,0.0,-0.009
Blue Mountains,220.0,-20.0,4,0.034,-0.001,0.14
Canadian Rockies,220.0,-20.0,4,0.188,0.001,0.028
Cascades,220.0,-20.0,4,0.151,0.002,0.193
Central Basin and Range,220.0,-20.0,4,0.086,0.001,0.197
Columbia Mountains/Northern Rockies,220.0,-20.0,4,0.131,-0.001,0.163
Eastern Cascades Slopes and Foothills,220.0,-20.0,4,0.05,0.001,0.133
Idaho Batholith,220.0,-20.0,4,0.074,-0.0,0.241
Klamath Mountains,220.0,-20.0,10,0.242,0.001,0.18
Middle Rockies,220.0,-20.0,10,0.279,0.001,0.206
North Cascades,220.0,-20.0,2,0.006,0.001,0.113
Northern Basin and Range,220.0,-20.0,4,-0.034,-0.0,0.107
Sierra Nevada,220.0,-20.0,4,0.091,0.001,0.249
Southern Rockies,220.0,-20.0,4,-0.004,0.0,0.042
Wasatch and Uinta Mountains,220.0,-20.0,7,0.101,0.001,0.239
