eco_region,lon,lat,embed dims,rho,slope (last 20),rho reverse
Arizona/New Mexico Mountains,182.5,-20.0,8,0.136,0.001,0.068
Blue Mountains,182.5,-20.0,8,0.0,-0.001,0.012
Canadian Rockies,182.5,-20.0,1,0.1,0.001,-0.036
Cascades,182.5,-20.0,8,0.157,0.002,0.103
Central Basin and Range,182.5,-20.0,8,0.012,0.001,0.068
Columbia Mountains/Northern Rockies,182.5,-20.0,9,0.13,0.0,0.097
Eastern Cascades Slopes and Foothills,182.5,-20.0,10,-0.003,0.001,-0.043
Idaho Batholith,182.5,-20.0,1,-0.032,-0.0,-0.057
Klamath Mountains,182.5,-20.0,10,0.156,0.004,0.067
Middle Rockies,182.5,-20.0,9,0.116,0.002,0.042
North Cascades,182.5,-20.0,4,0.127,0.002,0.018
Northern Basin and Range,182.5,-20.0,8,0.112,0.002,0.074
Sierra Nevada,182.5,-20.0,9,0.09,0.0,0.016
Southern Rockies,182.5,-20.0,9,0.079,0.001,-0.02
Wasatch and Uinta Mountains,182.5,-20.0,1,-0.014,0.0,0.011
