eco_region,lon,lat,embed dims,rho,slope (last 20),rho reverse
Arizona/New Mexico Mountains,190.0,25.0,10,0.015,-0.001,-0.023
Blue Mountains,190.0,25.0,7,0.046,0.001,-0.038
Canadian Rockies,190.0,25.0,10,0.092,0.0,0.035
Cascades,190.0,25.0,7,0.126,0.001,0.066
Central Basin and Range,190.0,25.0,7,0.104,0.002,0.018
Columbia Mountains/Northern Rockies,190.0,25.0,2,-0.002,-0.0,0.014
Eastern Cascades Slopes and Foothills,190.0,25.0,9,0.085,0.002,0.077
Idaho Batholith,190.0,25.0,2,0.02,-0.0,-0.037
Klamath Mountains,190.0,25.0,10,0.103,0.0,0.103
Middle Rockies,190.0,25.0,8,0.199,0.001,0.132
North Cascades,190.0,25.0,10,0.142,0.002,-0.054
Northern Basin and Range,190.0,25.0,10,0.112,0.001,0.067
Sierra Nevada,190.0,25.0,2,0.042,-0.0,0.02
Southern Rockies,190.0,25.0,2,0.112,0.001,0.01
Wasatch and Uinta Mountains,190.0,25.0,10,0.127,0.003,-0.02
