eco_region,lon,lat,embed dims,rho,slope (last 20),rho reverse
Arizona/New Mexico Mountains,200.0,17.5,10,0.267,0.002,0.13
Blue Mountains,200.0,17.5,10,0.339,0.003,0.231
Canadian Rockies,200.0,17.5,3,0.077,0.0,0.085
Cascades,200.0,17.5,10,0.383,0.002,0.408
Central Basin and Range,200.0,17.5,10,0.358,0.002,0.195
Columbia Mountains/Northern Rockies,200.0,17.5,4,0.019,-0.0,0.104
Eastern Cascades Slopes and Foothills,200.0,17.5,9,0.366,0.002,0.201
Idaho Batholith,200.0,17.5,2,0.056,0.0,0.117
Klamath Mountains,200.0,17.5,10,0.373,0.002,0.335
Middle Rockies,200.0,17.5,5,0.163,0.002,0.157
North Cascades,200.0,17.5,9,0.339,0.002,0.29
Northern Basin and Range,200.0,17.5,5,0.198,0.002,0.104
Sierra Nevada,200.0,17.5,5,0.074,0.001,0.055
Southern Rockies,200.0,17.5,4,0.02,-0.001,0.102
Wasatch and Uinta Mountains,200.0,17.5,5,0.068,0.001,0.087
