eco_region,lon,lat,embed dims,rho,slope (last 20),rho reverse
Arizona/New Mexico Mountains,207.5,-2.5,5,0.055,0.0,0.103
Blue Mountains,207.5,-2.5,5,0.23,0.003,0.212
Canadian Rockies,207.5,-2.5,4,0.209,0.001,0.038
Cascades,207.5,-2.5,5,0.244,0.002,0.228
Central Basin and Range,207.5,-2.5,5,0.138,0.003,0.25
Columbia Mountains/Northern Rockies,207.5,-2.5,10,0.351,0.003,0.281
Eastern Cascades Slopes and Foothills,207.5,-2.5,10,0.255,0.002,0.151
Idaho Batholith,207.5,-2.5,10,0.293,0.001,0.256
Klamath Mountains,207.5,-2.5,9,0.282,0.003,0.273
Middle Rockies,207.5,-2.5,4,0.144,0.001,0.103
North Cascades,207.5,-2.5,3,0.028,-0.0,0.032
Northern Basin and Range,207.5,-2.5,5,0.099,0.0,0.183
Sierra Nevada,207.5,-2.5,8,0.345,0.001,0.223
Southern Rockies,207.5,-2.5,10,0.393,0.002,0.273
Wasatch and Uinta Mountains,207.5,-2.5,4,0.074,-0.0,0.214
