eco_region,lon,lat,embed dims,rho,slope (last 20),rho reverse
Arizona/New Mexico Mountains,265.0,20.0,2,-0.04,-0.001,0.026
Blue Mountains,265.0,20.0,9,0.107,0.001,0.051
Canadian Rockies,265.0,20.0,6,0.088,0.001,0.023
Cascades,265.0,20.0,9,0.115,0.002,0.144
Central Basin and Range,265.0,20.0,9,0.226,0.002,0.067
Columbia Mountains/Northern Rockies,265.0,20.0,9,0.112,-0.0,0.108
Eastern Cascades Slopes and Foothills,265.0,20.0,10,0.108,0.001,0.063
Idaho Batholith,265.0,20.0,7,0.148,-0.0,0.056
Klamath Mountains,265.0,20.0,3,0.004,-0.002,-0.03
Middle Rockies,265.0,20.0,7,0.167,0.0,0.124
North Cascades,265.0,20.0,10,0.192,0.001,0.193
Northern Basin and Range,265.0,20.0,10,0.107,0.0,0.093
Sierra Nevada,265.0,20.0,6,0.147,0.001,0.044
Southern Rockies,265.0,20.0,9,0.143,-0.0,0.056
Wasatch and Uinta Mountains,265.0,20.0,7,0.124,0.001,0.048
