eco_region,lon,lat,embed dims,rho,slope (last 20),rho reverse
Arizona/New Mexico Mountains,252.5,-7.5,10,0.214,0.002,0.093
Blue Mountains,252.5,-7.5,10,0.282,0.003,0.152
Canadian Rockies,252.5,-7.5,9,0.363,0.001,0.272
Cascades,252.5,-7.5,10,0.351,0.004,0.21
Central Basin and Range,252.5,-7.5,10,0.426,0.004,0.133
Columbia Mountains/Northern Rockies,252.5,-7.5,3,0.011,-0.0,0.197
Eastern Cascades Slopes and Foothills,252.5,-7.5,9,0.296,0.001,0.141
Idaho Batholith,252.5,-7.5,9,0.3,0.001,0.198
Klamath Mountains,252.5,-7.5,10,0.33,0.001,0.24
Middle Rockies,252.5,-7.5,9,0.346,0.001,0.224
North Cascades,252.5,-7.5,3,0.139,0.002,0.139
Northern Basin and Range,252.5,-7.5,10,0.234,0.002,0.295
Sierra Nevada,252.5,-7.5,3,0.146,0.001,0.126
Southern Rockies,252.5,-7.5,3,0.022,0.0,0.023
Wasatch and Uinta Mountains,252.5,-7.5,3,-0.018,-0.0,0.018
