eco_region,lon,lat,embed dims,rho,slope (last 20),rho reverse
Arizona/New Mexico Mountains,280.0,-12.5,4,0.107,0.0,0.227
Blue Mountains,280.0,-12.5,4,0.16,0.001,0.222
Canadian Rockies,280.0,-12.5,7,0.303,0.002,0.259
Cascades,280.0,-12.5,4,0.169,-0.001,0.182
Central Basin and Range,280.0,-12.5,4,0.207,0.001,0.247
Columbia Mountains/Northern Rockies,280.0,-12.5,3,0.084,-0.0,0.124
Eastern Cascades Slopes and Foothills,280.0,-12.5,4,0.232,0.001,0.236
Idaho Batholith,280.0,-12.5,4,0.128,0.001,0.115
Klamath Mountains,280.0,-12.5,9,0.365,0.002,0.274
Middle Rockies,280.0,-12.5,10,0.352,0.002,0.281
North Cascades,280.0,-12.5,4,0.155,0.001,0.118
Northern Basin and Range,280.0,-12.5,5,0.219,0.001,0.21
Sierra Nevada,280.0,-12.5,3,0.157,0.0,0.162
Southern Rockies,280.0,-12.5,3,-0.015,-0.0,0.032
Wasatch and Uinta Mountains,280.0,-12.5,9,0.389,0.002,0.243
