eco_region,lon,lat,embed dims,rho,slope (last 20),rho reverse
Arizona/New Mexico Mountains,275.0,15.0,6,0.183,0.001,0.186
Blue Mountains,275.0,15.0,6,0.126,0.001,0.086
Canadian Rockies,275.0,15.0,3,-0.051,-0.001,0.052
Cascades,275.0,15.0,6,0.089,0.001,-0.055
Central Basin and Range,275.0,15.0,6,0.123,-0.0,0.048
Columbia Mountains/Northern Rockies,275.0,15.0,3,0.042,-0.0,0.063
Eastern Cascades Slopes and Foothills,275.0,15.0,3,0.055,0.002,0.05
Idaho Batholith,275.0,15.0,9,0.056,-0.001,0.012
Klamath Mountains,275.0,15.0,4,0.179,0.003,0.032
Middle Rockies,275.0,15.0,3,0.01,0.0,-0.063
North Cascades,275.0,15.0,7,0.001,0.0,0.049
Northern Basin and Range,275.0,15.0,6,0.028,-0.001,0.032
Sierra Nevada,275.0,15.0,3,0.045,0.0,0.021
Southern Rockies,275.0,15.0,3,-0.04,0.0,-0.124
Wasatch and Uinta Mountains,275.0,15.0,3,-0.034,-0.001,0.028
