eco_region,lon,lat,embed dims,rho,slope (last 20),rho reverse
Arizona/New Mexico Mountains,262.5,22.5,3,0.069,0.0,0.049
Blue Mountains,262.5,22.5,10,0.063,-0.001,0.109
Canadian Rockies,262.5,22.5,6,0.025,-0.001,0.134
Cascades,262.5,22.5,10,0.073,0.0,0.168
Central Basin and Range,262.5,22.5,10,0.186,0.003,0.101
Columbia Mountains/Northern Rockies,262.5,22.5,7,0.119,0.001,0.167
Eastern Cascades Slopes and Foothills,262.5,22.5,3,0.027,0.0,0.098
Idaho Batholith,262.5,22.5,7,0.224,0.001,0.2
Klamath Mountains,262.5,22.5,2,0.149,0.001,-0.003
Middle Rockies,262.5,22.5,9,0.145,0.001,0.168
North Cascades,262.5,22.5,10,0.089,-0.001,0.193
Northern Basin and Range,262.5,22.5,3,0.008,-0.001,0.128
Sierra Nevada,262.5,22.5,7,0.155,0.0,0.132
Southern Rockies,262.5,22.5,7,0.213,0.002,0.141
Wasatch and Uinta Mountains,262.5,22.5,7,0.006,-0.001,0.109
