eco_region,lon,lat,embed dims,rho,slope (last 20),rho reverse
Arizona/New Mexico Mountains,230.0,60.0,3,-0.129,-0.001,-0.055
Blue Mountains,230.0,60.0,3,-0.081,-0.001,0.046
Canadian Rockies,230.0,60.0,10,0.18,0.001,-0.099
Cascades,230.0,60.0,3,0.04,0.0,0.042
Central Basin and Range,230.0,60.0,3,-0.018,0.001,0.021
Columbia Mountains/Northern Rockies,230.0,60.0,1,-0.03,0.0,0.032
Eastern Cascades Slopes and Foothills,230.0,60.0,4,-0.159,-0.003,-0.019
Idaho Batholith,230.0,60.0,1,-0.028,-0.001,0.044
Klamath Mountains,230.0,60.0,2,-0.063,0.0,0.083
Middle Rockies,230.0,60.0,1,-0.051,-0.0,0.032
North Cascades,230.0,60.0,9,0.116,0.0,0.081
Northern Basin and Range,230.0,60.0,3,-0.009,-0.0,0.03
Sierra Nevada,230.0,60.0,1,-0.034,-0.001,0.013
Southern Rockies,230.0,60.0,1,0.04,0.0,0.054
Wasatch and Uinta Mountains,230.0,60.0,10,-0.04,-0.002,0.015
