eco_region,lon,lat,embed dims,rho,slope (last 20),rho reverse
Arizona/New Mexico Mountains,225.0,25.0,10,0.071,0.002,-0.034
Blue Mountains,225.0,25.0,10,0.062,0.001,-0.105
Canadian Rockies,225.0,25.0,8,-0.044,-0.0,0.028
Cascades,225.0,25.0,10,0.197,0.001,0.111
Central Basin and Range,225.0,25.0,10,-0.006,-0.001,-0.117
Columbia Mountains/Northern Rockies,225.0,25.0,10,0.072,-0.0,0.104
Eastern Cascades Slopes and Foothills,225.0,25.0,9,-0.025,-0.001,0.004
Idaho Batholith,225.0,25.0,10,0.037,0.0,0.017
Klamath Mountains,225.0,25.0,3,0.022,0.001,0.126
Middle Rockies,225.0,25.0,2,-0.098,-0.001,-0.13
North Cascades,225.0,25.0,8,0.069,0.001,0.079
Northern Basin and Range,225.0,25.0,10,0.026,-0.001,-0.079
Sierra Nevada,225.0,25.0,8,-0.038,-0.001,0.057
Southern Rockies,225.0,25.0,10,0.126,0.0,-0.061
Wasatch and Uinta Mountains,225.0,25.0,10,0.069,-0.0,0.018
