eco_region,lon,lat,embed dims,rho,slope (last 20),rho reverse
Arizona/New Mexico Mountains,232.5,57.5,2,-0.105,-0.001,0.071
Blue Mountains,232.5,57.5,2,-0.043,-0.001,0.014
Canadian Rockies,232.5,57.5,10,-0.046,0.001,-0.041
Cascades,232.5,57.5,2,0.044,0.001,-0.037
Central Basin and Range,232.5,57.5,2,0.053,0.002,0.0
Columbia Mountains/Northern Rockies,232.5,57.5,10,-0.038,0.0,-0.027
Eastern Cascades Slopes and Foothills,232.5,57.5,5,0.05,0.001,0.12
Idaho Batholith,232.5,57.5,10,-0.016,-0.0,-0.036
Klamath Mountains,232.5,57.5,2,0.019,0.0,0.059
Middle Rockies,232.5,57.5,9,0.08,0.001,-0.037
North Cascades,232.5,57.5,2,-0.006,0.0,-0.002
Northern Basin and Range,232.5,57.5,2,-0.15,-0.001,-0.031
Sierra Nevada,232.5,57.5,10,0.119,0.001,0.075
Southern Rockies,232.5,57.5,10,-0.01,0.0,-0.045
Wasatch and Uinta Mountains,232.5,57.5,1,0.036,0.0,-0.014
