eco_region,lon,lat,embed dims,rho,slope (last 20),rho reverse
Arizona/New Mexico Mountains,217.5,2.5,10,0.037,-0.001,0.105
Blue Mountains,217.5,2.5,10,0.263,0.002,0.272
Canadian Rockies,217.5,2.5,10,0.368,0.002,0.223
Cascades,217.5,2.5,10,0.283,0.003,0.357
Central Basin and Range,217.5,2.5,10,0.333,0.002,0.314
Columbia Mountains/Northern Rockies,217.5,2.5,10,0.329,0.003,0.343
Eastern Cascades Slopes and Foothills,217.5,2.5,10,0.25,0.002,0.159
Idaho Batholith,217.5,2.5,10,0.335,0.001,0.279
Klamath Mountains,217.5,2.5,9,0.271,0.002,0.143
Middle Rockies,217.5,2.5,10,0.377,0.002,0.314
North Cascades,217.5,2.5,3,0.035,-0.0,0.122
Northern Basin and Range,217.5,2.5,10,0.291,0.003,0.307
Sierra Nevada,217.5,2.5,9,0.327,0.001,0.31
Southern Rockies,217.5,2.5,10,0.397,0.001,0.316
Wasatch and Uinta Mountains,217.5,2.5,4,0.073,-0.0,0.122
