eco_region,lon,lat,embed dims,rho,slope (last 20),rho reverse
Arizona/New Mexico Mountains,235.0,-7.5,7,0.09,0.001,0.106
Blue Mountains,235.0,-7.5,10,0.23,0.002,0.149
Canadian Rockies,235.0,-7.5,5,0.162,0.0,0.194
Cascades,235.0,-7.5,10,0.34,0.003,0.23
Central Basin and Range,235.0,-7.5,10,0.35,0.004,0.15
Columbia Mountains/Northern Rockies,235.0,-7.5,7,0.307,0.002,0.245
Eastern Cascades Slopes and Foothills,235.0,-7.5,9,0.283,0.001,0.204
Idaho Batholith,235.0,-7.5,8,0.254,0.001,0.126
Klamath Mountains,235.0,-7.5,7,0.326,0.002,0.283
Middle Rockies,235.0,-7.5,9,0.305,0.001,0.226
North Cascades,235.0,-7.5,3,0.172,0.002,0.053
Northern Basin and Range,235.0,-7.5,7,0.134,0.002,0.182
Sierra Nevada,235.0,-7.5,7,0.165,0.0,0.215
Southern Rockies,235.0,-7.5,7,0.133,-0.0,0.134
Wasatch and Uinta Mountains,235.0,-7.5,3,-0.032,-0.0,0.031
