eco_region,lon,lat,rho
Arizona/New Mexico Mountains,202.5,20.0,0.071
Blue Mountains,202.5,20.0,0.038
Canadian Rockies,202.5,20.0,0.015
Cascades,202.5,20.0,0.211
Central Basin and Range,202.5,20.0,0.021
Columbia Mountains/Northern Rockies,202.5,20.0,-0.067
Eastern Cascades Slopes and Foothills,202.5,20.0,0.122
Idaho Batholith,202.5,20.0,0.006
Klamath Mountains,202.5,20.0,0.364
Middle Rockies,202.5,20.0,-0.012
North Cascades,202.5,20.0,0.064
Northern Basin and Range,202.5,20.0,0.157
Sierra Nevada,202.5,20.0,-0.102
Southern Rockies,202.5,20.0,0.049
Wasatch and Uinta Mountains,202.5,20.0,0.052
