eco_region,lon,lat,rho
Arizona/New Mexico Mountains,277.5,12.5,0.209
Blue Mountains,277.5,12.5,0.039
Canadian Rockies,277.5,12.5,-0.048
Cascades,277.5,12.5,0.091
Central Basin and Range,277.5,12.5,0.142
Columbia Mountains/Northern Rockies,277.5,12.5,0.043
Eastern Cascades Slopes and Foothills,277.5,12.5,0.188
Idaho Batholith,277.5,12.5,-0.018
Klamath Mountains,277.5,12.5,0.136
Middle Rockies,277.5,12.5,0.138
North Cascades,277.5,12.5,0.047
Northern Basin and Range,277.5,12.5,0.023
Sierra Nevada,277.5,12.5,-0.004
Southern Rockies,277.5,12.5,-0.048
Wasatch and Uinta Mountains,277.5,12.5,0.135
