eco_region,lon,lat,rho
Arizona/New Mexico Mountains,275.0,10.0,0.077
Blue Mountains,275.0,10.0,0.039
Canadian Rockies,275.0,10.0,-0.016
Cascades,275.0,10.0,0.05
Central Basin and Range,275.0,10.0,0.183
Columbia Mountains/Northern Rockies,275.0,10.0,0.085
Eastern Cascades Slopes and Foothills,275.0,10.0,0.217
Idaho Batholith,275.0,10.0,-0.07
Klamath Mountains,275.0,10.0,0.053
Middle Rockies,275.0,10.0,0.052
North Cascades,275.0,10.0,0.076
Northern Basin and Range,275.0,10.0,0.03
Sierra Nevada,275.0,10.0,0.02
Southern Rockies,275.0,10.0,-0.07
Wasatch and Uinta Mountains,275.0,10.0,0.107
