eco_region,lon,lat,rho
Arizona/New Mexico Mountains,242.5,40.0,0.011
Blue Mountains,242.5,40.0,-0.03
Canadian Rockies,242.5,40.0,0.007
Cascades,242.5,40.0,0.036
Central Basin and Range,242.5,40.0,0.0
Columbia Mountains/Northern Rockies,242.5,40.0,0.03
Eastern Cascades Slopes and Foothills,242.5,40.0,0.099
Idaho Batholith,242.5,40.0,0.193
Klamath Mountains,242.5,40.0,-0.013
Middle Rockies,242.5,40.0,0.222
North Cascades,242.5,40.0,0.106
Northern Basin and Range,242.5,40.0,-0.03
Sierra Nevada,242.5,40.0,0.06
Southern Rockies,242.5,40.0,0.133
Wasatch and Uinta Mountains,242.5,40.0,0.068
