eco_region,lon,lat,rho
Arizona/New Mexico Mountains,192.5,27.5,0.008
Blue Mountains,192.5,27.5,0.09
Canadian Rockies,192.5,27.5,-0.064
Cascades,192.5,27.5,0.129
Central Basin and Range,192.5,27.5,-0.026
Columbia Mountains/Northern Rockies,192.5,27.5,0.078
Eastern Cascades Slopes and Foothills,192.5,27.5,-0.051
Idaho Batholith,192.5,27.5,0.055
Klamath Mountains,192.5,27.5,0.068
Middle Rockies,192.5,27.5,-0.056
North Cascades,192.5,27.5,0.154
Northern Basin and Range,192.5,27.5,0.004
Sierra Nevada,192.5,27.5,0.018
Southern Rockies,192.5,27.5,0.098
Wasatch and Uinta Mountains,192.5,27.5,0.109
