eco_region,lon,lat,rho
Arizona/New Mexico Mountains,250.0,-20.0,0.141
Blue Mountains,250.0,-20.0,0.056
Canadian Rockies,250.0,-20.0,0.155
Cascades,250.0,-20.0,0.164
Central Basin and Range,250.0,-20.0,-0.037
Columbia Mountains/Northern Rockies,250.0,-20.0,0.342
Eastern Cascades Slopes and Foothills,250.0,-20.0,-0.041
Idaho Batholith,250.0,-20.0,0.213
Klamath Mountains,250.0,-20.0,0.171
Middle Rockies,250.0,-20.0,0.312
North Cascades,250.0,-20.0,0.032
Northern Basin and Range,250.0,-20.0,0.053
Sierra Nevada,250.0,-20.0,0.125
Southern Rockies,250.0,-20.0,0.256
Wasatch and Uinta Mountains,250.0,-20.0,0.082
