eco_region,lon,lat,rho
Arizona/New Mexico Mountains,210.0,60.0,0.082
Blue Mountains,210.0,60.0,0.159
Canadian Rockies,210.0,60.0,0.076
Cascades,210.0,60.0,0.178
Central Basin and Range,210.0,60.0,0.097
Columbia Mountains/Northern Rockies,210.0,60.0,0.055
Eastern Cascades Slopes and Foothills,210.0,60.0,0.066
Idaho Batholith,210.0,60.0,0.117
Klamath Mountains,210.0,60.0,0.043
Middle Rockies,210.0,60.0,0.062
North Cascades,210.0,60.0,0.006
Northern Basin and Range,210.0,60.0,-0.015
Sierra Nevada,210.0,60.0,0.071
Southern Rockies,210.0,60.0,0.065
Wasatch and Uinta Mountains,210.0,60.0,0.098
