eco_region,lon,lat,rho
Arizona/New Mexico Mountains,195.0,2.5,0.001
Blue Mountains,195.0,2.5,0.253
Canadian Rockies,195.0,2.5,0.291
Cascades,195.0,2.5,0.295
Central Basin and Range,195.0,2.5,0.303
Columbia Mountains/Northern Rockies,195.0,2.5,0.27
Eastern Cascades Slopes and Foothills,195.0,2.5,0.214
Idaho Batholith,195.0,2.5,0.263
Klamath Mountains,195.0,2.5,0.312
Middle Rockies,195.0,2.5,0.109
North Cascades,195.0,2.5,0.06
Northern Basin and Range,195.0,2.5,0.284
Sierra Nevada,195.0,2.5,0.218
Southern Rockies,195.0,2.5,0.281
Wasatch and Uinta Mountains,195.0,2.5,-0.001
