eco_region,lon,lat,rho
Arizona/New Mexico Mountains,225.0,47.5,-0.043
Blue Mountains,225.0,47.5,0.016
Canadian Rockies,225.0,47.5,0.037
Cascades,225.0,47.5,0.006
Central Basin and Range,225.0,47.5,-0.083
Columbia Mountains/Northern Rockies,225.0,47.5,0.005
Eastern Cascades Slopes and Foothills,225.0,47.5,-0.039
Idaho Batholith,225.0,47.5,0.068
Klamath Mountains,225.0,47.5,0.066
Middle Rockies,225.0,47.5,-0.008
North Cascades,225.0,47.5,0.123
Northern Basin and Range,225.0,47.5,-0.083
Sierra Nevada,225.0,47.5,0.075
Southern Rockies,225.0,47.5,0.049
Wasatch and Uinta Mountains,225.0,47.5,0.008
