eco_region,lon,lat,rho
Arizona/New Mexico Mountains,235.0,30.0,0.093
Blue Mountains,235.0,30.0,-0.097
Canadian Rockies,235.0,30.0,-0.045
Cascades,235.0,30.0,0.096
Central Basin and Range,235.0,30.0,0.094
Columbia Mountains/Northern Rockies,235.0,30.0,0.0
Eastern Cascades Slopes and Foothills,235.0,30.0,0.072
Idaho Batholith,235.0,30.0,0.052
Klamath Mountains,235.0,30.0,-0.037
Middle Rockies,235.0,30.0,0.077
North Cascades,235.0,30.0,-0.011
Northern Basin and Range,235.0,30.0,0.006
Sierra Nevada,235.0,30.0,-0.001
Southern Rockies,235.0,30.0,0.064
Wasatch and Uinta Mountains,235.0,30.0,-0.1
