eco_region,lon,lat,rho
Arizona/New Mexico Mountains,255.0,57.5,-0.046
Blue Mountains,255.0,57.5,0.004
Canadian Rockies,255.0,57.5,0.002
Cascades,255.0,57.5,-0.13
Central Basin and Range,255.0,57.5,-0.032
Columbia Mountains/Northern Rockies,255.0,57.5,0.018
Eastern Cascades Slopes and Foothills,255.0,57.5,-0.007
Idaho Batholith,255.0,57.5,-0.011
Klamath Mountains,255.0,57.5,-0.007
Middle Rockies,255.0,57.5,-0.022
North Cascades,255.0,57.5,-0.048
Northern Basin and Range,255.0,57.5,-0.007
Sierra Nevada,255.0,57.5,-0.036
Southern Rockies,255.0,57.5,0.045
Wasatch and Uinta Mountains,255.0,57.5,0.11
