eco_region,lon,lat,rho
Arizona/New Mexico Mountains,197.5,5.0,0.051
Blue Mountains,197.5,5.0,0.274
Canadian Rockies,197.5,5.0,0.303
Cascades,197.5,5.0,0.307
Central Basin and Range,197.5,5.0,0.306
Columbia Mountains/Northern Rockies,197.5,5.0,0.275
Eastern Cascades Slopes and Foothills,197.5,5.0,0.26
Idaho Batholith,197.5,5.0,0.289
Klamath Mountains,197.5,5.0,0.308
Middle Rockies,197.5,5.0,0.059
North Cascades,197.5,5.0,0.107
Northern Basin and Range,197.5,5.0,0.247
Sierra Nevada,197.5,5.0,0.256
Southern Rockies,197.5,5.0,0.309
Wasatch and Uinta Mountains,197.5,5.0,0.007
