eco_region,lon,lat,rho
Arizona/New Mexico Mountains,205.0,47.5,0.144
Blue Mountains,205.0,47.5,0.129
Canadian Rockies,205.0,47.5,0.15
Cascades,205.0,47.5,0.188
Central Basin and Range,205.0,47.5,0.178
Columbia Mountains/Northern Rockies,205.0,47.5,0.249
Eastern Cascades Slopes and Foothills,205.0,47.5,0.162
Idaho Batholith,205.0,47.5,0.097
Klamath Mountains,205.0,47.5,0.062
Middle Rockies,205.0,47.5,0.008
North Cascades,205.0,47.5,0.079
Northern Basin and Range,205.0,47.5,0.04
Sierra Nevada,205.0,47.5,0.099
Southern Rockies,205.0,47.5,0.129
Wasatch and Uinta Mountains,205.0,47.5,0.065
