eco_region,lon,lat,rho
Arizona/New Mexico Mountains,247.5,27.5,0.019
Blue Mountains,247.5,27.5,0.087
Canadian Rockies,247.5,27.5,-0.03
Cascades,247.5,27.5,0.094
Central Basin and Range,247.5,27.5,0.183
Columbia Mountains/Northern Rockies,247.5,27.5,0.11
Eastern Cascades Slopes and Foothills,247.5,27.5,0.062
Idaho Batholith,247.5,27.5,0.139
Klamath Mountains,247.5,27.5,-0.004
Middle Rockies,247.5,27.5,0.086
North Cascades,247.5,27.5,0.116
Northern Basin and Range,247.5,27.5,0.094
Sierra Nevada,247.5,27.5,0.095
Southern Rockies,247.5,27.5,0.205
Wasatch and Uinta Mountains,247.5,27.5,-0.038
