eco_region,lon,lat,rho
Arizona/New Mexico Mountains,267.5,37.5,0.008
Blue Mountains,267.5,37.5,-0.034
Canadian Rockies,267.5,37.5,-0.036
Cascades,267.5,37.5,0.048
Central Basin and Range,267.5,37.5,0.029
Columbia Mountains/Northern Rockies,267.5,37.5,0.082
Eastern Cascades Slopes and Foothills,267.5,37.5,0.108
Idaho Batholith,267.5,37.5,0.084
Klamath Mountains,267.5,37.5,0.101
Middle Rockies,267.5,37.5,0.114
North Cascades,267.5,37.5,0.078
Northern Basin and Range,267.5,37.5,-0.039
Sierra Nevada,267.5,37.5,0.043
Southern Rockies,267.5,37.5,0.014
Wasatch and Uinta Mountains,267.5,37.5,0.055
