eco_region,lon,lat,rho
Arizona/New Mexico Mountains,267.5,17.5,0.048
Blue Mountains,267.5,17.5,0.035
Canadian Rockies,267.5,17.5,0.043
Cascades,267.5,17.5,0.088
Central Basin and Range,267.5,17.5,0.225
Columbia Mountains/Northern Rockies,267.5,17.5,0.141
Eastern Cascades Slopes and Foothills,267.5,17.5,0.088
Idaho Batholith,267.5,17.5,0.134
Klamath Mountains,267.5,17.5,-0.024
Middle Rockies,267.5,17.5,0.207
North Cascades,267.5,17.5,0.15
Northern Basin and Range,267.5,17.5,0.079
Sierra Nevada,267.5,17.5,0.116
Southern Rockies,267.5,17.5,0.109
Wasatch and Uinta Mountains,267.5,17.5,0.1
