eco_region,lon,lat,rho
Arizona/New Mexico Mountains,267.5,32.5,-0.029
Blue Mountains,267.5,32.5,0.027
Canadian Rockies,267.5,32.5,-0.049
Cascades,267.5,32.5,0.015
Central Basin and Range,267.5,32.5,0.157
Columbia Mountains/Northern Rockies,267.5,32.5,0.102
Eastern Cascades Slopes and Foothills,267.5,32.5,0.041
Idaho Batholith,267.5,32.5,0.099
Klamath Mountains,267.5,32.5,0.182
Middle Rockies,267.5,32.5,0.017
North Cascades,267.5,32.5,-0.031
Northern Basin and Range,267.5,32.5,-0.033
Sierra Nevada,267.5,32.5,0.136
Southern Rockies,267.5,32.5,0.169
Wasatch and Uinta Mountains,267.5,32.5,0.04
