eco_region,lon,lat,rho
Arizona/New Mexico Mountains,180.0,7.5,0.225
Blue Mountains,180.0,7.5,0.272
Canadian Rockies,180.0,7.5,0.263
Cascades,180.0,7.5,0.228
Central Basin and Range,180.0,7.5,0.239
Columbia Mountains/Northern Rockies,180.0,7.5,0.238
Eastern Cascades Slopes and Foothills,180.0,7.5,0.385
Idaho Batholith,180.0,7.5,0.199
Klamath Mountains,180.0,7.5,0.399
Middle Rockies,180.0,7.5,0.031
North Cascades,180.0,7.5,-0.016
Northern Basin and Range,180.0,7.5,0.309
Sierra Nevada,180.0,7.5,0.297
Southern Rockies,180.0,7.5,0.205
Wasatch and Uinta Mountains,180.0,7.5,0.039
