eco_region,lon,lat,rho
Arizona/New Mexico Mountains,182.5,50.0,0.107
Blue Mountains,182.5,50.0,0.097
Canadian Rockies,182.5,50.0,0.078
Cascades,182.5,50.0,-0.0
Central Basin and Range,182.5,50.0,0.112
Columbia Mountains/Northern Rockies,182.5,50.0,0.047
Eastern Cascades Slopes and Foothills,182.5,50.0,0.051
Idaho Batholith,182.5,50.0,0.094
Klamath Mountains,182.5,50.0,0.017
Middle Rockies,182.5,50.0,0.087
North Cascades,182.5,50.0,0.213
Northern Basin and Range,182.5,50.0,-0.023
Sierra Nevada,182.5,50.0,0.054
Southern Rockies,182.5,50.0,0.04
Wasatch and Uinta Mountains,182.5,50.0,-0.051
