eco_region,lon,lat,rho
Arizona/New Mexico Mountains,220.0,55.0,0.027
Blue Mountains,220.0,55.0,-0.037
Canadian Rockies,220.0,55.0,0.099
Cascades,220.0,55.0,-0.021
Central Basin and Range,220.0,55.0,-0.07
Columbia Mountains/Northern Rockies,220.0,55.0,0.07
Eastern Cascades Slopes and Foothills,220.0,55.0,-0.027
Idaho Batholith,220.0,55.0,-0.0
Klamath Mountains,220.0,55.0,0.038
Middle Rockies,220.0,55.0,-0.04
North Cascades,220.0,55.0,0.095
Northern Basin and Range,220.0,55.0,-0.007
Sierra Nevada,220.0,55.0,0.064
Southern Rockies,220.0,55.0,-0.001
Wasatch and Uinta Mountains,220.0,55.0,-0.029
