eco_region,lon,lat,rho
Arizona/New Mexico Mountains,247.5,22.5,0.102
Blue Mountains,247.5,22.5,-0.03
Canadian Rockies,247.5,22.5,-0.078
Cascades,247.5,22.5,0.129
Central Basin and Range,247.5,22.5,0.057
Columbia Mountains/Northern Rockies,247.5,22.5,0.047
Eastern Cascades Slopes and Foothills,247.5,22.5,0.019
Idaho Batholith,247.5,22.5,0.007
Klamath Mountains,247.5,22.5,0.106
Middle Rockies,247.5,22.5,0.035
North Cascades,247.5,22.5,-0.032
Northern Basin and Range,247.5,22.5,0.053
Sierra Nevada,247.5,22.5,0.115
Southern Rockies,247.5,22.5,-0.012
Wasatch and Uinta Mountains,247.5,22.5,-0.129
