eco_region,lon,lat,rho
Arizona/New Mexico Mountains,275.0,42.5,0.002
Blue Mountains,275.0,42.5,0.005
Canadian Rockies,275.0,42.5,-0.032
Cascades,275.0,42.5,0.083
Central Basin and Range,275.0,42.5,-0.028
Columbia Mountains/Northern Rockies,275.0,42.5,0.008
Eastern Cascades Slopes and Foothills,275.0,42.5,0.063
Idaho Batholith,275.0,42.5,-0.021
Klamath Mountains,275.0,42.5,0.146
Middle Rockies,275.0,42.5,0.001
North Cascades,275.0,42.5,-0.004
Northern Basin and Range,275.0,42.5,-0.006
Sierra Nevada,275.0,42.5,-0.007
Southern Rockies,275.0,42.5,0.024
Wasatch and Uinta Mountains,275.0,42.5,0.054
