eco_region,lon,lat,rho
Arizona/New Mexico Mountains,262.5,40.0,0.002
Blue Mountains,262.5,40.0,0.037
Canadian Rockies,262.5,40.0,-0.065
Cascades,262.5,40.0,0.131
Central Basin and Range,262.5,40.0,0.019
Columbia Mountains/Northern Rockies,262.5,40.0,0.06
Eastern Cascades Slopes and Foothills,262.5,40.0,0.135
Idaho Batholith,262.5,40.0,0.108
Klamath Mountains,262.5,40.0,0.064
Middle Rockies,262.5,40.0,0.088
North Cascades,262.5,40.0,0.172
Northern Basin and Range,262.5,40.0,0.03
Sierra Nevada,262.5,40.0,0.047
Southern Rockies,262.5,40.0,0.02
Wasatch and Uinta Mountains,262.5,40.0,0.09
