eco_region,lon,lat,rho
Arizona/New Mexico Mountains,280.0,32.5,0.038
Blue Mountains,280.0,32.5,0.064
Canadian Rockies,280.0,32.5,0.036
Cascades,280.0,32.5,0.102
Central Basin and Range,280.0,32.5,0.12
Columbia Mountains/Northern Rockies,280.0,32.5,0.068
Eastern Cascades Slopes and Foothills,280.0,32.5,0.168
Idaho Batholith,280.0,32.5,0.057
Klamath Mountains,280.0,32.5,0.178
Middle Rockies,280.0,32.5,0.082
North Cascades,280.0,32.5,-0.016
Northern Basin and Range,280.0,32.5,0.063
Sierra Nevada,280.0,32.5,0.045
Southern Rockies,280.0,32.5,0.025
Wasatch and Uinta Mountains,280.0,32.5,0.026
