eco_region,lon,lat,rho
Arizona/New Mexico Mountains,235.0,12.5,0.226
Blue Mountains,235.0,12.5,0.217
Canadian Rockies,235.0,12.5,0.353
Cascades,235.0,12.5,0.33
Central Basin and Range,235.0,12.5,0.351
Columbia Mountains/Northern Rockies,235.0,12.5,0.232
Eastern Cascades Slopes and Foothills,235.0,12.5,0.24
Idaho Batholith,235.0,12.5,0.298
Klamath Mountains,235.0,12.5,0.356
Middle Rockies,235.0,12.5,0.111
North Cascades,235.0,12.5,0.308
Northern Basin and Range,235.0,12.5,0.266
Sierra Nevada,235.0,12.5,0.097
Southern Rockies,235.0,12.5,0.334
Wasatch and Uinta Mountains,235.0,12.5,0.063
