eco_region,lon,lat,rho
Arizona/New Mexico Mountains,232.5,32.5,0.051
Blue Mountains,232.5,32.5,0.006
Canadian Rockies,232.5,32.5,-0.018
Cascades,232.5,32.5,0.1
Central Basin and Range,232.5,32.5,-0.096
Columbia Mountains/Northern Rockies,232.5,32.5,-0.016
Eastern Cascades Slopes and Foothills,232.5,32.5,-0.024
Idaho Batholith,232.5,32.5,0.045
Klamath Mountains,232.5,32.5,0.009
Middle Rockies,232.5,32.5,0.051
North Cascades,232.5,32.5,0.012
Northern Basin and Range,232.5,32.5,-0.065
Sierra Nevada,232.5,32.5,0.067
Southern Rockies,232.5,32.5,0.087
Wasatch and Uinta Mountains,232.5,32.5,-0.062
