eco_region,lon,lat,rho
Arizona/New Mexico Mountains,180.0,47.5,-0.108
Blue Mountains,180.0,47.5,0.06
Canadian Rockies,180.0,47.5,0.152
Cascades,180.0,47.5,0.063
Central Basin and Range,180.0,47.5,0.086
Columbia Mountains/Northern Rockies,180.0,47.5,0.107
Eastern Cascades Slopes and Foothills,180.0,47.5,0.016
Idaho Batholith,180.0,47.5,0.082
Klamath Mountains,180.0,47.5,0.068
Middle Rockies,180.0,47.5,-0.036
North Cascades,180.0,47.5,0.1
Northern Basin and Range,180.0,47.5,-0.038
Sierra Nevada,180.0,47.5,0.024
Southern Rockies,180.0,47.5,0.091
Wasatch and Uinta Mountains,180.0,47.5,-0.003
