eco_region,lon,lat,rho
Arizona/New Mexico Mountains,215.0,-15.0,0.092
Blue Mountains,215.0,-15.0,0.091
Canadian Rockies,215.0,-15.0,0.121
Cascades,215.0,-15.0,0.148
Central Basin and Range,215.0,-15.0,-0.003
Columbia Mountains/Northern Rockies,215.0,-15.0,-0.007
Eastern Cascades Slopes and Foothills,215.0,-15.0,-0.092
Idaho Batholith,215.0,-15.0,0.016
Klamath Mountains,215.0,-15.0,-0.006
Middle Rockies,215.0,-15.0,0.101
North Cascades,215.0,-15.0,0.118
Northern Basin and Range,215.0,-15.0,0.024
Sierra Nevada,215.0,-15.0,0.021
Southern Rockies,215.0,-15.0,-0.079
Wasatch and Uinta Mountains,215.0,-15.0,0.03
