eco_region,lon,lat,rho
Arizona/New Mexico Mountains,180.0,12.5,0.066
Blue Mountains,180.0,12.5,0.269
Canadian Rockies,180.0,12.5,0.196
Cascades,180.0,12.5,0.292
Central Basin and Range,180.0,12.5,0.275
Columbia Mountains/Northern Rockies,180.0,12.5,0.301
Eastern Cascades Slopes and Foothills,180.0,12.5,0.394
Idaho Batholith,180.0,12.5,0.274
Klamath Mountains,180.0,12.5,0.376
Middle Rockies,180.0,12.5,0.06
North Cascades,180.0,12.5,0.055
Northern Basin and Range,180.0,12.5,0.078
Sierra Nevada,180.0,12.5,0.089
Southern Rockies,180.0,12.5,0.366
Wasatch and Uinta Mountains,180.0,12.5,0.103
