eco_region,lon,lat,rho
Arizona/New Mexico Mountains,215.0,42.5,0.083
Blue Mountains,215.0,42.5,0.063
Canadian Rockies,215.0,42.5,0.131
Cascades,215.0,42.5,-0.01
Central Basin and Range,215.0,42.5,0.068
Columbia Mountains/Northern Rockies,215.0,42.5,0.006
Eastern Cascades Slopes and Foothills,215.0,42.5,-0.03
Idaho Batholith,215.0,42.5,0.122
Klamath Mountains,215.0,42.5,0.177
Middle Rockies,215.0,42.5,0.125
North Cascades,215.0,42.5,0.074
Northern Basin and Range,215.0,42.5,0.022
Sierra Nevada,215.0,42.5,-0.055
Southern Rockies,215.0,42.5,0.079
Wasatch and Uinta Mountains,215.0,42.5,0.097
