eco_region,lon,lat,rho
Arizona/New Mexico Mountains,207.5,2.5,0.067
Blue Mountains,207.5,2.5,-0.014
Canadian Rockies,207.5,2.5,0.255
Cascades,207.5,2.5,0.13
Central Basin and Range,207.5,2.5,-0.003
Columbia Mountains/Northern Rockies,207.5,2.5,0.263
Eastern Cascades Slopes and Foothills,207.5,2.5,0.282
Idaho Batholith,207.5,2.5,0.147
Klamath Mountains,207.5,2.5,0.267
Middle Rockies,207.5,2.5,0.117
North Cascades,207.5,2.5,0.2
Northern Basin and Range,207.5,2.5,0.026
Sierra Nevada,207.5,2.5,0.206
Southern Rockies,207.5,2.5,0.323
Wasatch and Uinta Mountains,207.5,2.5,0.109
