eco_region,lon,lat,rho
Arizona/New Mexico Mountains,277.5,12.5,0.118
Blue Mountains,277.5,12.5,0.115
Canadian Rockies,277.5,12.5,0.162
Cascades,277.5,12.5,0.225
Central Basin and Range,277.5,12.5,0.275
Columbia Mountains/Northern Rockies,277.5,12.5,0.064
Eastern Cascades Slopes and Foothills,277.5,12.5,0.291
Idaho Batholith,277.5,12.5,0.157
Klamath Mountains,277.5,12.5,0.236
Middle Rockies,277.5,12.5,0.221
North Cascades,277.5,12.5,0.203
Northern Basin and Range,277.5,12.5,0.113
Sierra Nevada,277.5,12.5,0.228
Southern Rockies,277.5,12.5,0.277
Wasatch and Uinta Mountains,277.5,12.5,0.268
