eco_region,lon,lat,rho
Arizona/New Mexico Mountains,260.0,12.5,0.158
Blue Mountains,260.0,12.5,0.137
Canadian Rockies,260.0,12.5,0.202
Cascades,260.0,12.5,0.275
Central Basin and Range,260.0,12.5,0.277
Columbia Mountains/Northern Rockies,260.0,12.5,0.263
Eastern Cascades Slopes and Foothills,260.0,12.5,0.313
Idaho Batholith,260.0,12.5,0.13
Klamath Mountains,260.0,12.5,0.322
Middle Rockies,260.0,12.5,0.221
North Cascades,260.0,12.5,0.223
Northern Basin and Range,260.0,12.5,0.016
Sierra Nevada,260.0,12.5,0.261
Southern Rockies,260.0,12.5,0.284
Wasatch and Uinta Mountains,260.0,12.5,0.131
