eco_region,lon,lat,rho
Arizona/New Mexico Mountains,275.0,22.5,0.182
Blue Mountains,275.0,22.5,0.108
Canadian Rockies,275.0,22.5,-0.027
Cascades,275.0,22.5,0.029
Central Basin and Range,275.0,22.5,0.103
Columbia Mountains/Northern Rockies,275.0,22.5,0.035
Eastern Cascades Slopes and Foothills,275.0,22.5,0.0
Idaho Batholith,275.0,22.5,0.063
Klamath Mountains,275.0,22.5,0.082
Middle Rockies,275.0,22.5,0.055
North Cascades,275.0,22.5,-0.028
Northern Basin and Range,275.0,22.5,0.033
Sierra Nevada,275.0,22.5,0.079
Southern Rockies,275.0,22.5,-0.036
Wasatch and Uinta Mountains,275.0,22.5,0.026
