eco_region,lon,lat,rho
Arizona/New Mexico Mountains,232.5,0.0,-0.007
Blue Mountains,232.5,0.0,0.046
Canadian Rockies,232.5,0.0,-0.028
Cascades,232.5,0.0,0.232
Central Basin and Range,232.5,0.0,0.12
Columbia Mountains/Northern Rockies,232.5,0.0,0.101
Eastern Cascades Slopes and Foothills,232.5,0.0,0.076
Idaho Batholith,232.5,0.0,0.163
Klamath Mountains,232.5,0.0,0.102
Middle Rockies,232.5,0.0,0.134
North Cascades,232.5,0.0,0.061
Northern Basin and Range,232.5,0.0,0.009
Sierra Nevada,232.5,0.0,0.089
Southern Rockies,232.5,0.0,0.072
Wasatch and Uinta Mountains,232.5,0.0,-0.083
