eco_region,lon,lat,rho
Arizona/New Mexico Mountains,215.0,-15.0,0.1
Blue Mountains,215.0,-15.0,0.01
Canadian Rockies,215.0,-15.0,0.175
Cascades,215.0,-15.0,0.211
Central Basin and Range,215.0,-15.0,0.075
Columbia Mountains/Northern Rockies,215.0,-15.0,0.127
Eastern Cascades Slopes and Foothills,215.0,-15.0,0.163
Idaho Batholith,215.0,-15.0,0.093
Klamath Mountains,215.0,-15.0,0.267
Middle Rockies,215.0,-15.0,0.31
North Cascades,215.0,-15.0,0.177
Northern Basin and Range,215.0,-15.0,0.069
Sierra Nevada,215.0,-15.0,-0.001
Southern Rockies,215.0,-15.0,-0.02
Wasatch and Uinta Mountains,215.0,-15.0,0.112
