eco_region,lon,lat,rho
Arizona/New Mexico Mountains,277.5,60.0,-0.048
Blue Mountains,277.5,60.0,0.061
Canadian Rockies,277.5,60.0,-0.048
Cascades,277.5,60.0,0.025
Central Basin and Range,277.5,60.0,0.064
Columbia Mountains/Northern Rockies,277.5,60.0,0.013
Eastern Cascades Slopes and Foothills,277.5,60.0,0.09
Idaho Batholith,277.5,60.0,-0.012
Klamath Mountains,277.5,60.0,0.109
Middle Rockies,277.5,60.0,0.062
North Cascades,277.5,60.0,-0.065
Northern Basin and Range,277.5,60.0,-0.045
Sierra Nevada,277.5,60.0,-0.016
Southern Rockies,277.5,60.0,0.074
Wasatch and Uinta Mountains,277.5,60.0,-0.059
