eco_region,lon,lat,rho
Arizona/New Mexico Mountains,195.0,-2.5,0.174
Blue Mountains,195.0,-2.5,0.208
Canadian Rockies,195.0,-2.5,0.166
Cascades,195.0,-2.5,0.259
Central Basin and Range,195.0,-2.5,0.224
Columbia Mountains/Northern Rockies,195.0,-2.5,0.187
Eastern Cascades Slopes and Foothills,195.0,-2.5,0.146
Idaho Batholith,195.0,-2.5,0.114
Klamath Mountains,195.0,-2.5,0.295
Middle Rockies,195.0,-2.5,0.049
North Cascades,195.0,-2.5,0.153
Northern Basin and Range,195.0,-2.5,0.173
Sierra Nevada,195.0,-2.5,0.223
Southern Rockies,195.0,-2.5,0.325
Wasatch and Uinta Mountains,195.0,-2.5,0.073
