eco_region,lon,lat,rho
Arizona/New Mexico Mountains,182.5,15.0,0.104
Blue Mountains,182.5,15.0,-0.036
Canadian Rockies,182.5,15.0,0.11
Cascades,182.5,15.0,0.062
Central Basin and Range,182.5,15.0,-0.034
Columbia Mountains/Northern Rockies,182.5,15.0,0.086
Eastern Cascades Slopes and Foothills,182.5,15.0,0.042
Idaho Batholith,182.5,15.0,0.085
Klamath Mountains,182.5,15.0,0.34
Middle Rockies,182.5,15.0,0.056
North Cascades,182.5,15.0,0.09
Northern Basin and Range,182.5,15.0,0.023
Sierra Nevada,182.5,15.0,0.323
Southern Rockies,182.5,15.0,0.059
Wasatch and Uinta Mountains,182.5,15.0,0.101
