eco_region,lon,lat,rho
Arizona/New Mexico Mountains,255.0,2.5,0.112
Blue Mountains,255.0,2.5,0.018
Canadian Rockies,255.0,2.5,0.071
Cascades,255.0,2.5,0.212
Central Basin and Range,255.0,2.5,0.189
Columbia Mountains/Northern Rockies,255.0,2.5,0.098
Eastern Cascades Slopes and Foothills,255.0,2.5,0.218
Idaho Batholith,255.0,2.5,0.115
Klamath Mountains,255.0,2.5,0.089
Middle Rockies,255.0,2.5,0.018
North Cascades,255.0,2.5,0.206
Northern Basin and Range,255.0,2.5,0.085
Sierra Nevada,255.0,2.5,0.077
Southern Rockies,255.0,2.5,0.034
Wasatch and Uinta Mountains,255.0,2.5,-0.027
