eco_region,lon,lat,rho
Arizona/New Mexico Mountains,192.5,22.5,0.056
Blue Mountains,192.5,22.5,0.028
Canadian Rockies,192.5,22.5,0.165
Cascades,192.5,22.5,0.181
Central Basin and Range,192.5,22.5,0.16
Columbia Mountains/Northern Rockies,192.5,22.5,-0.011
Eastern Cascades Slopes and Foothills,192.5,22.5,0.159
Idaho Batholith,192.5,22.5,0.023
Klamath Mountains,192.5,22.5,0.153
Middle Rockies,192.5,22.5,0.246
North Cascades,192.5,22.5,0.212
Northern Basin and Range,192.5,22.5,0.151
Sierra Nevada,192.5,22.5,0.071
Southern Rockies,192.5,22.5,0.106
Wasatch and Uinta Mountains,192.5,22.5,0.165
