eco_region,lon,lat,rho
Arizona/New Mexico Mountains,182.5,15.0,0.13
Blue Mountains,182.5,15.0,0.057
Canadian Rockies,182.5,15.0,0.146
Cascades,182.5,15.0,0.027
Central Basin and Range,182.5,15.0,-0.027
Columbia Mountains/Northern Rockies,182.5,15.0,0.045
Eastern Cascades Slopes and Foothills,182.5,15.0,-0.024
Idaho Batholith,182.5,15.0,0.004
Klamath Mountains,182.5,15.0,0.293
Middle Rockies,182.5,15.0,0.057
North Cascades,182.5,15.0,0.112
Northern Basin and Range,182.5,15.0,0.007
Sierra Nevada,182.5,15.0,0.104
Southern Rockies,182.5,15.0,0.014
Wasatch and Uinta Mountains,182.5,15.0,0.004
