eco_region,lon,lat,rho
Arizona/New Mexico Mountains,182.5,10.0,0.1
Blue Mountains,182.5,10.0,0.07
Canadian Rockies,182.5,10.0,0.132
Cascades,182.5,10.0,0.061
Central Basin and Range,182.5,10.0,0.087
Columbia Mountains/Northern Rockies,182.5,10.0,0.048
Eastern Cascades Slopes and Foothills,182.5,10.0,0.07
Idaho Batholith,182.5,10.0,-0.06
Klamath Mountains,182.5,10.0,0.301
Middle Rockies,182.5,10.0,0.051
North Cascades,182.5,10.0,-0.037
Northern Basin and Range,182.5,10.0,-0.031
Sierra Nevada,182.5,10.0,0.088
Southern Rockies,182.5,10.0,0.177
Wasatch and Uinta Mountains,182.5,10.0,0.044
