eco_region,lon,lat,rho
Arizona/New Mexico Mountains,225.0,40.0,-0.013
Blue Mountains,225.0,40.0,0.012
Canadian Rockies,225.0,40.0,-0.044
Cascades,225.0,40.0,0.097
Central Basin and Range,225.0,40.0,-0.106
Columbia Mountains/Northern Rockies,225.0,40.0,0.015
Eastern Cascades Slopes and Foothills,225.0,40.0,-0.117
Idaho Batholith,225.0,40.0,-0.027
Klamath Mountains,225.0,40.0,0.08
Middle Rockies,225.0,40.0,-0.068
North Cascades,225.0,40.0,-0.089
Northern Basin and Range,225.0,40.0,0.03
Sierra Nevada,225.0,40.0,0.079
Southern Rockies,225.0,40.0,0.063
Wasatch and Uinta Mountains,225.0,40.0,-0.129
