eco_region,lon,lat,rho
Arizona/New Mexico Mountains,217.5,-17.5,0.079
Blue Mountains,217.5,-17.5,0.006
Canadian Rockies,217.5,-17.5,0.223
Cascades,217.5,-17.5,0.117
Central Basin and Range,217.5,-17.5,0.001
Columbia Mountains/Northern Rockies,217.5,-17.5,0.03
Eastern Cascades Slopes and Foothills,217.5,-17.5,0.044
Idaho Batholith,217.5,-17.5,0.266
Klamath Mountains,217.5,-17.5,-0.009
Middle Rockies,217.5,-17.5,0.274
North Cascades,217.5,-17.5,0.01
Northern Basin and Range,217.5,-17.5,0.045
Sierra Nevada,217.5,-17.5,0.004
Southern Rockies,217.5,-17.5,0.072
Wasatch and Uinta Mountains,217.5,-17.5,0.112
