eco_region,lon,lat,rho
Arizona/New Mexico Mountains,240.0,20.0,-0.002
Blue Mountains,240.0,20.0,0.003
Canadian Rockies,240.0,20.0,0.129
Cascades,240.0,20.0,0.074
Central Basin and Range,240.0,20.0,-0.036
Columbia Mountains/Northern Rockies,240.0,20.0,0.144
Eastern Cascades Slopes and Foothills,240.0,20.0,0.209
Idaho Batholith,240.0,20.0,0.143
Klamath Mountains,240.0,20.0,0.244
Middle Rockies,240.0,20.0,0.107
North Cascades,240.0,20.0,0.176
Northern Basin and Range,240.0,20.0,0.042
Sierra Nevada,240.0,20.0,0.128
Southern Rockies,240.0,20.0,0.122
Wasatch and Uinta Mountains,240.0,20.0,0.08
