eco_region,lon,lat,rho
Arizona/New Mexico Mountains,202.5,37.5,0.064
Blue Mountains,202.5,37.5,-0.017
Canadian Rockies,202.5,37.5,-0.045
Cascades,202.5,37.5,0.064
Central Basin and Range,202.5,37.5,0.019
Columbia Mountains/Northern Rockies,202.5,37.5,0.055
Eastern Cascades Slopes and Foothills,202.5,37.5,-0.071
Idaho Batholith,202.5,37.5,0.055
Klamath Mountains,202.5,37.5,0.064
Middle Rockies,202.5,37.5,-0.045
North Cascades,202.5,37.5,0.01
Northern Basin and Range,202.5,37.5,-0.053
Sierra Nevada,202.5,37.5,0.038
Southern Rockies,202.5,37.5,0.14
Wasatch and Uinta Mountains,202.5,37.5,-0.013
