eco_region,lon,lat,rho
Arizona/New Mexico Mountains,182.5,10.0,0.068
Blue Mountains,182.5,10.0,0.277
Canadian Rockies,182.5,10.0,0.291
Cascades,182.5,10.0,0.269
Central Basin and Range,182.5,10.0,0.268
Columbia Mountains/Northern Rockies,182.5,10.0,0.26
Eastern Cascades Slopes and Foothills,182.5,10.0,0.39
Idaho Batholith,182.5,10.0,0.27
Klamath Mountains,182.5,10.0,0.399
Middle Rockies,182.5,10.0,0.017
North Cascades,182.5,10.0,-0.037
Northern Basin and Range,182.5,10.0,0.016
Sierra Nevada,182.5,10.0,0.3
Southern Rockies,182.5,10.0,0.221
Wasatch and Uinta Mountains,182.5,10.0,0.045
