eco_region,lon,lat,rho
Arizona/New Mexico Mountains,247.5,45.0,-0.144
Blue Mountains,247.5,45.0,-0.011
Canadian Rockies,247.5,45.0,0.193
Cascades,247.5,45.0,-0.038
Central Basin and Range,247.5,45.0,0.062
Columbia Mountains/Northern Rockies,247.5,45.0,0.202
Eastern Cascades Slopes and Foothills,247.5,45.0,0.068
Idaho Batholith,247.5,45.0,0.289
Klamath Mountains,247.5,45.0,-0.027
Middle Rockies,247.5,45.0,0.276
North Cascades,247.5,45.0,0.025
Northern Basin and Range,247.5,45.0,0.011
Sierra Nevada,247.5,45.0,0.119
Southern Rockies,247.5,45.0,0.171
Wasatch and Uinta Mountains,247.5,45.0,0.071
