eco_region,lon,lat,rho
Arizona/New Mexico Mountains,265.0,-10.0,0.155
Blue Mountains,265.0,-10.0,0.216
Canadian Rockies,265.0,-10.0,-0.017
Cascades,265.0,-10.0,0.292
Central Basin and Range,265.0,-10.0,0.176
Columbia Mountains/Northern Rockies,265.0,-10.0,-0.0
Eastern Cascades Slopes and Foothills,265.0,-10.0,0.203
Idaho Batholith,265.0,-10.0,-0.005
Klamath Mountains,265.0,-10.0,0.006
Middle Rockies,265.0,-10.0,0.187
North Cascades,265.0,-10.0,0.038
Northern Basin and Range,265.0,-10.0,0.171
Sierra Nevada,265.0,-10.0,0.126
Southern Rockies,265.0,-10.0,-0.052
Wasatch and Uinta Mountains,265.0,-10.0,-0.022
