eco_region,lon,lat,rho
Arizona/New Mexico Mountains,187.5,5.0,-0.024
Blue Mountains,187.5,5.0,0.069
Canadian Rockies,187.5,5.0,0.022
Cascades,187.5,5.0,0.121
Central Basin and Range,187.5,5.0,0.14
Columbia Mountains/Northern Rockies,187.5,5.0,-0.014
Eastern Cascades Slopes and Foothills,187.5,5.0,0.108
Idaho Batholith,187.5,5.0,-0.037
Klamath Mountains,187.5,5.0,0.272
Middle Rockies,187.5,5.0,0.04
North Cascades,187.5,5.0,0.092
Northern Basin and Range,187.5,5.0,0.104
Sierra Nevada,187.5,5.0,0.058
Southern Rockies,187.5,5.0,0.144
Wasatch and Uinta Mountains,187.5,5.0,0.007
