eco_region,lon,lat,rho
Arizona/New Mexico Mountains,257.5,45.0,-0.072
Blue Mountains,257.5,45.0,-0.094
Canadian Rockies,257.5,45.0,-0.078
Cascades,257.5,45.0,0.035
Central Basin and Range,257.5,45.0,0.052
Columbia Mountains/Northern Rockies,257.5,45.0,0.145
Eastern Cascades Slopes and Foothills,257.5,45.0,-0.071
Idaho Batholith,257.5,45.0,0.04
Klamath Mountains,257.5,45.0,-0.004
Middle Rockies,257.5,45.0,0.091
North Cascades,257.5,45.0,0.179
Northern Basin and Range,257.5,45.0,-0.152
Sierra Nevada,257.5,45.0,0.016
Southern Rockies,257.5,45.0,-0.064
Wasatch and Uinta Mountains,257.5,45.0,0.057
