eco_region,lon,lat,rho
Arizona/New Mexico Mountains,267.5,55.0,0.007
Blue Mountains,267.5,55.0,-0.19
Canadian Rockies,267.5,55.0,0.0
Cascades,267.5,55.0,-0.094
Central Basin and Range,267.5,55.0,-0.197
Columbia Mountains/Northern Rockies,267.5,55.0,0.029
Eastern Cascades Slopes and Foothills,267.5,55.0,-0.009
Idaho Batholith,267.5,55.0,-0.018
Klamath Mountains,267.5,55.0,-0.09
Middle Rockies,267.5,55.0,-0.125
North Cascades,267.5,55.0,-0.018
Northern Basin and Range,267.5,55.0,-0.002
Sierra Nevada,267.5,55.0,-0.003
Southern Rockies,267.5,55.0,0.031
Wasatch and Uinta Mountains,267.5,55.0,-0.094
