eco_region,lon,lat,rho
Arizona/New Mexico Mountains,247.5,15.0,0.1
Blue Mountains,247.5,15.0,0.011
Canadian Rockies,247.5,15.0,-0.086
Cascades,247.5,15.0,0.142
Central Basin and Range,247.5,15.0,0.174
Columbia Mountains/Northern Rockies,247.5,15.0,0.085
Eastern Cascades Slopes and Foothills,247.5,15.0,0.165
Idaho Batholith,247.5,15.0,0.035
Klamath Mountains,247.5,15.0,0.104
Middle Rockies,247.5,15.0,-0.048
North Cascades,247.5,15.0,0.047
Northern Basin and Range,247.5,15.0,0.021
Sierra Nevada,247.5,15.0,0.049
Southern Rockies,247.5,15.0,0.019
Wasatch and Uinta Mountains,247.5,15.0,-0.011
