eco_region,lon,lat,rho
Arizona/New Mexico Mountains,240.0,2.5,0.224
Blue Mountains,240.0,2.5,0.243
Canadian Rockies,240.0,2.5,0.287
Cascades,240.0,2.5,0.368
Central Basin and Range,240.0,2.5,0.357
Columbia Mountains/Northern Rockies,240.0,2.5,0.336
Eastern Cascades Slopes and Foothills,240.0,2.5,0.182
Idaho Batholith,240.0,2.5,0.226
Klamath Mountains,240.0,2.5,0.374
Middle Rockies,240.0,2.5,0.321
North Cascades,240.0,2.5,0.149
Northern Basin and Range,240.0,2.5,0.142
Sierra Nevada,240.0,2.5,0.201
Southern Rockies,240.0,2.5,0.339
Wasatch and Uinta Mountains,240.0,2.5,0.04
