eco_region,lon,lat,rho
Arizona/New Mexico Mountains,192.5,60.0,0.027
Blue Mountains,192.5,60.0,-0.028
Canadian Rockies,192.5,60.0,0.172
Cascades,192.5,60.0,-0.001
Central Basin and Range,192.5,60.0,-0.056
Columbia Mountains/Northern Rockies,192.5,60.0,0.159
Eastern Cascades Slopes and Foothills,192.5,60.0,-0.143
Idaho Batholith,192.5,60.0,0.064
Klamath Mountains,192.5,60.0,0.124
Middle Rockies,192.5,60.0,0.039
North Cascades,192.5,60.0,0.133
Northern Basin and Range,192.5,60.0,-0.012
Sierra Nevada,192.5,60.0,-0.047
Southern Rockies,192.5,60.0,0.065
Wasatch and Uinta Mountains,192.5,60.0,-0.08
