eco_region,lon,lat,rho
Arizona/New Mexico Mountains,180.0,7.5,0.006
Blue Mountains,180.0,7.5,0.08
Canadian Rockies,180.0,7.5,0.123
Cascades,180.0,7.5,0.041
Central Basin and Range,180.0,7.5,0.108
Columbia Mountains/Northern Rockies,180.0,7.5,0.053
Eastern Cascades Slopes and Foothills,180.0,7.5,0.079
Idaho Batholith,180.0,7.5,-0.037
Klamath Mountains,180.0,7.5,0.278
Middle Rockies,180.0,7.5,0.031
North Cascades,180.0,7.5,0.129
Northern Basin and Range,180.0,7.5,0.098
Sierra Nevada,180.0,7.5,0.098
Southern Rockies,180.0,7.5,0.158
Wasatch and Uinta Mountains,180.0,7.5,0.04
