eco_region,lon,lat,rho
Arizona/New Mexico Mountains,190.0,25.0,0.015
Blue Mountains,190.0,25.0,0.046
Canadian Rockies,190.0,25.0,0.092
Cascades,190.0,25.0,0.126
Central Basin and Range,190.0,25.0,0.104
Columbia Mountains/Northern Rockies,190.0,25.0,-0.002
Eastern Cascades Slopes and Foothills,190.0,25.0,0.085
Idaho Batholith,190.0,25.0,0.022
Klamath Mountains,190.0,25.0,0.103
Middle Rockies,190.0,25.0,0.199
North Cascades,190.0,25.0,0.142
Northern Basin and Range,190.0,25.0,0.112
Sierra Nevada,190.0,25.0,0.043
Southern Rockies,190.0,25.0,0.111
Wasatch and Uinta Mountains,190.0,25.0,0.127
