eco_region,lon,lat,rho
Arizona/New Mexico Mountains,195.0,55.0,0.137
Blue Mountains,195.0,55.0,0.15
Canadian Rockies,195.0,55.0,0.228
Cascades,195.0,55.0,0.099
Central Basin and Range,195.0,55.0,0.157
Columbia Mountains/Northern Rockies,195.0,55.0,0.227
Eastern Cascades Slopes and Foothills,195.0,55.0,0.117
Idaho Batholith,195.0,55.0,-0.003
Klamath Mountains,195.0,55.0,0.001
Middle Rockies,195.0,55.0,0.053
North Cascades,195.0,55.0,0.025
Northern Basin and Range,195.0,55.0,0.067
Sierra Nevada,195.0,55.0,0.093
Southern Rockies,195.0,55.0,0.186
Wasatch and Uinta Mountains,195.0,55.0,-0.052
