eco_region,lon,lat,rho
Arizona/New Mexico Mountains,230.0,-10.0,0.23
Blue Mountains,230.0,-10.0,0.251
Canadian Rockies,230.0,-10.0,0.159
Cascades,230.0,-10.0,0.343
Central Basin and Range,230.0,-10.0,0.355
Columbia Mountains/Northern Rockies,230.0,-10.0,0.312
Eastern Cascades Slopes and Foothills,230.0,-10.0,0.29
Idaho Batholith,230.0,-10.0,0.122
Klamath Mountains,230.0,-10.0,0.339
Middle Rockies,230.0,-10.0,0.306
North Cascades,230.0,-10.0,0.151
Northern Basin and Range,230.0,-10.0,0.107
Sierra Nevada,230.0,-10.0,0.181
Southern Rockies,230.0,-10.0,0.159
Wasatch and Uinta Mountains,230.0,-10.0,-0.019
