eco_region,lon,lat,rho
Arizona/New Mexico Mountains,237.5,-5.0,0.082
Blue Mountains,237.5,-5.0,0.232
Canadian Rockies,237.5,-5.0,0.356
Cascades,237.5,-5.0,0.35
Central Basin and Range,237.5,-5.0,0.352
Columbia Mountains/Northern Rockies,237.5,-5.0,0.305
Eastern Cascades Slopes and Foothills,237.5,-5.0,0.167
Idaho Batholith,237.5,-5.0,0.264
Klamath Mountains,237.5,-5.0,0.345
Middle Rockies,237.5,-5.0,0.333
North Cascades,237.5,-5.0,0.159
Northern Basin and Range,237.5,-5.0,0.129
Sierra Nevada,237.5,-5.0,0.162
Southern Rockies,237.5,-5.0,0.125
Wasatch and Uinta Mountains,237.5,-5.0,0.122
