eco_region,lon,lat,rho
Arizona/New Mexico Mountains,190.0,7.5,0.018
Blue Mountains,190.0,7.5,0.227
Canadian Rockies,190.0,7.5,0.252
Cascades,190.0,7.5,0.308
Central Basin and Range,190.0,7.5,0.271
Columbia Mountains/Northern Rockies,190.0,7.5,0.268
Eastern Cascades Slopes and Foothills,190.0,7.5,0.323
Idaho Batholith,190.0,7.5,0.297
Klamath Mountains,190.0,7.5,0.376
Middle Rockies,190.0,7.5,0.047
North Cascades,190.0,7.5,0.074
Northern Basin and Range,190.0,7.5,0.285
Sierra Nevada,190.0,7.5,0.319
Southern Rockies,190.0,7.5,0.265
Wasatch and Uinta Mountains,190.0,7.5,-0.1
