eco_region,lon,lat,rho
Arizona/New Mexico Mountains,270.0,25.0,0.048
Blue Mountains,270.0,25.0,0.097
Canadian Rockies,270.0,25.0,0.067
Cascades,270.0,25.0,0.127
Central Basin and Range,270.0,25.0,0.223
Columbia Mountains/Northern Rockies,270.0,25.0,0.074
Eastern Cascades Slopes and Foothills,270.0,25.0,0.155
Idaho Batholith,270.0,25.0,0.169
Klamath Mountains,270.0,25.0,0.024
Middle Rockies,270.0,25.0,0.062
North Cascades,270.0,25.0,0.007
Northern Basin and Range,270.0,25.0,0.126
Sierra Nevada,270.0,25.0,0.039
Southern Rockies,270.0,25.0,0.056
Wasatch and Uinta Mountains,270.0,25.0,0.019
