eco_region,lon,lat,rho
Arizona/New Mexico Mountains,197.5,0.0,0.067
Blue Mountains,197.5,0.0,-0.038
Canadian Rockies,197.5,0.0,0.051
Cascades,197.5,0.0,0.137
Central Basin and Range,197.5,0.0,0.024
Columbia Mountains/Northern Rockies,197.5,0.0,-0.073
Eastern Cascades Slopes and Foothills,197.5,0.0,-0.006
Idaho Batholith,197.5,0.0,0.023
Klamath Mountains,197.5,0.0,0.201
Middle Rockies,197.5,0.0,0.055
North Cascades,197.5,0.0,-0.003
Northern Basin and Range,197.5,0.0,-0.037
Sierra Nevada,197.5,0.0,-0.014
Southern Rockies,197.5,0.0,0.178
Wasatch and Uinta Mountains,197.5,0.0,-0.04
