eco_region,lon,lat,rho
Arizona/New Mexico Mountains,242.5,17.5,0.092
Blue Mountains,242.5,17.5,-0.036
Canadian Rockies,242.5,17.5,0.165
Cascades,242.5,17.5,0.168
Central Basin and Range,242.5,17.5,0.103
Columbia Mountains/Northern Rockies,242.5,17.5,0.17
Eastern Cascades Slopes and Foothills,242.5,17.5,0.228
Idaho Batholith,242.5,17.5,0.123
Klamath Mountains,242.5,17.5,0.169
Middle Rockies,242.5,17.5,0.053
North Cascades,242.5,17.5,0.213
Northern Basin and Range,242.5,17.5,0.116
Sierra Nevada,242.5,17.5,0.104
Southern Rockies,242.5,17.5,0.075
Wasatch and Uinta Mountains,242.5,17.5,0.033
