eco_region,lon,lat,rho
Arizona/New Mexico Mountains,267.5,32.5,0.058
Blue Mountains,267.5,32.5,0.015
Canadian Rockies,267.5,32.5,-0.113
Cascades,267.5,32.5,0.048
Central Basin and Range,267.5,32.5,0.08
Columbia Mountains/Northern Rockies,267.5,32.5,0.073
Eastern Cascades Slopes and Foothills,267.5,32.5,0.039
Idaho Batholith,267.5,32.5,0.074
Klamath Mountains,267.5,32.5,0.184
Middle Rockies,267.5,32.5,0.036
North Cascades,267.5,32.5,0.038
Northern Basin and Range,267.5,32.5,0.162
Sierra Nevada,267.5,32.5,0.058
Southern Rockies,267.5,32.5,0.071
Wasatch and Uinta Mountains,267.5,32.5,0.029
