eco_region,lon,lat,rho
Arizona/New Mexico Mountains,247.5,22.5,0.106
Blue Mountains,247.5,22.5,0.022
Canadian Rockies,247.5,22.5,-0.078
Cascades,247.5,22.5,0.122
Central Basin and Range,247.5,22.5,0.182
Columbia Mountains/Northern Rockies,247.5,22.5,0.041
Eastern Cascades Slopes and Foothills,247.5,22.5,-0.1
Idaho Batholith,247.5,22.5,-0.026
Klamath Mountains,247.5,22.5,0.144
Middle Rockies,247.5,22.5,0.045
North Cascades,247.5,22.5,-0.032
Northern Basin and Range,247.5,22.5,0.012
Sierra Nevada,247.5,22.5,0.134
Southern Rockies,247.5,22.5,0.027
Wasatch and Uinta Mountains,247.5,22.5,-0.055
