eco_region,lon,lat,rho
Arizona/New Mexico Mountains,230.0,35.0,0.002
Blue Mountains,230.0,35.0,-0.009
Canadian Rockies,230.0,35.0,-0.094
Cascades,230.0,35.0,0.104
Central Basin and Range,230.0,35.0,-0.096
Columbia Mountains/Northern Rockies,230.0,35.0,0.016
Eastern Cascades Slopes and Foothills,230.0,35.0,0.045
Idaho Batholith,230.0,35.0,-0.018
Klamath Mountains,230.0,35.0,0.046
Middle Rockies,230.0,35.0,-0.01
North Cascades,230.0,35.0,0.029
Northern Basin and Range,230.0,35.0,-0.036
Sierra Nevada,230.0,35.0,0.094
Southern Rockies,230.0,35.0,0.015
Wasatch and Uinta Mountains,230.0,35.0,-0.118
