eco_region,lon,lat,rho
Arizona/New Mexico Mountains,197.5,32.5,0.019
Blue Mountains,197.5,32.5,-0.054
Canadian Rockies,197.5,32.5,-0.122
Cascades,197.5,32.5,0.005
Central Basin and Range,197.5,32.5,0.054
Columbia Mountains/Northern Rockies,197.5,32.5,0.105
Eastern Cascades Slopes and Foothills,197.5,32.5,0.106
Idaho Batholith,197.5,32.5,-0.042
Klamath Mountains,197.5,32.5,0.044
Middle Rockies,197.5,32.5,-0.114
North Cascades,197.5,32.5,0.036
Northern Basin and Range,197.5,32.5,0.003
Sierra Nevada,197.5,32.5,0.002
Southern Rockies,197.5,32.5,0.045
Wasatch and Uinta Mountains,197.5,32.5,-0.047
