eco_region,lon,lat,rho
Arizona/New Mexico Mountains,182.5,37.5,0.043
Blue Mountains,182.5,37.5,0.079
Canadian Rockies,182.5,37.5,0.057
Cascades,182.5,37.5,0.001
Central Basin and Range,182.5,37.5,0.1
Columbia Mountains/Northern Rockies,182.5,37.5,0.096
Eastern Cascades Slopes and Foothills,182.5,37.5,-0.0
Idaho Batholith,182.5,37.5,0.095
Klamath Mountains,182.5,37.5,0.118
Middle Rockies,182.5,37.5,-0.021
North Cascades,182.5,37.5,0.156
Northern Basin and Range,182.5,37.5,-0.147
Sierra Nevada,182.5,37.5,0.036
Southern Rockies,182.5,37.5,0.127
Wasatch and Uinta Mountains,182.5,37.5,0.027
