eco_region,lon,lat,rho
Arizona/New Mexico Mountains,237.5,22.5,0.201
Blue Mountains,237.5,22.5,0.1
Canadian Rockies,237.5,22.5,0.129
Cascades,237.5,22.5,0.236
Central Basin and Range,237.5,22.5,0.276
Columbia Mountains/Northern Rockies,237.5,22.5,0.153
Eastern Cascades Slopes and Foothills,237.5,22.5,0.1
Idaho Batholith,237.5,22.5,0.121
Klamath Mountains,237.5,22.5,0.216
Middle Rockies,237.5,22.5,0.172
North Cascades,237.5,22.5,0.213
Northern Basin and Range,237.5,22.5,0.175
Sierra Nevada,237.5,22.5,0.146
Southern Rockies,237.5,22.5,0.082
Wasatch and Uinta Mountains,237.5,22.5,0.228
