eco_region,lon,lat,rho
Arizona/New Mexico Mountains,265.0,52.5,0.016
Blue Mountains,265.0,52.5,-0.043
Canadian Rockies,265.0,52.5,0.06
Cascades,265.0,52.5,0.061
Central Basin and Range,265.0,52.5,-0.095
Columbia Mountains/Northern Rockies,265.0,52.5,-0.008
Eastern Cascades Slopes and Foothills,265.0,52.5,0.091
Idaho Batholith,265.0,52.5,0.01
Klamath Mountains,265.0,52.5,0.025
Middle Rockies,265.0,52.5,0.017
North Cascades,265.0,52.5,0.049
Northern Basin and Range,265.0,52.5,-0.003
Sierra Nevada,265.0,52.5,-0.055
Southern Rockies,265.0,52.5,0.011
Wasatch and Uinta Mountains,265.0,52.5,0.023
