eco_region,lon,lat,rho
Arizona/New Mexico Mountains,210.0,10.0,0.204
Blue Mountains,210.0,10.0,0.248
Canadian Rockies,210.0,10.0,0.075
Cascades,210.0,10.0,0.341
Central Basin and Range,210.0,10.0,0.31
Columbia Mountains/Northern Rockies,210.0,10.0,0.257
Eastern Cascades Slopes and Foothills,210.0,10.0,0.32
Idaho Batholith,210.0,10.0,0.228
Klamath Mountains,210.0,10.0,0.34
Middle Rockies,210.0,10.0,0.312
North Cascades,210.0,10.0,0.074
Northern Basin and Range,210.0,10.0,0.219
Sierra Nevada,210.0,10.0,0.261
Southern Rockies,210.0,10.0,0.402
Wasatch and Uinta Mountains,210.0,10.0,0.035
