eco_region,lon,lat,rho
Arizona/New Mexico Mountains,220.0,15.0,0.169
Blue Mountains,220.0,15.0,0.314
Canadian Rockies,220.0,15.0,0.359
Cascades,220.0,15.0,0.393
Central Basin and Range,220.0,15.0,0.357
Columbia Mountains/Northern Rockies,220.0,15.0,0.404
Eastern Cascades Slopes and Foothills,220.0,15.0,0.32
Idaho Batholith,220.0,15.0,0.308
Klamath Mountains,220.0,15.0,0.367
Middle Rockies,220.0,15.0,0.357
North Cascades,220.0,15.0,0.389
Northern Basin and Range,220.0,15.0,0.367
Sierra Nevada,220.0,15.0,0.454
Southern Rockies,220.0,15.0,0.41
Wasatch and Uinta Mountains,220.0,15.0,0.418
