eco_region,lon,lat,rho
Arizona/New Mexico Mountains,235.0,47.5,0.047
Blue Mountains,235.0,47.5,0.043
Canadian Rockies,235.0,47.5,0.122
Cascades,235.0,47.5,0.102
Central Basin and Range,235.0,47.5,0.031
Columbia Mountains/Northern Rockies,235.0,47.5,0.052
Eastern Cascades Slopes and Foothills,235.0,47.5,0.082
Idaho Batholith,235.0,47.5,0.06
Klamath Mountains,235.0,47.5,0.064
Middle Rockies,235.0,47.5,0.12
North Cascades,235.0,47.5,0.156
Northern Basin and Range,235.0,47.5,0.023
Sierra Nevada,235.0,47.5,0.166
Southern Rockies,235.0,47.5,0.087
Wasatch and Uinta Mountains,235.0,47.5,0.083
