eco_region,lon,lat,rho
Arizona/New Mexico Mountains,275.0,22.5,0.051
Blue Mountains,275.0,22.5,0.03
Canadian Rockies,275.0,22.5,0.058
Cascades,275.0,22.5,0.096
Central Basin and Range,275.0,22.5,0.164
Columbia Mountains/Northern Rockies,275.0,22.5,0.048
Eastern Cascades Slopes and Foothills,275.0,22.5,0.162
Idaho Batholith,275.0,22.5,0.229
Klamath Mountains,275.0,22.5,0.155
Middle Rockies,275.0,22.5,0.126
North Cascades,275.0,22.5,0.062
Northern Basin and Range,275.0,22.5,0.158
Sierra Nevada,275.0,22.5,0.186
Southern Rockies,275.0,22.5,0.153
Wasatch and Uinta Mountains,275.0,22.5,0.011
