eco_region,lon,lat,rho
Arizona/New Mexico Mountains,202.5,-10.0,0.097
Blue Mountains,202.5,-10.0,0.282
Canadian Rockies,202.5,-10.0,0.274
Cascades,202.5,-10.0,0.32
Central Basin and Range,202.5,-10.0,0.147
Columbia Mountains/Northern Rockies,202.5,-10.0,0.354
Eastern Cascades Slopes and Foothills,202.5,-10.0,0.134
Idaho Batholith,202.5,-10.0,0.243
Klamath Mountains,202.5,-10.0,0.258
Middle Rockies,202.5,-10.0,0.148
North Cascades,202.5,-10.0,0.331
Northern Basin and Range,202.5,-10.0,0.13
Sierra Nevada,202.5,-10.0,0.163
Southern Rockies,202.5,-10.0,0.4
Wasatch and Uinta Mountains,202.5,-10.0,0.226
