eco_region,lon,lat,rho
Arizona/New Mexico Mountains,232.5,57.5,-0.103
Blue Mountains,232.5,57.5,-0.043
Canadian Rockies,232.5,57.5,-0.046
Cascades,232.5,57.5,0.043
Central Basin and Range,232.5,57.5,0.051
Columbia Mountains/Northern Rockies,232.5,57.5,-0.038
Eastern Cascades Slopes and Foothills,232.5,57.5,0.05
Idaho Batholith,232.5,57.5,-0.016
Klamath Mountains,232.5,57.5,0.019
Middle Rockies,232.5,57.5,0.08
North Cascades,232.5,57.5,-0.006
Northern Basin and Range,232.5,57.5,-0.15
Sierra Nevada,232.5,57.5,0.119
Southern Rockies,232.5,57.5,-0.01
Wasatch and Uinta Mountains,232.5,57.5,0.036
