eco_region,lon,lat,rho
Arizona/New Mexico Mountains,280.0,17.5,0.059
Blue Mountains,280.0,17.5,0.129
Canadian Rockies,280.0,17.5,0.01
Cascades,280.0,17.5,0.182
Central Basin and Range,280.0,17.5,0.201
Columbia Mountains/Northern Rockies,280.0,17.5,0.005
Eastern Cascades Slopes and Foothills,280.0,17.5,0.224
Idaho Batholith,280.0,17.5,0.182
Klamath Mountains,280.0,17.5,0.179
Middle Rockies,280.0,17.5,-0.007
North Cascades,280.0,17.5,0.051
Northern Basin and Range,280.0,17.5,0.112
Sierra Nevada,280.0,17.5,0.056
Southern Rockies,280.0,17.5,0.008
Wasatch and Uinta Mountains,280.0,17.5,0.054
