eco_region,lon,lat,rho
Arizona/New Mexico Mountains,192.5,-20.0,0.022
Blue Mountains,192.5,-20.0,0.106
Canadian Rockies,192.5,-20.0,0.118
Cascades,192.5,-20.0,0.04
Central Basin and Range,192.5,-20.0,0.117
Columbia Mountains/Northern Rockies,192.5,-20.0,0.048
Eastern Cascades Slopes and Foothills,192.5,-20.0,0.136
Idaho Batholith,192.5,-20.0,-0.007
Klamath Mountains,192.5,-20.0,0.2
Middle Rockies,192.5,-20.0,0.053
North Cascades,192.5,-20.0,-0.035
Northern Basin and Range,192.5,-20.0,0.087
Sierra Nevada,192.5,-20.0,0.047
Southern Rockies,192.5,-20.0,0.191
Wasatch and Uinta Mountains,192.5,-20.0,0.106
