eco_region,lon,lat,rho
Arizona/New Mexico Mountains,195.0,-17.5,0.07
Blue Mountains,195.0,-17.5,0.2
Canadian Rockies,195.0,-17.5,0.106
Cascades,195.0,-17.5,0.168
Central Basin and Range,195.0,-17.5,0.119
Columbia Mountains/Northern Rockies,195.0,-17.5,-0.08
Eastern Cascades Slopes and Foothills,195.0,-17.5,0.19
Idaho Batholith,195.0,-17.5,0.126
Klamath Mountains,195.0,-17.5,0.088
Middle Rockies,195.0,-17.5,0.071
North Cascades,195.0,-17.5,0.069
Northern Basin and Range,195.0,-17.5,0.096
Sierra Nevada,195.0,-17.5,-0.015
Southern Rockies,195.0,-17.5,0.029
Wasatch and Uinta Mountains,195.0,-17.5,0.147
