eco_region,lon,lat,rho
Arizona/New Mexico Mountains,237.5,27.5,0.122
Blue Mountains,237.5,27.5,0.13
Canadian Rockies,237.5,27.5,0.007
Cascades,237.5,27.5,0.187
Central Basin and Range,237.5,27.5,0.159
Columbia Mountains/Northern Rockies,237.5,27.5,-0.029
Eastern Cascades Slopes and Foothills,237.5,27.5,0.075
Idaho Batholith,237.5,27.5,0.07
Klamath Mountains,237.5,27.5,0.067
Middle Rockies,237.5,27.5,0.125
North Cascades,237.5,27.5,0.257
Northern Basin and Range,237.5,27.5,0.155
Sierra Nevada,237.5,27.5,0.061
Southern Rockies,237.5,27.5,0.152
Wasatch and Uinta Mountains,237.5,27.5,0.082
