eco_region,lon,lat,rho
Arizona/New Mexico Mountains,205.0,52.5,-0.003
Blue Mountains,205.0,52.5,0.119
Canadian Rockies,205.0,52.5,0.154
Cascades,205.0,52.5,0.234
Central Basin and Range,205.0,52.5,0.048
Columbia Mountains/Northern Rockies,205.0,52.5,0.124
Eastern Cascades Slopes and Foothills,205.0,52.5,0.061
Idaho Batholith,205.0,52.5,0.108
Klamath Mountains,205.0,52.5,0.054
Middle Rockies,205.0,52.5,0.125
North Cascades,205.0,52.5,0.004
Northern Basin and Range,205.0,52.5,0.059
Sierra Nevada,205.0,52.5,0.028
Southern Rockies,205.0,52.5,0.11
Wasatch and Uinta Mountains,205.0,52.5,-0.105
