eco_region,lon,lat,rho
Arizona/New Mexico Mountains,202.5,37.5,0.063
Blue Mountains,202.5,37.5,-0.016
Canadian Rockies,202.5,37.5,0.117
Cascades,202.5,37.5,0.065
Central Basin and Range,202.5,37.5,0.021
Columbia Mountains/Northern Rockies,202.5,37.5,0.095
Eastern Cascades Slopes and Foothills,202.5,37.5,-0.069
Idaho Batholith,202.5,37.5,0.03
Klamath Mountains,202.5,37.5,0.08
Middle Rockies,202.5,37.5,-0.005
North Cascades,202.5,37.5,0.095
Northern Basin and Range,202.5,37.5,-0.053
Sierra Nevada,202.5,37.5,-0.019
Southern Rockies,202.5,37.5,0.1
Wasatch and Uinta Mountains,202.5,37.5,0.129
