eco_region,lon,lat,rho
Arizona/New Mexico Mountains,260.0,-7.5,0.147
Blue Mountains,260.0,-7.5,0.18
Canadian Rockies,260.0,-7.5,0.338
Cascades,260.0,-7.5,0.292
Central Basin and Range,260.0,-7.5,0.307
Columbia Mountains/Northern Rockies,260.0,-7.5,0.08
Eastern Cascades Slopes and Foothills,260.0,-7.5,0.211
Idaho Batholith,260.0,-7.5,0.139
Klamath Mountains,260.0,-7.5,0.355
Middle Rockies,260.0,-7.5,0.156
North Cascades,260.0,-7.5,0.052
Northern Basin and Range,260.0,-7.5,0.257
Sierra Nevada,260.0,-7.5,0.063
Southern Rockies,260.0,-7.5,0.033
Wasatch and Uinta Mountains,260.0,-7.5,0.097
