eco_region,lon,lat,rho
Arizona/New Mexico Mountains,212.5,7.5,-0.03
Blue Mountains,212.5,7.5,-0.023
Canadian Rockies,212.5,7.5,-0.002
Cascades,212.5,7.5,0.23
Central Basin and Range,212.5,7.5,0.058
Columbia Mountains/Northern Rockies,212.5,7.5,0.028
Eastern Cascades Slopes and Foothills,212.5,7.5,0.038
Idaho Batholith,212.5,7.5,0.048
Klamath Mountains,212.5,7.5,0.209
Middle Rockies,212.5,7.5,0.046
North Cascades,212.5,7.5,0.03
Northern Basin and Range,212.5,7.5,0.029
Sierra Nevada,212.5,7.5,0.064
Southern Rockies,212.5,7.5,0.152
Wasatch and Uinta Mountains,212.5,7.5,-0.031
