eco_region,lon,lat,rho
Arizona/New Mexico Mountains,262.5,47.5,0.01
Blue Mountains,262.5,47.5,-0.039
Canadian Rockies,262.5,47.5,0.052
Cascades,262.5,47.5,0.127
Central Basin and Range,262.5,47.5,0.113
Columbia Mountains/Northern Rockies,262.5,47.5,0.012
Eastern Cascades Slopes and Foothills,262.5,47.5,0.043
Idaho Batholith,262.5,47.5,0.058
Klamath Mountains,262.5,47.5,0.062
Middle Rockies,262.5,47.5,-0.057
North Cascades,262.5,47.5,-0.001
Northern Basin and Range,262.5,47.5,-0.007
Sierra Nevada,262.5,47.5,-0.001
Southern Rockies,262.5,47.5,-0.029
Wasatch and Uinta Mountains,262.5,47.5,0.026
