eco_region,lon,lat,rho
Arizona/New Mexico Mountains,235.0,52.5,-0.027
Blue Mountains,235.0,52.5,-0.019
Canadian Rockies,235.0,52.5,0.023
Cascades,235.0,52.5,0.091
Central Basin and Range,235.0,52.5,-0.012
Columbia Mountains/Northern Rockies,235.0,52.5,0.147
Eastern Cascades Slopes and Foothills,235.0,52.5,0.064
Idaho Batholith,235.0,52.5,0.154
Klamath Mountains,235.0,52.5,0.122
Middle Rockies,235.0,52.5,0.038
North Cascades,235.0,52.5,0.014
Northern Basin and Range,235.0,52.5,-0.051
Sierra Nevada,235.0,52.5,0.088
Southern Rockies,235.0,52.5,0.053
Wasatch and Uinta Mountains,235.0,52.5,0.052
