eco_region,lon,lat,rho
Arizona/New Mexico Mountains,230.0,60.0,-0.128
Blue Mountains,230.0,60.0,-0.079
Canadian Rockies,230.0,60.0,0.179
Cascades,230.0,60.0,0.039
Central Basin and Range,230.0,60.0,-0.02
Columbia Mountains/Northern Rockies,230.0,60.0,-0.032
Eastern Cascades Slopes and Foothills,230.0,60.0,-0.153
Idaho Batholith,230.0,60.0,-0.025
Klamath Mountains,230.0,60.0,-0.062
Middle Rockies,230.0,60.0,-0.05
North Cascades,230.0,60.0,0.119
Northern Basin and Range,230.0,60.0,-0.008
Sierra Nevada,230.0,60.0,-0.032
Southern Rockies,230.0,60.0,0.04
Wasatch and Uinta Mountains,230.0,60.0,-0.038
