eco_region,lon,lat,rho
Arizona/New Mexico Mountains,235.0,-7.5,0.048
Blue Mountains,235.0,-7.5,0.049
Canadian Rockies,235.0,-7.5,0.019
Cascades,235.0,-7.5,0.181
Central Basin and Range,235.0,-7.5,0.11
Columbia Mountains/Northern Rockies,235.0,-7.5,0.088
Eastern Cascades Slopes and Foothills,235.0,-7.5,0.131
Idaho Batholith,235.0,-7.5,0.102
Klamath Mountains,235.0,-7.5,0.075
Middle Rockies,235.0,-7.5,0.142
North Cascades,235.0,-7.5,0.057
Northern Basin and Range,235.0,-7.5,0.024
Sierra Nevada,235.0,-7.5,0.097
Southern Rockies,235.0,-7.5,-0.087
Wasatch and Uinta Mountains,235.0,-7.5,-0.105
