eco_region,lon,lat,rho
Arizona/New Mexico Mountains,215.0,57.5,0.015
Blue Mountains,215.0,57.5,-0.038
Canadian Rockies,215.0,57.5,0.025
Cascades,215.0,57.5,-0.001
Central Basin and Range,215.0,57.5,0.012
Columbia Mountains/Northern Rockies,215.0,57.5,0.013
Eastern Cascades Slopes and Foothills,215.0,57.5,0.138
Idaho Batholith,215.0,57.5,0.034
Klamath Mountains,215.0,57.5,0.063
Middle Rockies,215.0,57.5,-0.008
North Cascades,215.0,57.5,-0.015
Northern Basin and Range,215.0,57.5,-0.065
Sierra Nevada,215.0,57.5,0.075
Southern Rockies,215.0,57.5,0.053
Wasatch and Uinta Mountains,215.0,57.5,0.095
