eco_region,lon,lat,rho
Arizona/New Mexico Mountains,242.5,40.0,0.011
Blue Mountains,242.5,40.0,-0.03
Canadian Rockies,242.5,40.0,0.055
Cascades,242.5,40.0,0.035
Central Basin and Range,242.5,40.0,0.003
Columbia Mountains/Northern Rockies,242.5,40.0,0.037
Eastern Cascades Slopes and Foothills,242.5,40.0,0.1
Idaho Batholith,242.5,40.0,0.058
Klamath Mountains,242.5,40.0,0.113
Middle Rockies,242.5,40.0,0.101
North Cascades,242.5,40.0,0.092
Northern Basin and Range,242.5,40.0,-0.029
Sierra Nevada,242.5,40.0,0.175
Southern Rockies,242.5,40.0,0.076
Wasatch and Uinta Mountains,242.5,40.0,0.026
