eco_region,lon,lat,rho
Arizona/New Mexico Mountains,230.0,2.5,0.087
Blue Mountains,230.0,2.5,0.242
Canadian Rockies,230.0,2.5,0.269
Cascades,230.0,2.5,0.302
Central Basin and Range,230.0,2.5,0.342
Columbia Mountains/Northern Rockies,230.0,2.5,0.313
Eastern Cascades Slopes and Foothills,230.0,2.5,0.192
Idaho Batholith,230.0,2.5,0.308
Klamath Mountains,230.0,2.5,0.26
Middle Rockies,230.0,2.5,0.344
North Cascades,230.0,2.5,0.065
Northern Basin and Range,230.0,2.5,0.291
Sierra Nevada,230.0,2.5,0.323
Southern Rockies,230.0,2.5,0.382
Wasatch and Uinta Mountains,230.0,2.5,0.031
