eco_region,lon,lat,rho
Arizona/New Mexico Mountains,197.5,-12.5,0.035
Blue Mountains,197.5,-12.5,0.196
Canadian Rockies,197.5,-12.5,0.146
Cascades,197.5,-12.5,0.274
Central Basin and Range,197.5,-12.5,0.112
Columbia Mountains/Northern Rockies,197.5,-12.5,0.219
Eastern Cascades Slopes and Foothills,197.5,-12.5,0.059
Idaho Batholith,197.5,-12.5,0.06
Klamath Mountains,197.5,-12.5,0.303
Middle Rockies,197.5,-12.5,0.073
North Cascades,197.5,-12.5,0.11
Northern Basin and Range,197.5,-12.5,0.088
Sierra Nevada,197.5,-12.5,0.094
Southern Rockies,197.5,-12.5,0.264
Wasatch and Uinta Mountains,197.5,-12.5,0.078
