eco_region,lon,lat,rho
Arizona/New Mexico Mountains,210.0,-20.0,0.204
Blue Mountains,210.0,-20.0,0.228
Canadian Rockies,210.0,-20.0,0.172
Cascades,210.0,-20.0,0.226
Central Basin and Range,210.0,-20.0,0.137
Columbia Mountains/Northern Rockies,210.0,-20.0,0.247
Eastern Cascades Slopes and Foothills,210.0,-20.0,0.201
Idaho Batholith,210.0,-20.0,0.158
Klamath Mountains,210.0,-20.0,0.133
Middle Rockies,210.0,-20.0,0.062
North Cascades,210.0,-20.0,0.215
Northern Basin and Range,210.0,-20.0,0.179
Sierra Nevada,210.0,-20.0,0.148
Southern Rockies,210.0,-20.0,0.211
Wasatch and Uinta Mountains,210.0,-20.0,0.105
