eco_region,lon,lat,rho
Arizona/New Mexico Mountains,190.0,-7.5,-0.007
Blue Mountains,190.0,-7.5,0.178
Canadian Rockies,190.0,-7.5,0.032
Cascades,190.0,-7.5,0.236
Central Basin and Range,190.0,-7.5,0.202
Columbia Mountains/Northern Rockies,190.0,-7.5,0.125
Eastern Cascades Slopes and Foothills,190.0,-7.5,0.179
Idaho Batholith,190.0,-7.5,0.016
Klamath Mountains,190.0,-7.5,0.283
Middle Rockies,190.0,-7.5,0.034
North Cascades,190.0,-7.5,0.08
Northern Basin and Range,190.0,-7.5,0.075
Sierra Nevada,190.0,-7.5,0.227
Southern Rockies,190.0,-7.5,0.302
Wasatch and Uinta Mountains,190.0,-7.5,0.084
