eco_region,lon,lat,rho
Arizona/New Mexico Mountains,247.5,10.0,0.248
Blue Mountains,247.5,10.0,0.107
Canadian Rockies,247.5,10.0,0.119
Cascades,247.5,10.0,0.355
Central Basin and Range,247.5,10.0,0.239
Columbia Mountains/Northern Rockies,247.5,10.0,0.127
Eastern Cascades Slopes and Foothills,247.5,10.0,0.358
Idaho Batholith,247.5,10.0,0.139
Klamath Mountains,247.5,10.0,0.376
Middle Rockies,247.5,10.0,0.146
North Cascades,247.5,10.0,0.283
Northern Basin and Range,247.5,10.0,0.103
Sierra Nevada,247.5,10.0,0.212
Southern Rockies,247.5,10.0,0.09
Wasatch and Uinta Mountains,247.5,10.0,0.169
