eco_region,lon,lat,rho
Arizona/New Mexico Mountains,260.0,7.5,0.051
Blue Mountains,260.0,7.5,-0.044
Canadian Rockies,260.0,7.5,0.02
Cascades,260.0,7.5,0.127
Central Basin and Range,260.0,7.5,0.074
Columbia Mountains/Northern Rockies,260.0,7.5,0.079
Eastern Cascades Slopes and Foothills,260.0,7.5,0.224
Idaho Batholith,260.0,7.5,-0.034
Klamath Mountains,260.0,7.5,-0.019
Middle Rockies,260.0,7.5,0.047
North Cascades,260.0,7.5,0.152
Northern Basin and Range,260.0,7.5,0.036
Sierra Nevada,260.0,7.5,0.045
Southern Rockies,260.0,7.5,0.013
Wasatch and Uinta Mountains,260.0,7.5,-0.083
