eco_region,lon,lat,rho
Arizona/New Mexico Mountains,197.5,-15.0,-0.018
Blue Mountains,197.5,-15.0,-0.029
Canadian Rockies,197.5,-15.0,0.1
Cascades,197.5,-15.0,0.146
Central Basin and Range,197.5,-15.0,-0.085
Columbia Mountains/Northern Rockies,197.5,-15.0,-0.095
Eastern Cascades Slopes and Foothills,197.5,-15.0,0.146
Idaho Batholith,197.5,-15.0,0.029
Klamath Mountains,197.5,-15.0,-0.005
Middle Rockies,197.5,-15.0,0.08
North Cascades,197.5,-15.0,0.012
Northern Basin and Range,197.5,-15.0,0.012
Sierra Nevada,197.5,-15.0,-0.091
Southern Rockies,197.5,-15.0,0.002
Wasatch and Uinta Mountains,197.5,-15.0,-0.044
