eco_region,lon,lat,rho
Arizona/New Mexico Mountains,185.0,2.5,0.035
Blue Mountains,185.0,2.5,0.243
Canadian Rockies,185.0,2.5,0.202
Cascades,185.0,2.5,0.192
Central Basin and Range,185.0,2.5,0.211
Columbia Mountains/Northern Rockies,185.0,2.5,0.176
Eastern Cascades Slopes and Foothills,185.0,2.5,0.116
Idaho Batholith,185.0,2.5,0.179
Klamath Mountains,185.0,2.5,0.322
Middle Rockies,185.0,2.5,0.032
North Cascades,185.0,2.5,-0.027
Northern Basin and Range,185.0,2.5,0.24
Sierra Nevada,185.0,2.5,0.236
Southern Rockies,185.0,2.5,0.283
Wasatch and Uinta Mountains,185.0,2.5,0.003
