eco_region,lon,lat,rho
Arizona/New Mexico Mountains,240.0,55.0,-0.086
Blue Mountains,240.0,55.0,-0.072
Canadian Rockies,240.0,55.0,0.139
Cascades,240.0,55.0,0.058
Central Basin and Range,240.0,55.0,-0.027
Columbia Mountains/Northern Rockies,240.0,55.0,0.17
Eastern Cascades Slopes and Foothills,240.0,55.0,-0.018
Idaho Batholith,240.0,55.0,0.092
Klamath Mountains,240.0,55.0,0.062
Middle Rockies,240.0,55.0,0.076
North Cascades,240.0,55.0,0.101
Northern Basin and Range,240.0,55.0,-0.034
Sierra Nevada,240.0,55.0,-0.038
Southern Rockies,240.0,55.0,0.007
Wasatch and Uinta Mountains,240.0,55.0,-0.055
