eco_region,lon,lat,rho
Arizona/New Mexico Mountains,235.0,40.0,0.105
Blue Mountains,235.0,40.0,-0.014
Canadian Rockies,235.0,40.0,0.186
Cascades,235.0,40.0,0.088
Central Basin and Range,235.0,40.0,-0.067
Columbia Mountains/Northern Rockies,235.0,40.0,0.076
Eastern Cascades Slopes and Foothills,235.0,40.0,0.065
Idaho Batholith,235.0,40.0,0.057
Klamath Mountains,235.0,40.0,0.066
Middle Rockies,235.0,40.0,0.082
North Cascades,235.0,40.0,-0.051
Northern Basin and Range,235.0,40.0,-0.054
Sierra Nevada,235.0,40.0,0.165
Southern Rockies,235.0,40.0,0.177
Wasatch and Uinta Mountains,235.0,40.0,0.134
