eco_region,lon,lat,rho
Arizona/New Mexico Mountains,220.0,22.5,0.205
Blue Mountains,220.0,22.5,0.275
Canadian Rockies,220.0,22.5,0.333
Cascades,220.0,22.5,0.333
Central Basin and Range,220.0,22.5,0.362
Columbia Mountains/Northern Rockies,220.0,22.5,0.371
Eastern Cascades Slopes and Foothills,220.0,22.5,0.34
Idaho Batholith,220.0,22.5,0.273
Klamath Mountains,220.0,22.5,0.295
Middle Rockies,220.0,22.5,0.389
North Cascades,220.0,22.5,0.389
Northern Basin and Range,220.0,22.5,0.341
Sierra Nevada,220.0,22.5,0.404
Southern Rockies,220.0,22.5,0.337
Wasatch and Uinta Mountains,220.0,22.5,0.266
