eco_region,lon,lat,rho
Arizona/New Mexico Mountains,192.5,10.0,0.069
Blue Mountains,192.5,10.0,0.213
Canadian Rockies,192.5,10.0,0.28
Cascades,192.5,10.0,0.323
Central Basin and Range,192.5,10.0,0.276
Columbia Mountains/Northern Rockies,192.5,10.0,0.277
Eastern Cascades Slopes and Foothills,192.5,10.0,0.355
Idaho Batholith,192.5,10.0,0.317
Klamath Mountains,192.5,10.0,0.382
Middle Rockies,192.5,10.0,0.074
North Cascades,192.5,10.0,0.072
Northern Basin and Range,192.5,10.0,0.301
Sierra Nevada,192.5,10.0,0.243
Southern Rockies,192.5,10.0,0.271
Wasatch and Uinta Mountains,192.5,10.0,-0.107
