eco_region,lon,lat,rho
Arizona/New Mexico Mountains,230.0,-17.5,0.175
Blue Mountains,230.0,-17.5,0.105
Canadian Rockies,230.0,-17.5,0.128
Cascades,230.0,-17.5,-0.037
Central Basin and Range,230.0,-17.5,-0.087
Columbia Mountains/Northern Rockies,230.0,-17.5,0.022
Eastern Cascades Slopes and Foothills,230.0,-17.5,-0.087
Idaho Batholith,230.0,-17.5,0.021
Klamath Mountains,230.0,-17.5,0.027
Middle Rockies,230.0,-17.5,0.162
North Cascades,230.0,-17.5,0.159
Northern Basin and Range,230.0,-17.5,-0.049
Sierra Nevada,230.0,-17.5,0.057
Southern Rockies,230.0,-17.5,-0.041
Wasatch and Uinta Mountains,230.0,-17.5,0.043
