eco_region,lon,lat,rho
Arizona/New Mexico Mountains,237.5,10.0,0.206
Blue Mountains,237.5,10.0,0.208
Canadian Rockies,237.5,10.0,0.234
Cascades,237.5,10.0,0.356
Central Basin and Range,237.5,10.0,0.26
Columbia Mountains/Northern Rockies,237.5,10.0,0.31
Eastern Cascades Slopes and Foothills,237.5,10.0,0.199
Idaho Batholith,237.5,10.0,0.187
Klamath Mountains,237.5,10.0,0.299
Middle Rockies,237.5,10.0,0.159
North Cascades,237.5,10.0,0.328
Northern Basin and Range,237.5,10.0,0.163
Sierra Nevada,237.5,10.0,0.203
Southern Rockies,237.5,10.0,0.348
Wasatch and Uinta Mountains,237.5,10.0,0.307
