eco_region,lon,lat,rho
Arizona/New Mexico Mountains,242.5,47.5,-0.074
Blue Mountains,242.5,47.5,0.014
Canadian Rockies,242.5,47.5,0.131
Cascades,242.5,47.5,0.014
Central Basin and Range,242.5,47.5,0.04
Columbia Mountains/Northern Rockies,242.5,47.5,0.135
Eastern Cascades Slopes and Foothills,242.5,47.5,0.015
Idaho Batholith,242.5,47.5,0.185
Klamath Mountains,242.5,47.5,0.018
Middle Rockies,242.5,47.5,0.177
North Cascades,242.5,47.5,0.028
Northern Basin and Range,242.5,47.5,0.021
Sierra Nevada,242.5,47.5,0.116
Southern Rockies,242.5,47.5,0.118
Wasatch and Uinta Mountains,242.5,47.5,0.025
