eco_region,lon,lat,rho
Arizona/New Mexico Mountains,230.0,-2.5,0.106
Blue Mountains,230.0,-2.5,0.038
Canadian Rockies,230.0,-2.5,0.083
Cascades,230.0,-2.5,0.204
Central Basin and Range,230.0,-2.5,0.098
Columbia Mountains/Northern Rockies,230.0,-2.5,0.095
Eastern Cascades Slopes and Foothills,230.0,-2.5,0.152
Idaho Batholith,230.0,-2.5,0.14
Klamath Mountains,230.0,-2.5,0.101
Middle Rockies,230.0,-2.5,0.146
North Cascades,230.0,-2.5,0.062
Northern Basin and Range,230.0,-2.5,0.023
Sierra Nevada,230.0,-2.5,0.055
Southern Rockies,230.0,-2.5,0.058
Wasatch and Uinta Mountains,230.0,-2.5,-0.044
