eco_region,lon,lat,rho
Arizona/New Mexico Mountains,250.0,45.0,-0.051
Blue Mountains,250.0,45.0,0.035
Canadian Rockies,250.0,45.0,-0.1
Cascades,250.0,45.0,0.044
Central Basin and Range,250.0,45.0,0.081
Columbia Mountains/Northern Rockies,250.0,45.0,0.16
Eastern Cascades Slopes and Foothills,250.0,45.0,0.002
Idaho Batholith,250.0,45.0,0.124
Klamath Mountains,250.0,45.0,0.022
Middle Rockies,250.0,45.0,0.138
North Cascades,250.0,45.0,0.107
Northern Basin and Range,250.0,45.0,-0.077
Sierra Nevada,250.0,45.0,0.119
Southern Rockies,250.0,45.0,0.062
Wasatch and Uinta Mountains,250.0,45.0,0.121
