eco_region,lon,lat,rho
Arizona/New Mexico Mountains,275.0,10.0,0.03
Blue Mountains,275.0,10.0,0.085
Canadian Rockies,275.0,10.0,0.034
Cascades,275.0,10.0,0.302
Central Basin and Range,275.0,10.0,0.272
Columbia Mountains/Northern Rockies,275.0,10.0,0.106
Eastern Cascades Slopes and Foothills,275.0,10.0,0.375
Idaho Batholith,275.0,10.0,0.122
Klamath Mountains,275.0,10.0,0.319
Middle Rockies,275.0,10.0,0.205
North Cascades,275.0,10.0,0.185
Northern Basin and Range,275.0,10.0,0.184
Sierra Nevada,275.0,10.0,0.239
Southern Rockies,275.0,10.0,0.161
Wasatch and Uinta Mountains,275.0,10.0,0.261
