eco_region,lon,lat,rho
Arizona/New Mexico Mountains,260.0,12.5,0.066
Blue Mountains,260.0,12.5,0.006
Canadian Rockies,260.0,12.5,-0.057
Cascades,260.0,12.5,0.145
Central Basin and Range,260.0,12.5,0.196
Columbia Mountains/Northern Rockies,260.0,12.5,0.091
Eastern Cascades Slopes and Foothills,260.0,12.5,0.222
Idaho Batholith,260.0,12.5,-0.023
Klamath Mountains,260.0,12.5,0.038
Middle Rockies,260.0,12.5,0.13
North Cascades,260.0,12.5,0.056
Northern Basin and Range,260.0,12.5,0.04
Sierra Nevada,260.0,12.5,0.171
Southern Rockies,260.0,12.5,-0.028
Wasatch and Uinta Mountains,260.0,12.5,-0.144
