eco_region,lon,lat,rho
Arizona/New Mexico Mountains,210.0,22.5,0.221
Blue Mountains,210.0,22.5,0.343
Canadian Rockies,210.0,22.5,0.211
Cascades,210.0,22.5,0.38
Central Basin and Range,210.0,22.5,0.364
Columbia Mountains/Northern Rockies,210.0,22.5,0.218
Eastern Cascades Slopes and Foothills,210.0,22.5,0.281
Idaho Batholith,210.0,22.5,0.074
Klamath Mountains,210.0,22.5,0.398
Middle Rockies,210.0,22.5,0.153
North Cascades,210.0,22.5,0.314
Northern Basin and Range,210.0,22.5,0.342
Sierra Nevada,210.0,22.5,0.194
Southern Rockies,210.0,22.5,0.144
Wasatch and Uinta Mountains,210.0,22.5,0.355
