eco_region,lon,lat,rho
Arizona/New Mexico Mountains,217.5,35.0,0.038
Blue Mountains,217.5,35.0,0.023
Canadian Rockies,217.5,35.0,-0.037
Cascades,217.5,35.0,-0.101
Central Basin and Range,217.5,35.0,-0.027
Columbia Mountains/Northern Rockies,217.5,35.0,0.025
Eastern Cascades Slopes and Foothills,217.5,35.0,-0.045
Idaho Batholith,217.5,35.0,-0.033
Klamath Mountains,217.5,35.0,0.096
Middle Rockies,217.5,35.0,0.01
North Cascades,217.5,35.0,0.025
Northern Basin and Range,217.5,35.0,-0.009
Sierra Nevada,217.5,35.0,0.075
Southern Rockies,217.5,35.0,0.202
Wasatch and Uinta Mountains,217.5,35.0,-0.062
