eco_region,lon,lat,rho
Arizona/New Mexico Mountains,212.5,42.5,0.089
Blue Mountains,212.5,42.5,0.124
Canadian Rockies,212.5,42.5,0.043
Cascades,212.5,42.5,0.01
Central Basin and Range,212.5,42.5,-0.061
Columbia Mountains/Northern Rockies,212.5,42.5,0.069
Eastern Cascades Slopes and Foothills,212.5,42.5,-0.033
Idaho Batholith,212.5,42.5,0.001
Klamath Mountains,212.5,42.5,-0.021
Middle Rockies,212.5,42.5,0.075
North Cascades,212.5,42.5,-0.079
Northern Basin and Range,212.5,42.5,0.047
Sierra Nevada,212.5,42.5,-0.025
Southern Rockies,212.5,42.5,0.04
Wasatch and Uinta Mountains,212.5,42.5,-0.043
