eco_region,lon,lat,rho
Arizona/New Mexico Mountains,252.5,57.5,-0.057
Blue Mountains,252.5,57.5,-0.109
Canadian Rockies,252.5,57.5,0.003
Cascades,252.5,57.5,0.04
Central Basin and Range,252.5,57.5,0.146
Columbia Mountains/Northern Rockies,252.5,57.5,0.033
Eastern Cascades Slopes and Foothills,252.5,57.5,-0.098
Idaho Batholith,252.5,57.5,-0.035
Klamath Mountains,252.5,57.5,0.013
Middle Rockies,252.5,57.5,-0.023
North Cascades,252.5,57.5,0.111
Northern Basin and Range,252.5,57.5,-0.012
Sierra Nevada,252.5,57.5,-0.044
Southern Rockies,252.5,57.5,-0.072
Wasatch and Uinta Mountains,252.5,57.5,-0.02
