eco_region,lon,lat,rho
Arizona/New Mexico Mountains,182.5,27.5,0.053
Blue Mountains,182.5,27.5,0.089
Canadian Rockies,182.5,27.5,0.118
Cascades,182.5,27.5,-0.012
Central Basin and Range,182.5,27.5,0.106
Columbia Mountains/Northern Rockies,182.5,27.5,0.105
Eastern Cascades Slopes and Foothills,182.5,27.5,-0.012
Idaho Batholith,182.5,27.5,-0.106
Klamath Mountains,182.5,27.5,-0.01
Middle Rockies,182.5,27.5,0.119
North Cascades,182.5,27.5,0.069
Northern Basin and Range,182.5,27.5,-0.111
Sierra Nevada,182.5,27.5,0.093
Southern Rockies,182.5,27.5,0.171
Wasatch and Uinta Mountains,182.5,27.5,0.067
