eco_region,lon,lat,rho
Arizona/New Mexico Mountains,252.5,7.5,0.159
Blue Mountains,252.5,7.5,0.147
Canadian Rockies,252.5,7.5,0.262
Cascades,252.5,7.5,0.361
Central Basin and Range,252.5,7.5,0.316
Columbia Mountains/Northern Rockies,252.5,7.5,0.328
Eastern Cascades Slopes and Foothills,252.5,7.5,0.301
Idaho Batholith,252.5,7.5,0.175
Klamath Mountains,252.5,7.5,0.338
Middle Rockies,252.5,7.5,0.111
North Cascades,252.5,7.5,0.346
Northern Basin and Range,252.5,7.5,0.21
Sierra Nevada,252.5,7.5,0.221
Southern Rockies,252.5,7.5,0.35
Wasatch and Uinta Mountains,252.5,7.5,0.312
