eco_region,lon,lat,rho
Arizona/New Mexico Mountains,277.5,60.0,0.023
Blue Mountains,277.5,60.0,0.026
Canadian Rockies,277.5,60.0,-0.029
Cascades,277.5,60.0,0.053
Central Basin and Range,277.5,60.0,0.054
Columbia Mountains/Northern Rockies,277.5,60.0,-0.11
Eastern Cascades Slopes and Foothills,277.5,60.0,0.0
Idaho Batholith,277.5,60.0,-0.012
Klamath Mountains,277.5,60.0,0.0
Middle Rockies,277.5,60.0,0.084
North Cascades,277.5,60.0,-0.071
Northern Basin and Range,277.5,60.0,-0.112
Sierra Nevada,277.5,60.0,-0.018
Southern Rockies,277.5,60.0,-0.077
Wasatch and Uinta Mountains,277.5,60.0,-0.097
