eco_region,lon,lat,rho
Arizona/New Mexico Mountains,272.5,27.5,-0.036
Blue Mountains,272.5,27.5,0.061
Canadian Rockies,272.5,27.5,0.068
Cascades,272.5,27.5,0.08
Central Basin and Range,272.5,27.5,0.116
Columbia Mountains/Northern Rockies,272.5,27.5,0.046
Eastern Cascades Slopes and Foothills,272.5,27.5,0.127
Idaho Batholith,272.5,27.5,0.193
Klamath Mountains,272.5,27.5,0.127
Middle Rockies,272.5,27.5,0.072
North Cascades,272.5,27.5,-0.004
Northern Basin and Range,272.5,27.5,-0.0
Sierra Nevada,272.5,27.5,0.099
Southern Rockies,272.5,27.5,0.041
Wasatch and Uinta Mountains,272.5,27.5,0.043
