eco_region,lon,lat,rho
Arizona/New Mexico Mountains,207.5,50.0,-0.031
Blue Mountains,207.5,50.0,-0.008
Canadian Rockies,207.5,50.0,0.032
Cascades,207.5,50.0,0.035
Central Basin and Range,207.5,50.0,-0.042
Columbia Mountains/Northern Rockies,207.5,50.0,0.106
Eastern Cascades Slopes and Foothills,207.5,50.0,0.03
Idaho Batholith,207.5,50.0,-0.031
Klamath Mountains,207.5,50.0,-0.037
Middle Rockies,207.5,50.0,0.031
North Cascades,207.5,50.0,-0.068
Northern Basin and Range,207.5,50.0,-0.049
Sierra Nevada,207.5,50.0,0.067
Southern Rockies,207.5,50.0,-0.051
Wasatch and Uinta Mountains,207.5,50.0,0.098
