eco_region,lon,lat,rho
Arizona/New Mexico Mountains,242.5,0.0,0.159
Blue Mountains,242.5,0.0,0.218
Canadian Rockies,242.5,0.0,0.361
Cascades,242.5,0.0,0.349
Central Basin and Range,242.5,0.0,0.347
Columbia Mountains/Northern Rockies,242.5,0.0,0.363
Eastern Cascades Slopes and Foothills,242.5,0.0,0.287
Idaho Batholith,242.5,0.0,0.326
Klamath Mountains,242.5,0.0,0.346
Middle Rockies,242.5,0.0,0.372
North Cascades,242.5,0.0,0.212
Northern Basin and Range,242.5,0.0,0.27
Sierra Nevada,242.5,0.0,0.363
Southern Rockies,242.5,0.0,0.409
Wasatch and Uinta Mountains,242.5,0.0,0.06
