eco_region,lon,lat,rho
Arizona/New Mexico Mountains,212.5,25.0,-0.096
Blue Mountains,212.5,25.0,-0.042
Canadian Rockies,212.5,25.0,0.216
Cascades,212.5,25.0,0.061
Central Basin and Range,212.5,25.0,-0.044
Columbia Mountains/Northern Rockies,212.5,25.0,0.197
Eastern Cascades Slopes and Foothills,212.5,25.0,0.093
Idaho Batholith,212.5,25.0,0.115
Klamath Mountains,212.5,25.0,0.383
Middle Rockies,212.5,25.0,0.168
North Cascades,212.5,25.0,0.145
Northern Basin and Range,212.5,25.0,0.011
Sierra Nevada,212.5,25.0,0.163
Southern Rockies,212.5,25.0,0.175
Wasatch and Uinta Mountains,212.5,25.0,0.326
