eco_region,lon,lat,rho
Arizona/New Mexico Mountains,257.5,32.5,0.073
Blue Mountains,257.5,32.5,0.156
Canadian Rockies,257.5,32.5,0.163
Cascades,257.5,32.5,0.131
Central Basin and Range,257.5,32.5,0.218
Columbia Mountains/Northern Rockies,257.5,32.5,0.171
Eastern Cascades Slopes and Foothills,257.5,32.5,0.111
Idaho Batholith,257.5,32.5,0.24
Klamath Mountains,257.5,32.5,0.165
Middle Rockies,257.5,32.5,0.095
North Cascades,257.5,32.5,0.182
Northern Basin and Range,257.5,32.5,0.149
Sierra Nevada,257.5,32.5,0.193
Southern Rockies,257.5,32.5,-0.023
Wasatch and Uinta Mountains,257.5,32.5,0.126
