eco_region,lon,lat,rho
Arizona/New Mexico Mountains,280.0,17.5,0.09
Blue Mountains,280.0,17.5,0.018
Canadian Rockies,280.0,17.5,-0.049
Cascades,280.0,17.5,0.03
Central Basin and Range,280.0,17.5,0.071
Columbia Mountains/Northern Rockies,280.0,17.5,-0.043
Eastern Cascades Slopes and Foothills,280.0,17.5,-0.009
Idaho Batholith,280.0,17.5,-0.033
Klamath Mountains,280.0,17.5,0.138
Middle Rockies,280.0,17.5,0.043
North Cascades,280.0,17.5,-0.101
Northern Basin and Range,280.0,17.5,0.037
Sierra Nevada,280.0,17.5,0.072
Southern Rockies,280.0,17.5,-0.063
Wasatch and Uinta Mountains,280.0,17.5,-0.021
