eco_region,lon,lat,rho
Arizona/New Mexico Mountains,237.5,15.0,0.251
Blue Mountains,237.5,15.0,0.193
Canadian Rockies,237.5,15.0,0.326
Cascades,237.5,15.0,0.295
Central Basin and Range,237.5,15.0,0.361
Columbia Mountains/Northern Rockies,237.5,15.0,0.193
Eastern Cascades Slopes and Foothills,237.5,15.0,0.181
Idaho Batholith,237.5,15.0,0.272
Klamath Mountains,237.5,15.0,0.314
Middle Rockies,237.5,15.0,0.239
North Cascades,237.5,15.0,0.239
Northern Basin and Range,237.5,15.0,0.262
Sierra Nevada,237.5,15.0,0.219
Southern Rockies,237.5,15.0,0.245
Wasatch and Uinta Mountains,237.5,15.0,0.347
