eco_region,lon,lat,rho
Arizona/New Mexico Mountains,220.0,-20.0,0.065
Blue Mountains,220.0,-20.0,0.034
Canadian Rockies,220.0,-20.0,0.188
Cascades,220.0,-20.0,0.149
Central Basin and Range,220.0,-20.0,0.087
Columbia Mountains/Northern Rockies,220.0,-20.0,0.131
Eastern Cascades Slopes and Foothills,220.0,-20.0,0.049
Idaho Batholith,220.0,-20.0,0.076
Klamath Mountains,220.0,-20.0,0.242
Middle Rockies,220.0,-20.0,0.279
North Cascades,220.0,-20.0,0.007
Northern Basin and Range,220.0,-20.0,-0.034
Sierra Nevada,220.0,-20.0,0.091
Southern Rockies,220.0,-20.0,-0.004
Wasatch and Uinta Mountains,220.0,-20.0,0.101
