eco_region,lon,lat,rho
Arizona/New Mexico Mountains,225.0,25.0,0.144
Blue Mountains,225.0,25.0,0.296
Canadian Rockies,225.0,25.0,0.197
Cascades,225.0,25.0,0.352
Central Basin and Range,225.0,25.0,0.264
Columbia Mountains/Northern Rockies,225.0,25.0,0.286
Eastern Cascades Slopes and Foothills,225.0,25.0,0.283
Idaho Batholith,225.0,25.0,0.207
Klamath Mountains,225.0,25.0,0.098
Middle Rockies,225.0,25.0,-0.03
North Cascades,225.0,25.0,0.257
Northern Basin and Range,225.0,25.0,0.272
Sierra Nevada,225.0,25.0,0.203
Southern Rockies,225.0,25.0,0.265
Wasatch and Uinta Mountains,225.0,25.0,0.321
