eco_region,lon,lat,rho
Arizona/New Mexico Mountains,222.5,7.5,0.119
Blue Mountains,222.5,7.5,0.265
Canadian Rockies,222.5,7.5,0.218
Cascades,222.5,7.5,0.291
Central Basin and Range,222.5,7.5,0.338
Columbia Mountains/Northern Rockies,222.5,7.5,0.311
Eastern Cascades Slopes and Foothills,222.5,7.5,0.191
Idaho Batholith,222.5,7.5,0.264
Klamath Mountains,222.5,7.5,0.307
Middle Rockies,222.5,7.5,0.366
North Cascades,222.5,7.5,0.057
Northern Basin and Range,222.5,7.5,0.208
Sierra Nevada,222.5,7.5,0.342
Southern Rockies,222.5,7.5,0.367
Wasatch and Uinta Mountains,222.5,7.5,0.067
