eco_region,lon,lat,rho
Arizona/New Mexico Mountains,262.5,-5.0,0.226
Blue Mountains,262.5,-5.0,0.161
Canadian Rockies,262.5,-5.0,0.358
Cascades,262.5,-5.0,0.326
Central Basin and Range,262.5,-5.0,0.316
Columbia Mountains/Northern Rockies,262.5,-5.0,0.078
Eastern Cascades Slopes and Foothills,262.5,-5.0,0.238
Idaho Batholith,262.5,-5.0,0.124
Klamath Mountains,262.5,-5.0,0.42
Middle Rockies,262.5,-5.0,0.349
North Cascades,262.5,-5.0,0.365
Northern Basin and Range,262.5,-5.0,0.234
Sierra Nevada,262.5,-5.0,0.223
Southern Rockies,262.5,-5.0,0.008
Wasatch and Uinta Mountains,262.5,-5.0,0.148
