eco_region,lon,lat,rho
Arizona/New Mexico Mountains,277.5,-7.5,0.205
Blue Mountains,277.5,-7.5,0.217
Canadian Rockies,277.5,-7.5,0.326
Cascades,277.5,-7.5,0.365
Central Basin and Range,277.5,-7.5,0.379
Columbia Mountains/Northern Rockies,277.5,-7.5,0.282
Eastern Cascades Slopes and Foothills,277.5,-7.5,0.319
Idaho Batholith,277.5,-7.5,0.177
Klamath Mountains,277.5,-7.5,0.41
Middle Rockies,277.5,-7.5,0.286
North Cascades,277.5,-7.5,0.354
Northern Basin and Range,277.5,-7.5,0.337
Sierra Nevada,277.5,-7.5,0.254
Southern Rockies,277.5,-7.5,0.305
Wasatch and Uinta Mountains,277.5,-7.5,0.325
