eco_region,lon,lat,rho
Arizona/New Mexico Mountains,252.5,-7.5,0.142
Blue Mountains,252.5,-7.5,0.156
Canadian Rockies,252.5,-7.5,0.093
Cascades,252.5,-7.5,0.251
Central Basin and Range,252.5,-7.5,0.197
Columbia Mountains/Northern Rockies,252.5,-7.5,0.034
Eastern Cascades Slopes and Foothills,252.5,-7.5,0.163
Idaho Batholith,252.5,-7.5,0.147
Klamath Mountains,252.5,-7.5,0.102
Middle Rockies,252.5,-7.5,0.214
North Cascades,252.5,-7.5,0.027
Northern Basin and Range,252.5,-7.5,0.162
Sierra Nevada,252.5,-7.5,0.033
Southern Rockies,252.5,-7.5,-0.004
Wasatch and Uinta Mountains,252.5,-7.5,-0.104
