eco_region,lon,lat,rho
Arizona/New Mexico Mountains,200.0,17.5,0.267
Blue Mountains,200.0,17.5,0.339
Canadian Rockies,200.0,17.5,0.078
Cascades,200.0,17.5,0.383
Central Basin and Range,200.0,17.5,0.358
Columbia Mountains/Northern Rockies,200.0,17.5,0.019
Eastern Cascades Slopes and Foothills,200.0,17.5,0.364
Idaho Batholith,200.0,17.5,0.056
Klamath Mountains,200.0,17.5,0.373
Middle Rockies,200.0,17.5,0.161
North Cascades,200.0,17.5,0.338
Northern Basin and Range,200.0,17.5,0.198
Sierra Nevada,200.0,17.5,0.072
Southern Rockies,200.0,17.5,0.02
Wasatch and Uinta Mountains,200.0,17.5,0.068
