eco_region,lon,lat,rho
Arizona/New Mexico Mountains,265.0,-17.5,0.269
Blue Mountains,265.0,-17.5,0.314
Canadian Rockies,265.0,-17.5,0.326
Cascades,265.0,-17.5,0.375
Central Basin and Range,265.0,-17.5,0.417
Columbia Mountains/Northern Rockies,265.0,-17.5,0.363
Eastern Cascades Slopes and Foothills,265.0,-17.5,0.325
Idaho Batholith,265.0,-17.5,0.297
Klamath Mountains,265.0,-17.5,0.307
Middle Rockies,265.0,-17.5,0.238
North Cascades,265.0,-17.5,0.272
Northern Basin and Range,265.0,-17.5,0.302
Sierra Nevada,265.0,-17.5,0.305
Southern Rockies,265.0,-17.5,0.245
Wasatch and Uinta Mountains,265.0,-17.5,0.372
