eco_region,lon,lat,rho
Arizona/New Mexico Mountains,257.5,60.0,-0.127
Blue Mountains,257.5,60.0,-0.129
Canadian Rockies,257.5,60.0,0.027
Cascades,257.5,60.0,-0.119
Central Basin and Range,257.5,60.0,-0.177
Columbia Mountains/Northern Rockies,257.5,60.0,0.066
Eastern Cascades Slopes and Foothills,257.5,60.0,-0.035
Idaho Batholith,257.5,60.0,0.032
Klamath Mountains,257.5,60.0,-0.081
Middle Rockies,257.5,60.0,-0.008
North Cascades,257.5,60.0,-0.06
Northern Basin and Range,257.5,60.0,-0.069
Sierra Nevada,257.5,60.0,-0.014
Southern Rockies,257.5,60.0,0.051
Wasatch and Uinta Mountains,257.5,60.0,-0.053
