eco_region,lon,lat,rho
Arizona/New Mexico Mountains,200.0,47.5,0.123
Blue Mountains,200.0,47.5,0.204
Canadian Rockies,200.0,47.5,0.139
Cascades,200.0,47.5,0.198
Central Basin and Range,200.0,47.5,0.172
Columbia Mountains/Northern Rockies,200.0,47.5,0.235
Eastern Cascades Slopes and Foothills,200.0,47.5,0.164
Idaho Batholith,200.0,47.5,0.096
Klamath Mountains,200.0,47.5,0.101
Middle Rockies,200.0,47.5,-0.007
North Cascades,200.0,47.5,0.187
Northern Basin and Range,200.0,47.5,0.097
Sierra Nevada,200.0,47.5,0.104
Southern Rockies,200.0,47.5,0.16
Wasatch and Uinta Mountains,200.0,47.5,0.045
