eco_region,lon,lat,rho
Arizona/New Mexico Mountains,207.5,35.0,0.139
Blue Mountains,207.5,35.0,0.008
Canadian Rockies,207.5,35.0,0.103
Cascades,207.5,35.0,0.036
Central Basin and Range,207.5,35.0,0.022
Columbia Mountains/Northern Rockies,207.5,35.0,0.164
Eastern Cascades Slopes and Foothills,207.5,35.0,0.024
Idaho Batholith,207.5,35.0,0.151
Klamath Mountains,207.5,35.0,0.19
Middle Rockies,207.5,35.0,0.127
North Cascades,207.5,35.0,0.094
Northern Basin and Range,207.5,35.0,-0.027
Sierra Nevada,207.5,35.0,0.143
Southern Rockies,207.5,35.0,0.126
Wasatch and Uinta Mountains,207.5,35.0,0.143
