eco_region,lon,lat,rho
Arizona/New Mexico Mountains,180.0,40.0,0.007
Blue Mountains,180.0,40.0,-0.021
Canadian Rockies,180.0,40.0,-0.025
Cascades,180.0,40.0,0.054
Central Basin and Range,180.0,40.0,0.068
Columbia Mountains/Northern Rockies,180.0,40.0,0.036
Eastern Cascades Slopes and Foothills,180.0,40.0,-0.025
Idaho Batholith,180.0,40.0,-0.004
Klamath Mountains,180.0,40.0,-0.028
Middle Rockies,180.0,40.0,-0.056
North Cascades,180.0,40.0,0.138
Northern Basin and Range,180.0,40.0,-0.019
Sierra Nevada,180.0,40.0,-0.085
Southern Rockies,180.0,40.0,0.156
Wasatch and Uinta Mountains,180.0,40.0,0.031
