eco_region,lon,lat,rho
Arizona/New Mexico Mountains,257.5,17.5,-0.032
Blue Mountains,257.5,17.5,-0.052
Canadian Rockies,257.5,17.5,-0.043
Cascades,257.5,17.5,0.059
Central Basin and Range,257.5,17.5,0.129
Columbia Mountains/Northern Rockies,257.5,17.5,0.08
Eastern Cascades Slopes and Foothills,257.5,17.5,0.161
Idaho Batholith,257.5,17.5,-0.031
Klamath Mountains,257.5,17.5,0.03
Middle Rockies,257.5,17.5,0.009
North Cascades,257.5,17.5,-0.108
Northern Basin and Range,257.5,17.5,0.026
Sierra Nevada,257.5,17.5,0.012
Southern Rockies,257.5,17.5,-0.107
Wasatch and Uinta Mountains,257.5,17.5,0.036
