eco_region,lon,lat,rho
Arizona/New Mexico Mountains,212.5,-7.5,0.156
Blue Mountains,212.5,-7.5,0.243
Canadian Rockies,212.5,-7.5,0.36
Cascades,212.5,-7.5,0.295
Central Basin and Range,212.5,-7.5,0.347
Columbia Mountains/Northern Rockies,212.5,-7.5,0.244
Eastern Cascades Slopes and Foothills,212.5,-7.5,0.202
Idaho Batholith,212.5,-7.5,0.305
Klamath Mountains,212.5,-7.5,0.238
Middle Rockies,212.5,-7.5,0.161
North Cascades,212.5,-7.5,0.019
Northern Basin and Range,212.5,-7.5,0.142
Sierra Nevada,212.5,-7.5,0.163
Southern Rockies,212.5,-7.5,0.125
Wasatch and Uinta Mountains,212.5,-7.5,0.372
