eco_region,lon,lat,rho
Arizona/New Mexico Mountains,185.0,-2.5,0.017
Blue Mountains,185.0,-2.5,0.213
Canadian Rockies,185.0,-2.5,0.092
Cascades,185.0,-2.5,0.274
Central Basin and Range,185.0,-2.5,0.254
Columbia Mountains/Northern Rockies,185.0,-2.5,0.206
Eastern Cascades Slopes and Foothills,185.0,-2.5,0.151
Idaho Batholith,185.0,-2.5,-0.02
Klamath Mountains,185.0,-2.5,0.353
Middle Rockies,185.0,-2.5,0.074
North Cascades,185.0,-2.5,0.064
Northern Basin and Range,185.0,-2.5,0.219
Sierra Nevada,185.0,-2.5,0.282
Southern Rockies,185.0,-2.5,0.174
Wasatch and Uinta Mountains,185.0,-2.5,0.027
