eco_region,lon,lat,rho
Arizona/New Mexico Mountains,222.5,-7.5,0.144
Blue Mountains,222.5,-7.5,0.035
Canadian Rockies,222.5,-7.5,0.0
Cascades,222.5,-7.5,0.157
Central Basin and Range,222.5,-7.5,0.083
Columbia Mountains/Northern Rockies,222.5,-7.5,0.07
Eastern Cascades Slopes and Foothills,222.5,-7.5,0.127
Idaho Batholith,222.5,-7.5,0.12
Klamath Mountains,222.5,-7.5,0.093
Middle Rockies,222.5,-7.5,0.051
North Cascades,222.5,-7.5,0.062
Northern Basin and Range,222.5,-7.5,-0.042
Sierra Nevada,222.5,-7.5,0.05
Southern Rockies,222.5,-7.5,-0.016
Wasatch and Uinta Mountains,222.5,-7.5,-0.088
