eco_region,lon,lat,rho
Arizona/New Mexico Mountains,205.0,40.0,0.063
Blue Mountains,205.0,40.0,-0.016
Canadian Rockies,205.0,40.0,0.057
Cascades,205.0,40.0,0.01
Central Basin and Range,205.0,40.0,-0.007
Columbia Mountains/Northern Rockies,205.0,40.0,0.1
Eastern Cascades Slopes and Foothills,205.0,40.0,0.051
Idaho Batholith,205.0,40.0,0.179
Klamath Mountains,205.0,40.0,-0.088
Middle Rockies,205.0,40.0,0.096
North Cascades,205.0,40.0,0.094
Northern Basin and Range,205.0,40.0,-0.077
Sierra Nevada,205.0,40.0,-0.045
Southern Rockies,205.0,40.0,-0.018
Wasatch and Uinta Mountains,205.0,40.0,0.054
