eco_region,lon,lat,rho
Arizona/New Mexico Mountains,215.0,-12.5,0.268
Blue Mountains,215.0,-12.5,0.102
Canadian Rockies,215.0,-12.5,0.174
Cascades,215.0,-12.5,0.295
Central Basin and Range,215.0,-12.5,0.089
Columbia Mountains/Northern Rockies,215.0,-12.5,0.114
Eastern Cascades Slopes and Foothills,215.0,-12.5,0.087
Idaho Batholith,215.0,-12.5,0.113
Klamath Mountains,215.0,-12.5,0.163
Middle Rockies,215.0,-12.5,0.287
North Cascades,215.0,-12.5,0.288
Northern Basin and Range,215.0,-12.5,-0.049
Sierra Nevada,215.0,-12.5,0.178
Southern Rockies,215.0,-12.5,-0.008
Wasatch and Uinta Mountains,215.0,-12.5,0.097
