eco_region,lon,lat,rho
Arizona/New Mexico Mountains,215.0,17.5,0.227
Blue Mountains,215.0,17.5,0.315
Canadian Rockies,215.0,17.5,0.309
Cascades,215.0,17.5,0.425
Central Basin and Range,215.0,17.5,0.411
Columbia Mountains/Northern Rockies,215.0,17.5,0.384
Eastern Cascades Slopes and Foothills,215.0,17.5,0.378
Idaho Batholith,215.0,17.5,0.284
Klamath Mountains,215.0,17.5,0.315
Middle Rockies,215.0,17.5,0.373
North Cascades,215.0,17.5,0.383
Northern Basin and Range,215.0,17.5,0.373
Sierra Nevada,215.0,17.5,0.323
Southern Rockies,215.0,17.5,0.385
Wasatch and Uinta Mountains,215.0,17.5,0.246
