eco_region,lon,lat,rho
Arizona/New Mexico Mountains,180.0,40.0,-0.098
Blue Mountains,180.0,40.0,0.013
Canadian Rockies,180.0,40.0,0.037
Cascades,180.0,40.0,0.066
Central Basin and Range,180.0,40.0,-0.081
Columbia Mountains/Northern Rockies,180.0,40.0,0.041
Eastern Cascades Slopes and Foothills,180.0,40.0,0.042
Idaho Batholith,180.0,40.0,0.086
Klamath Mountains,180.0,40.0,0.011
Middle Rockies,180.0,40.0,-0.026
North Cascades,180.0,40.0,-0.042
Northern Basin and Range,180.0,40.0,-0.005
Sierra Nevada,180.0,40.0,0.049
Southern Rockies,180.0,40.0,0.083
Wasatch and Uinta Mountains,180.0,40.0,0.031
