eco_region,lon,lat,rho
Arizona/New Mexico Mountains,227.5,27.5,0.092
Blue Mountains,227.5,27.5,0.087
Canadian Rockies,227.5,27.5,0.184
Cascades,227.5,27.5,0.287
Central Basin and Range,227.5,27.5,0.274
Columbia Mountains/Northern Rockies,227.5,27.5,0.243
Eastern Cascades Slopes and Foothills,227.5,27.5,0.243
Idaho Batholith,227.5,27.5,0.134
Klamath Mountains,227.5,27.5,0.201
Middle Rockies,227.5,27.5,0.164
North Cascades,227.5,27.5,0.274
Northern Basin and Range,227.5,27.5,0.155
Sierra Nevada,227.5,27.5,0.309
Southern Rockies,227.5,27.5,0.177
Wasatch and Uinta Mountains,227.5,27.5,0.341
