eco_region,lon,lat,rho
Arizona/New Mexico Mountains,227.5,-5.0,0.159
Blue Mountains,227.5,-5.0,0.201
Canadian Rockies,227.5,-5.0,0.261
Cascades,227.5,-5.0,0.273
Central Basin and Range,227.5,-5.0,0.34
Columbia Mountains/Northern Rockies,227.5,-5.0,0.325
Eastern Cascades Slopes and Foothills,227.5,-5.0,0.226
Idaho Batholith,227.5,-5.0,0.307
Klamath Mountains,227.5,-5.0,0.326
Middle Rockies,227.5,-5.0,0.343
North Cascades,227.5,-5.0,0.039
Northern Basin and Range,227.5,-5.0,0.186
Sierra Nevada,227.5,-5.0,0.323
Southern Rockies,227.5,-5.0,0.393
Wasatch and Uinta Mountains,227.5,-5.0,0.363
