eco_region,lon,lat,rho
Arizona/New Mexico Mountains,202.5,35.0,0.163
Blue Mountains,202.5,35.0,-0.042
Canadian Rockies,202.5,35.0,0.066
Cascades,202.5,35.0,0.036
Central Basin and Range,202.5,35.0,0.026
Columbia Mountains/Northern Rockies,202.5,35.0,0.045
Eastern Cascades Slopes and Foothills,202.5,35.0,-0.074
Idaho Batholith,202.5,35.0,-0.053
Klamath Mountains,202.5,35.0,-0.09
Middle Rockies,202.5,35.0,0.04
North Cascades,202.5,35.0,0.09
Northern Basin and Range,202.5,35.0,-0.052
Sierra Nevada,202.5,35.0,0.036
Southern Rockies,202.5,35.0,0.08
Wasatch and Uinta Mountains,202.5,35.0,0.065
