eco_region,lon,lat,rho
Arizona/New Mexico Mountains,227.5,22.5,0.084
Blue Mountains,227.5,22.5,0.066
Canadian Rockies,227.5,22.5,-0.017
Cascades,227.5,22.5,0.216
Central Basin and Range,227.5,22.5,0.035
Columbia Mountains/Northern Rockies,227.5,22.5,0.079
Eastern Cascades Slopes and Foothills,227.5,22.5,-0.013
Idaho Batholith,227.5,22.5,0.035
Klamath Mountains,227.5,22.5,0.011
Middle Rockies,227.5,22.5,0.053
North Cascades,227.5,22.5,0.071
Northern Basin and Range,227.5,22.5,0.071
Sierra Nevada,227.5,22.5,-0.001
Southern Rockies,227.5,22.5,0.11
Wasatch and Uinta Mountains,227.5,22.5,0.087
