eco_region,lon,lat,rho
Arizona/New Mexico Mountains,207.5,20.0,0.065
Blue Mountains,207.5,20.0,0.07
Canadian Rockies,207.5,20.0,0.011
Cascades,207.5,20.0,0.25
Central Basin and Range,207.5,20.0,0.032
Columbia Mountains/Northern Rockies,207.5,20.0,-0.085
Eastern Cascades Slopes and Foothills,207.5,20.0,0.137
Idaho Batholith,207.5,20.0,-0.041
Klamath Mountains,207.5,20.0,0.144
Middle Rockies,207.5,20.0,0.058
North Cascades,207.5,20.0,0.073
Northern Basin and Range,207.5,20.0,0.148
Sierra Nevada,207.5,20.0,-0.183
Southern Rockies,207.5,20.0,0.153
Wasatch and Uinta Mountains,207.5,20.0,0.072
