eco_region,lon,lat,rho
Arizona/New Mexico Mountains,247.5,10.0,0.116
Blue Mountains,247.5,10.0,-0.033
Canadian Rockies,247.5,10.0,0.01
Cascades,247.5,10.0,0.146
Central Basin and Range,247.5,10.0,0.079
Columbia Mountains/Northern Rockies,247.5,10.0,0.077
Eastern Cascades Slopes and Foothills,247.5,10.0,0.212
Idaho Batholith,247.5,10.0,0.022
Klamath Mountains,247.5,10.0,0.06
Middle Rockies,247.5,10.0,0.06
North Cascades,247.5,10.0,0.153
Northern Basin and Range,247.5,10.0,0.047
Sierra Nevada,247.5,10.0,0.03
Southern Rockies,247.5,10.0,0.057
Wasatch and Uinta Mountains,247.5,10.0,-0.09
