eco_region,lon,lat,rho
Arizona/New Mexico Mountains,215.0,0.0,0.184
Blue Mountains,215.0,0.0,0.168
Canadian Rockies,215.0,0.0,0.28
Cascades,215.0,0.0,0.306
Central Basin and Range,215.0,0.0,0.236
Columbia Mountains/Northern Rockies,215.0,0.0,0.236
Eastern Cascades Slopes and Foothills,215.0,0.0,0.265
Idaho Batholith,215.0,0.0,0.173
Klamath Mountains,215.0,0.0,0.271
Middle Rockies,215.0,0.0,0.038
North Cascades,215.0,0.0,0.202
Northern Basin and Range,215.0,0.0,0.085
Sierra Nevada,215.0,0.0,0.205
Southern Rockies,215.0,0.0,0.41
Wasatch and Uinta Mountains,215.0,0.0,0.089
