eco_region,lon,lat,rho
Arizona/New Mexico Mountains,210.0,-5.0,0.111
Blue Mountains,210.0,-5.0,0.217
Canadian Rockies,210.0,-5.0,0.358
Cascades,210.0,-5.0,0.26
Central Basin and Range,210.0,-5.0,0.126
Columbia Mountains/Northern Rockies,210.0,-5.0,0.333
Eastern Cascades Slopes and Foothills,210.0,-5.0,0.047
Idaho Batholith,210.0,-5.0,0.28
Klamath Mountains,210.0,-5.0,0.227
Middle Rockies,210.0,-5.0,0.145
North Cascades,210.0,-5.0,0.03
Northern Basin and Range,210.0,-5.0,0.107
Sierra Nevada,210.0,-5.0,0.125
Southern Rockies,210.0,-5.0,0.397
Wasatch and Uinta Mountains,210.0,-5.0,0.355
