eco_region,lon,lat,rho
Arizona/New Mexico Mountains,272.5,-5.0,0.226
Blue Mountains,272.5,-5.0,0.325
Canadian Rockies,272.5,-5.0,0.33
Cascades,272.5,-5.0,0.415
Central Basin and Range,272.5,-5.0,0.454
Columbia Mountains/Northern Rockies,272.5,-5.0,0.051
Eastern Cascades Slopes and Foothills,272.5,-5.0,0.372
Idaho Batholith,272.5,-5.0,0.09
Klamath Mountains,272.5,-5.0,0.418
Middle Rockies,272.5,-5.0,0.221
North Cascades,272.5,-5.0,0.259
Northern Basin and Range,272.5,-5.0,0.343
Sierra Nevada,272.5,-5.0,0.282
Southern Rockies,272.5,-5.0,0.081
Wasatch and Uinta Mountains,272.5,-5.0,0.139
