eco_region,lon,lat,rho
Arizona/New Mexico Mountains,262.5,40.0,0.017
Blue Mountains,262.5,40.0,0.052
Canadian Rockies,262.5,40.0,0.098
Cascades,262.5,40.0,0.025
Central Basin and Range,262.5,40.0,0.097
Columbia Mountains/Northern Rockies,262.5,40.0,0.151
Eastern Cascades Slopes and Foothills,262.5,40.0,0.117
Idaho Batholith,262.5,40.0,0.132
Klamath Mountains,262.5,40.0,0.11
Middle Rockies,262.5,40.0,0.172
North Cascades,262.5,40.0,0.067
Northern Basin and Range,262.5,40.0,-0.031
Sierra Nevada,262.5,40.0,0.113
Southern Rockies,262.5,40.0,0.15
Wasatch and Uinta Mountains,262.5,40.0,0.022
