eco_region,lon,lat,rho
Arizona/New Mexico Mountains,245.0,57.5,0.066
Blue Mountains,245.0,57.5,-0.022
Canadian Rockies,245.0,57.5,0.107
Cascades,245.0,57.5,0.076
Central Basin and Range,245.0,57.5,0.172
Columbia Mountains/Northern Rockies,245.0,57.5,0.089
Eastern Cascades Slopes and Foothills,245.0,57.5,-0.086
Idaho Batholith,245.0,57.5,0.082
Klamath Mountains,245.0,57.5,-0.005
Middle Rockies,245.0,57.5,0.053
North Cascades,245.0,57.5,0.05
Northern Basin and Range,245.0,57.5,0.016
Sierra Nevada,245.0,57.5,0.042
Southern Rockies,245.0,57.5,0.118
Wasatch and Uinta Mountains,245.0,57.5,-0.004
