eco_region,lon,lat,rho
Arizona/New Mexico Mountains,215.0,-12.5,0.191
Blue Mountains,215.0,-12.5,0.012
Canadian Rockies,215.0,-12.5,0.001
Cascades,215.0,-12.5,0.126
Central Basin and Range,215.0,-12.5,0.024
Columbia Mountains/Northern Rockies,215.0,-12.5,0.034
Eastern Cascades Slopes and Foothills,215.0,-12.5,-0.064
Idaho Batholith,215.0,-12.5,0.017
Klamath Mountains,215.0,-12.5,0.118
Middle Rockies,215.0,-12.5,0.054
North Cascades,215.0,-12.5,0.245
Northern Basin and Range,215.0,-12.5,0.04
Sierra Nevada,215.0,-12.5,0.056
Southern Rockies,215.0,-12.5,-0.085
Wasatch and Uinta Mountains,215.0,-12.5,-0.025
