eco_region,lon,lat,rho
Arizona/New Mexico Mountains,235.0,30.0,0.121
Blue Mountains,235.0,30.0,0.067
Canadian Rockies,235.0,30.0,0.0
Cascades,235.0,30.0,0.132
Central Basin and Range,235.0,30.0,0.07
Columbia Mountains/Northern Rockies,235.0,30.0,0.068
Eastern Cascades Slopes and Foothills,235.0,30.0,0.104
Idaho Batholith,235.0,30.0,0.039
Klamath Mountains,235.0,30.0,-0.041
Middle Rockies,235.0,30.0,0.105
North Cascades,235.0,30.0,0.107
Northern Basin and Range,235.0,30.0,0.129
Sierra Nevada,235.0,30.0,0.145
Southern Rockies,235.0,30.0,0.152
Wasatch and Uinta Mountains,235.0,30.0,0.074
