eco_region,lon,lat,rho
Arizona/New Mexico Mountains,187.5,17.5,0.015
Blue Mountains,187.5,17.5,-0.014
Canadian Rockies,187.5,17.5,0.15
Cascades,187.5,17.5,-0.11
Central Basin and Range,187.5,17.5,-0.053
Columbia Mountains/Northern Rockies,187.5,17.5,0.101
Eastern Cascades Slopes and Foothills,187.5,17.5,0.043
Idaho Batholith,187.5,17.5,0.058
Klamath Mountains,187.5,17.5,0.267
Middle Rockies,187.5,17.5,0.043
North Cascades,187.5,17.5,-0.018
Northern Basin and Range,187.5,17.5,0.081
Sierra Nevada,187.5,17.5,0.076
Southern Rockies,187.5,17.5,0.033
Wasatch and Uinta Mountains,187.5,17.5,-0.025
