eco_region,lon,lat,rho
Arizona/New Mexico Mountains,230.0,45.0,0.006
Blue Mountains,230.0,45.0,0.026
Canadian Rockies,230.0,45.0,0.145
Cascades,230.0,45.0,0.111
Central Basin and Range,230.0,45.0,-0.036
Columbia Mountains/Northern Rockies,230.0,45.0,0.003
Eastern Cascades Slopes and Foothills,230.0,45.0,0.057
Idaho Batholith,230.0,45.0,0.116
Klamath Mountains,230.0,45.0,0.074
Middle Rockies,230.0,45.0,0.104
North Cascades,230.0,45.0,0.108
Northern Basin and Range,230.0,45.0,0.016
Sierra Nevada,230.0,45.0,0.12
Southern Rockies,230.0,45.0,0.044
Wasatch and Uinta Mountains,230.0,45.0,-0.032
