eco_region,lon,lat,rho
Arizona/New Mexico Mountains,275.0,-20.0,0.15
Blue Mountains,275.0,-20.0,0.213
Canadian Rockies,275.0,-20.0,0.28
Cascades,275.0,-20.0,0.216
Central Basin and Range,275.0,-20.0,0.275
Columbia Mountains/Northern Rockies,275.0,-20.0,0.319
Eastern Cascades Slopes and Foothills,275.0,-20.0,0.233
Idaho Batholith,275.0,-20.0,0.281
Klamath Mountains,275.0,-20.0,0.253
Middle Rockies,275.0,-20.0,0.193
North Cascades,275.0,-20.0,0.263
Northern Basin and Range,275.0,-20.0,0.24
Sierra Nevada,275.0,-20.0,0.308
Southern Rockies,275.0,-20.0,0.32
Wasatch and Uinta Mountains,275.0,-20.0,0.076
