eco_region,lon,lat,rho
Arizona/New Mexico Mountains,257.5,-12.5,0.15
Blue Mountains,257.5,-12.5,0.242
Canadian Rockies,257.5,-12.5,0.16
Cascades,257.5,-12.5,0.259
Central Basin and Range,257.5,-12.5,0.34
Columbia Mountains/Northern Rockies,257.5,-12.5,0.24
Eastern Cascades Slopes and Foothills,257.5,-12.5,0.201
Idaho Batholith,257.5,-12.5,0.233
Klamath Mountains,257.5,-12.5,0.017
Middle Rockies,257.5,-12.5,0.381
North Cascades,257.5,-12.5,0.232
Northern Basin and Range,257.5,-12.5,0.264
Sierra Nevada,257.5,-12.5,0.081
Southern Rockies,257.5,-12.5,0.144
Wasatch and Uinta Mountains,257.5,-12.5,0.198
