eco_region,lon,lat,rho
Arizona/New Mexico Mountains,280.0,37.5,-0.062
Blue Mountains,280.0,37.5,-0.003
Canadian Rockies,280.0,37.5,-0.054
Cascades,280.0,37.5,-0.051
Central Basin and Range,280.0,37.5,0.063
Columbia Mountains/Northern Rockies,280.0,37.5,0.042
Eastern Cascades Slopes and Foothills,280.0,37.5,0.054
Idaho Batholith,280.0,37.5,0.008
Klamath Mountains,280.0,37.5,0.101
Middle Rockies,280.0,37.5,0.045
North Cascades,280.0,37.5,-0.026
Northern Basin and Range,280.0,37.5,0.062
Sierra Nevada,280.0,37.5,0.037
Southern Rockies,280.0,37.5,0.044
Wasatch and Uinta Mountains,280.0,37.5,0.064
