eco_region,lon,lat,rho
Arizona/New Mexico Mountains,205.0,-12.5,0.13
Blue Mountains,205.0,-12.5,0.265
Canadian Rockies,205.0,-12.5,0.274
Cascades,205.0,-12.5,0.336
Central Basin and Range,205.0,-12.5,0.156
Columbia Mountains/Northern Rockies,205.0,-12.5,0.335
Eastern Cascades Slopes and Foothills,205.0,-12.5,0.151
Idaho Batholith,205.0,-12.5,0.248
Klamath Mountains,205.0,-12.5,0.317
Middle Rockies,205.0,-12.5,0.29
North Cascades,205.0,-12.5,0.237
Northern Basin and Range,205.0,-12.5,0.148
Sierra Nevada,205.0,-12.5,0.335
Southern Rockies,205.0,-12.5,0.408
Wasatch and Uinta Mountains,205.0,-12.5,0.105
