eco_region,lon,lat,rho
Arizona/New Mexico Mountains,185.0,20.0,0.012
Blue Mountains,185.0,20.0,-0.045
Canadian Rockies,185.0,20.0,0.232
Cascades,185.0,20.0,-0.013
Central Basin and Range,185.0,20.0,-0.096
Columbia Mountains/Northern Rockies,185.0,20.0,0.117
Eastern Cascades Slopes and Foothills,185.0,20.0,-0.003
Idaho Batholith,185.0,20.0,0.097
Klamath Mountains,185.0,20.0,0.175
Middle Rockies,185.0,20.0,0.104
North Cascades,185.0,20.0,0.111
Northern Basin and Range,185.0,20.0,0.091
Sierra Nevada,185.0,20.0,0.073
Southern Rockies,185.0,20.0,0.093
Wasatch and Uinta Mountains,185.0,20.0,-0.039
