eco_region,lon,lat,rho
Arizona/New Mexico Mountains,195.0,37.5,0.049
Blue Mountains,195.0,37.5,-0.021
Canadian Rockies,195.0,37.5,-0.037
Cascades,195.0,37.5,0.083
Central Basin and Range,195.0,37.5,0.043
Columbia Mountains/Northern Rockies,195.0,37.5,0.098
Eastern Cascades Slopes and Foothills,195.0,37.5,-0.051
Idaho Batholith,195.0,37.5,0.071
Klamath Mountains,195.0,37.5,-0.091
Middle Rockies,195.0,37.5,-0.071
North Cascades,195.0,37.5,0.001
Northern Basin and Range,195.0,37.5,-0.067
Sierra Nevada,195.0,37.5,0.083
Southern Rockies,195.0,37.5,0.007
Wasatch and Uinta Mountains,195.0,37.5,-0.009
