eco_region,lon,lat,rho
Arizona/New Mexico Mountains,222.5,25.0,0.146
Blue Mountains,222.5,25.0,0.182
Canadian Rockies,222.5,25.0,0.295
Cascades,222.5,25.0,0.31
Central Basin and Range,222.5,25.0,0.333
Columbia Mountains/Northern Rockies,222.5,25.0,0.308
Eastern Cascades Slopes and Foothills,222.5,25.0,0.314
Idaho Batholith,222.5,25.0,0.239
Klamath Mountains,222.5,25.0,0.24
Middle Rockies,222.5,25.0,0.335
North Cascades,222.5,25.0,0.333
Northern Basin and Range,222.5,25.0,0.24
Sierra Nevada,222.5,25.0,0.349
Southern Rockies,222.5,25.0,0.261
Wasatch and Uinta Mountains,222.5,25.0,0.393
