eco_region,lon,lat,rho
Arizona/New Mexico Mountains,197.5,17.5,0.198
Blue Mountains,197.5,17.5,0.153
Canadian Rockies,197.5,17.5,0.187
Cascades,197.5,17.5,0.341
Central Basin and Range,197.5,17.5,0.285
Columbia Mountains/Northern Rockies,197.5,17.5,0.234
Eastern Cascades Slopes and Foothills,197.5,17.5,0.145
Idaho Batholith,197.5,17.5,-0.004
Klamath Mountains,197.5,17.5,0.336
Middle Rockies,197.5,17.5,0.196
North Cascades,197.5,17.5,0.369
Northern Basin and Range,197.5,17.5,0.286
Sierra Nevada,197.5,17.5,0.125
Southern Rockies,197.5,17.5,0.059
Wasatch and Uinta Mountains,197.5,17.5,0.137
