eco_region,lon,lat,rho
Arizona/New Mexico Mountains,187.5,-12.5,0.147
Blue Mountains,187.5,-12.5,0.086
Canadian Rockies,187.5,-12.5,0.097
Cascades,187.5,-12.5,0.212
Central Basin and Range,187.5,-12.5,0.145
Columbia Mountains/Northern Rockies,187.5,-12.5,0.148
Eastern Cascades Slopes and Foothills,187.5,-12.5,0.181
Idaho Batholith,187.5,-12.5,0.116
Klamath Mountains,187.5,-12.5,0.097
Middle Rockies,187.5,-12.5,-0.027
North Cascades,187.5,-12.5,0.198
Northern Basin and Range,187.5,-12.5,0.108
Sierra Nevada,187.5,-12.5,0.151
Southern Rockies,187.5,-12.5,0.141
Wasatch and Uinta Mountains,187.5,-12.5,0.039
