eco_region,lon,lat,rho
Arizona/New Mexico Mountains,242.5,52.5,-0.034
Blue Mountains,242.5,52.5,0.0
Canadian Rockies,242.5,52.5,-0.037
Cascades,242.5,52.5,0.061
Central Basin and Range,242.5,52.5,0.021
Columbia Mountains/Northern Rockies,242.5,52.5,0.091
Eastern Cascades Slopes and Foothills,242.5,52.5,-0.004
Idaho Batholith,242.5,52.5,0.054
Klamath Mountains,242.5,52.5,0.042
Middle Rockies,242.5,52.5,0.18
North Cascades,242.5,52.5,0.043
Northern Basin and Range,242.5,52.5,0.014
Sierra Nevada,242.5,52.5,0.11
Southern Rockies,242.5,52.5,0.067
Wasatch and Uinta Mountains,242.5,52.5,0.032
