eco_region,lon,lat,rho
Arizona/New Mexico Mountains,262.5,15.0,0.118
Blue Mountains,262.5,15.0,0.069
Canadian Rockies,262.5,15.0,0.108
Cascades,262.5,15.0,0.164
Central Basin and Range,262.5,15.0,0.28
Columbia Mountains/Northern Rockies,262.5,15.0,0.078
Eastern Cascades Slopes and Foothills,262.5,15.0,0.175
Idaho Batholith,262.5,15.0,0.053
Klamath Mountains,262.5,15.0,0.051
Middle Rockies,262.5,15.0,0.209
North Cascades,262.5,15.0,0.053
Northern Basin and Range,262.5,15.0,-0.01
Sierra Nevada,262.5,15.0,0.213
Southern Rockies,262.5,15.0,0.103
Wasatch and Uinta Mountains,262.5,15.0,0.144
