eco_region,lon,lat,rho
Arizona/New Mexico Mountains,270.0,30.0,-0.042
Blue Mountains,270.0,30.0,0.062
Canadian Rockies,270.0,30.0,-0.006
Cascades,270.0,30.0,0.047
Central Basin and Range,270.0,30.0,0.107
Columbia Mountains/Northern Rockies,270.0,30.0,0.056
Eastern Cascades Slopes and Foothills,270.0,30.0,0.102
Idaho Batholith,270.0,30.0,0.182
Klamath Mountains,270.0,30.0,0.097
Middle Rockies,270.0,30.0,0.085
North Cascades,270.0,30.0,-0.018
Northern Basin and Range,270.0,30.0,-0.008
Sierra Nevada,270.0,30.0,0.095
Southern Rockies,270.0,30.0,0.202
Wasatch and Uinta Mountains,270.0,30.0,0.062
