eco_region,lon,lat,rho
Arizona/New Mexico Mountains,280.0,37.5,-0.002
Blue Mountains,280.0,37.5,0.101
Canadian Rockies,280.0,37.5,-0.045
Cascades,280.0,37.5,0.028
Central Basin and Range,280.0,37.5,0.058
Columbia Mountains/Northern Rockies,280.0,37.5,0.031
Eastern Cascades Slopes and Foothills,280.0,37.5,0.151
Idaho Batholith,280.0,37.5,0.023
Klamath Mountains,280.0,37.5,0.097
Middle Rockies,280.0,37.5,-0.033
North Cascades,280.0,37.5,0.0
Northern Basin and Range,280.0,37.5,0.063
Sierra Nevada,280.0,37.5,-0.011
Southern Rockies,280.0,37.5,-0.099
Wasatch and Uinta Mountains,280.0,37.5,-0.082
