eco_region,lon,lat,rho
Arizona/New Mexico Mountains,207.5,37.5,0.04
Blue Mountains,207.5,37.5,0.114
Canadian Rockies,207.5,37.5,-0.048
Cascades,207.5,37.5,-0.001
Central Basin and Range,207.5,37.5,-0.017
Columbia Mountains/Northern Rockies,207.5,37.5,0.078
Eastern Cascades Slopes and Foothills,207.5,37.5,-0.072
Idaho Batholith,207.5,37.5,0.047
Klamath Mountains,207.5,37.5,-0.074
Middle Rockies,207.5,37.5,0.079
North Cascades,207.5,37.5,0.056
Northern Basin and Range,207.5,37.5,0.058
Sierra Nevada,207.5,37.5,0.101
Southern Rockies,207.5,37.5,-0.026
Wasatch and Uinta Mountains,207.5,37.5,0.052
