eco_region,lon,lat,rho
Arizona/New Mexico Mountains,197.5,32.5,0.056
Blue Mountains,197.5,32.5,-0.051
Canadian Rockies,197.5,32.5,0.012
Cascades,197.5,32.5,0.004
Central Basin and Range,197.5,32.5,0.054
Columbia Mountains/Northern Rockies,197.5,32.5,0.073
Eastern Cascades Slopes and Foothills,197.5,32.5,-0.006
Idaho Batholith,197.5,32.5,0.022
Klamath Mountains,197.5,32.5,0.065
Middle Rockies,197.5,32.5,-0.114
North Cascades,197.5,32.5,0.095
Northern Basin and Range,197.5,32.5,0.026
Sierra Nevada,197.5,32.5,-0.043
Southern Rockies,197.5,32.5,0.129
Wasatch and Uinta Mountains,197.5,32.5,0.108
