eco_region,lon,lat,rho
Arizona/New Mexico Mountains,207.5,55.0,0.001
Blue Mountains,207.5,55.0,0.12
Canadian Rockies,207.5,55.0,0.215
Cascades,207.5,55.0,0.158
Central Basin and Range,207.5,55.0,0.162
Columbia Mountains/Northern Rockies,207.5,55.0,0.161
Eastern Cascades Slopes and Foothills,207.5,55.0,-0.096
Idaho Batholith,207.5,55.0,0.05
Klamath Mountains,207.5,55.0,-0.046
Middle Rockies,207.5,55.0,0.081
North Cascades,207.5,55.0,-0.068
Northern Basin and Range,207.5,55.0,0.079
Sierra Nevada,207.5,55.0,-0.026
Southern Rockies,207.5,55.0,0.104
Wasatch and Uinta Mountains,207.5,55.0,0.027
