eco_region,lon,lat,rho
Arizona/New Mexico Mountains,265.0,20.0,-0.038
Blue Mountains,265.0,20.0,0.107
Canadian Rockies,265.0,20.0,0.088
Cascades,265.0,20.0,0.115
Central Basin and Range,265.0,20.0,0.226
Columbia Mountains/Northern Rockies,265.0,20.0,0.112
Eastern Cascades Slopes and Foothills,265.0,20.0,0.108
Idaho Batholith,265.0,20.0,0.148
Klamath Mountains,265.0,20.0,0.007
Middle Rockies,265.0,20.0,0.167
North Cascades,265.0,20.0,0.192
Northern Basin and Range,265.0,20.0,0.107
Sierra Nevada,265.0,20.0,0.147
Southern Rockies,265.0,20.0,0.143
Wasatch and Uinta Mountains,265.0,20.0,0.124
