eco_region,lon,lat,rho
Arizona/New Mexico Mountains,227.5,10.0,0.203
Blue Mountains,227.5,10.0,0.259
Canadian Rockies,227.5,10.0,0.1
Cascades,227.5,10.0,0.354
Central Basin and Range,227.5,10.0,0.315
Columbia Mountains/Northern Rockies,227.5,10.0,0.251
Eastern Cascades Slopes and Foothills,227.5,10.0,0.334
Idaho Batholith,227.5,10.0,0.122
Klamath Mountains,227.5,10.0,0.335
Middle Rockies,227.5,10.0,0.234
North Cascades,227.5,10.0,0.198
Northern Basin and Range,227.5,10.0,0.172
Sierra Nevada,227.5,10.0,0.157
Southern Rockies,227.5,10.0,0.22
Wasatch and Uinta Mountains,227.5,10.0,0.007
