eco_region,lon,lat,rho
Arizona/New Mexico Mountains,267.5,-12.5,0.244
Blue Mountains,267.5,-12.5,0.361
Canadian Rockies,267.5,-12.5,0.234
Cascades,267.5,-12.5,0.408
Central Basin and Range,267.5,-12.5,0.478
Columbia Mountains/Northern Rockies,267.5,-12.5,0.409
Eastern Cascades Slopes and Foothills,267.5,-12.5,0.351
Idaho Batholith,267.5,-12.5,0.314
Klamath Mountains,267.5,-12.5,0.382
Middle Rockies,267.5,-12.5,0.343
North Cascades,267.5,-12.5,0.241
Northern Basin and Range,267.5,-12.5,0.347
Sierra Nevada,267.5,-12.5,0.349
Southern Rockies,267.5,-12.5,0.442
Wasatch and Uinta Mountains,267.5,-12.5,0.057
