eco_region,lon,lat,rho
Arizona/New Mexico Mountains,255.0,-17.5,0.161
Blue Mountains,255.0,-17.5,0.21
Canadian Rockies,255.0,-17.5,0.303
Cascades,255.0,-17.5,0.269
Central Basin and Range,255.0,-17.5,0.306
Columbia Mountains/Northern Rockies,255.0,-17.5,0.286
Eastern Cascades Slopes and Foothills,255.0,-17.5,0.206
Idaho Batholith,255.0,-17.5,0.279
Klamath Mountains,255.0,-17.5,0.246
Middle Rockies,255.0,-17.5,0.268
North Cascades,255.0,-17.5,0.353
Northern Basin and Range,255.0,-17.5,0.156
Sierra Nevada,255.0,-17.5,0.234
Southern Rockies,255.0,-17.5,0.292
Wasatch and Uinta Mountains,255.0,-17.5,0.363
