eco_region,lon,lat,rho
Arizona/New Mexico Mountains,182.5,-20.0,0.136
Blue Mountains,182.5,-20.0,0.0
Canadian Rockies,182.5,-20.0,0.1
Cascades,182.5,-20.0,0.157
Central Basin and Range,182.5,-20.0,0.012
Columbia Mountains/Northern Rockies,182.5,-20.0,0.13
Eastern Cascades Slopes and Foothills,182.5,-20.0,-0.003
Idaho Batholith,182.5,-20.0,-0.03
Klamath Mountains,182.5,-20.0,0.156
Middle Rockies,182.5,-20.0,0.116
North Cascades,182.5,-20.0,0.124
Northern Basin and Range,182.5,-20.0,0.112
Sierra Nevada,182.5,-20.0,0.09
Southern Rockies,182.5,-20.0,0.079
Wasatch and Uinta Mountains,182.5,-20.0,-0.015
