eco_region,lon,lat,rho
Arizona/New Mexico Mountains,262.5,47.5,-0.101
Blue Mountains,262.5,47.5,-0.028
Canadian Rockies,262.5,47.5,0.103
Cascades,262.5,47.5,0.05
Central Basin and Range,262.5,47.5,0.041
Columbia Mountains/Northern Rockies,262.5,47.5,0.013
Eastern Cascades Slopes and Foothills,262.5,47.5,0.044
Idaho Batholith,262.5,47.5,0.055
Klamath Mountains,262.5,47.5,-0.144
Middle Rockies,262.5,47.5,0.04
North Cascades,262.5,47.5,0.131
Northern Basin and Range,262.5,47.5,-0.043
Sierra Nevada,262.5,47.5,-0.002
Southern Rockies,262.5,47.5,-0.029
Wasatch and Uinta Mountains,262.5,47.5,0.026
