eco_region,lon,lat,rho
Arizona/New Mexico Mountains,232.5,-12.5,0.252
Blue Mountains,232.5,-12.5,0.28
Canadian Rockies,232.5,-12.5,0.165
Cascades,232.5,-12.5,0.358
Central Basin and Range,232.5,-12.5,0.375
Columbia Mountains/Northern Rockies,232.5,-12.5,0.146
Eastern Cascades Slopes and Foothills,232.5,-12.5,0.293
Idaho Batholith,232.5,-12.5,0.127
Klamath Mountains,232.5,-12.5,0.334
Middle Rockies,232.5,-12.5,0.356
North Cascades,232.5,-12.5,0.176
Northern Basin and Range,232.5,-12.5,0.145
Sierra Nevada,232.5,-12.5,0.208
Southern Rockies,232.5,-12.5,0.071
Wasatch and Uinta Mountains,232.5,-12.5,0.031
