eco_region,lon,lat,rho
Arizona/New Mexico Mountains,255.0,35.0,-0.045
Blue Mountains,255.0,35.0,0.008
Canadian Rockies,255.0,35.0,0.23
Cascades,255.0,35.0,0.045
Central Basin and Range,255.0,35.0,0.062
Columbia Mountains/Northern Rockies,255.0,35.0,0.185
Eastern Cascades Slopes and Foothills,255.0,35.0,0.114
Idaho Batholith,255.0,35.0,0.275
Klamath Mountains,255.0,35.0,0.047
Middle Rockies,255.0,35.0,0.234
North Cascades,255.0,35.0,0.162
Northern Basin and Range,255.0,35.0,0.045
Sierra Nevada,255.0,35.0,0.11
Southern Rockies,255.0,35.0,0.138
Wasatch and Uinta Mountains,255.0,35.0,0.084
