eco_region,lon,lat,rho
Arizona/New Mexico Mountains,197.5,52.5,-0.047
Blue Mountains,197.5,52.5,0.113
Canadian Rockies,197.5,52.5,0.174
Cascades,197.5,52.5,0.199
Central Basin and Range,197.5,52.5,0.055
Columbia Mountains/Northern Rockies,197.5,52.5,0.158
Eastern Cascades Slopes and Foothills,197.5,52.5,0.061
Idaho Batholith,197.5,52.5,0.166
Klamath Mountains,197.5,52.5,0.083
Middle Rockies,197.5,52.5,0.094
North Cascades,197.5,52.5,0.08
Northern Basin and Range,197.5,52.5,0.036
Sierra Nevada,197.5,52.5,0.032
Southern Rockies,197.5,52.5,0.105
Wasatch and Uinta Mountains,197.5,52.5,-0.107
