eco_region,lon,lat,rho
Arizona/New Mexico Mountains,185.0,2.5,-0.045
Blue Mountains,185.0,2.5,0.084
Canadian Rockies,185.0,2.5,0.027
Cascades,185.0,2.5,0.09
Central Basin and Range,185.0,2.5,0.146
Columbia Mountains/Northern Rockies,185.0,2.5,0.008
Eastern Cascades Slopes and Foothills,185.0,2.5,0.12
Idaho Batholith,185.0,2.5,-0.04
Klamath Mountains,185.0,2.5,0.272
Middle Rockies,185.0,2.5,0.034
North Cascades,185.0,2.5,0.103
Northern Basin and Range,185.0,2.5,0.11
Sierra Nevada,185.0,2.5,0.066
Southern Rockies,185.0,2.5,0.161
Wasatch and Uinta Mountains,185.0,2.5,0.003
