eco_region,lon,lat,rho
Arizona/New Mexico Mountains,197.5,-12.5,0.082
Blue Mountains,197.5,-12.5,-0.055
Canadian Rockies,197.5,-12.5,0.07
Cascades,197.5,-12.5,0.067
Central Basin and Range,197.5,-12.5,-0.047
Columbia Mountains/Northern Rockies,197.5,-12.5,0.024
Eastern Cascades Slopes and Foothills,197.5,-12.5,0.107
Idaho Batholith,197.5,-12.5,0.023
Klamath Mountains,197.5,-12.5,0.046
Middle Rockies,197.5,-12.5,0.074
North Cascades,197.5,-12.5,0.087
Northern Basin and Range,197.5,-12.5,0.006
Sierra Nevada,197.5,-12.5,-0.046
Southern Rockies,197.5,-12.5,-0.029
Wasatch and Uinta Mountains,197.5,-12.5,-0.082
