eco_region,lon,lat,rho
Arizona/New Mexico Mountains,272.5,42.5,0.031
Blue Mountains,272.5,42.5,0.034
Canadian Rockies,272.5,42.5,-0.037
Cascades,272.5,42.5,0.091
Central Basin and Range,272.5,42.5,0.015
Columbia Mountains/Northern Rockies,272.5,42.5,-0.029
Eastern Cascades Slopes and Foothills,272.5,42.5,0.076
Idaho Batholith,272.5,42.5,-0.038
Klamath Mountains,272.5,42.5,0.137
Middle Rockies,272.5,42.5,-0.008
North Cascades,272.5,42.5,-0.03
Northern Basin and Range,272.5,42.5,0.043
Sierra Nevada,272.5,42.5,-0.04
Southern Rockies,272.5,42.5,-0.1
Wasatch and Uinta Mountains,272.5,42.5,0.076
