eco_region,lon,lat,rho
Arizona/New Mexico Mountains,245.0,12.5,0.223
Blue Mountains,245.0,12.5,0.135
Canadian Rockies,245.0,12.5,0.25
Cascades,245.0,12.5,0.277
Central Basin and Range,245.0,12.5,0.265
Columbia Mountains/Northern Rockies,245.0,12.5,-0.035
Eastern Cascades Slopes and Foothills,245.0,12.5,0.213
Idaho Batholith,245.0,12.5,0.093
Klamath Mountains,245.0,12.5,0.333
Middle Rockies,245.0,12.5,-0.002
North Cascades,245.0,12.5,0.274
Northern Basin and Range,245.0,12.5,0.063
Sierra Nevada,245.0,12.5,0.177
Southern Rockies,245.0,12.5,-0.039
Wasatch and Uinta Mountains,245.0,12.5,0.13
