eco_region,lon,lat,rho
Arizona/New Mexico Mountains,277.5,7.5,0.109
Blue Mountains,277.5,7.5,0.041
Canadian Rockies,277.5,7.5,-0.031
Cascades,277.5,7.5,0.142
Central Basin and Range,277.5,7.5,0.161
Columbia Mountains/Northern Rockies,277.5,7.5,0.046
Eastern Cascades Slopes and Foothills,277.5,7.5,0.198
Idaho Batholith,277.5,7.5,-0.012
Klamath Mountains,277.5,7.5,0.035
Middle Rockies,277.5,7.5,0.047
North Cascades,277.5,7.5,0.16
Northern Basin and Range,277.5,7.5,0.049
Sierra Nevada,277.5,7.5,0.044
Southern Rockies,277.5,7.5,-0.031
Wasatch and Uinta Mountains,277.5,7.5,-0.082
