eco_region,lon,lat,rho
Arizona/New Mexico Mountains,280.0,0.0,0.098
Blue Mountains,280.0,0.0,0.181
Canadian Rockies,280.0,0.0,0.036
Cascades,280.0,0.0,0.222
Central Basin and Range,280.0,0.0,0.322
Columbia Mountains/Northern Rockies,280.0,0.0,0.258
Eastern Cascades Slopes and Foothills,280.0,0.0,0.234
Idaho Batholith,280.0,0.0,0.232
Klamath Mountains,280.0,0.0,0.372
Middle Rockies,280.0,0.0,0.324
North Cascades,280.0,0.0,0.315
Northern Basin and Range,280.0,0.0,0.273
Sierra Nevada,280.0,0.0,0.205
Southern Rockies,280.0,0.0,0.239
Wasatch and Uinta Mountains,280.0,0.0,0.396
