eco_region,lon,lat,rho
Arizona/New Mexico Mountains,257.5,5.0,0.252
Blue Mountains,257.5,5.0,0.24
Canadian Rockies,257.5,5.0,0.188
Cascades,257.5,5.0,0.342
Central Basin and Range,257.5,5.0,0.376
Columbia Mountains/Northern Rockies,257.5,5.0,0.187
Eastern Cascades Slopes and Foothills,257.5,5.0,0.389
Idaho Batholith,257.5,5.0,0.077
Klamath Mountains,257.5,5.0,0.361
Middle Rockies,257.5,5.0,0.002
North Cascades,257.5,5.0,0.279
Northern Basin and Range,257.5,5.0,0.173
Sierra Nevada,257.5,5.0,0.224
Southern Rockies,257.5,5.0,0.139
Wasatch and Uinta Mountains,257.5,5.0,0.197
