eco_region,lon,lat,rho
Arizona/New Mexico Mountains,250.0,45.0,-0.052
Blue Mountains,250.0,45.0,0.072
Canadian Rockies,250.0,45.0,-0.1
Cascades,250.0,45.0,0.107
Central Basin and Range,250.0,45.0,0.029
Columbia Mountains/Northern Rockies,250.0,45.0,0.255
Eastern Cascades Slopes and Foothills,250.0,45.0,0.007
Idaho Batholith,250.0,45.0,0.325
Klamath Mountains,250.0,45.0,0.021
Middle Rockies,250.0,45.0,0.139
North Cascades,250.0,45.0,0.063
Northern Basin and Range,250.0,45.0,-0.078
Sierra Nevada,250.0,45.0,0.18
Southern Rockies,250.0,45.0,0.172
Wasatch and Uinta Mountains,250.0,45.0,0.081
