eco_region,lon,lat,rho
Arizona/New Mexico Mountains,235.0,52.5,-0.029
Blue Mountains,235.0,52.5,-0.019
Canadian Rockies,235.0,52.5,-0.014
Cascades,235.0,52.5,0.087
Central Basin and Range,235.0,52.5,-0.013
Columbia Mountains/Northern Rockies,235.0,52.5,0.162
Eastern Cascades Slopes and Foothills,235.0,52.5,0.068
Idaho Batholith,235.0,52.5,0.109
Klamath Mountains,235.0,52.5,0.206
Middle Rockies,235.0,52.5,-0.051
North Cascades,235.0,52.5,0.015
Northern Basin and Range,235.0,52.5,-0.054
Sierra Nevada,235.0,52.5,0.09
Southern Rockies,235.0,52.5,0.065
Wasatch and Uinta Mountains,235.0,52.5,0.052
