eco_region,lon,lat,rho
Arizona/New Mexico Mountains,245.0,42.5,0.039
Blue Mountains,245.0,42.5,0.023
Canadian Rockies,245.0,42.5,0.132
Cascades,245.0,42.5,0.061
Central Basin and Range,245.0,42.5,0.074
Columbia Mountains/Northern Rockies,245.0,42.5,0.126
Eastern Cascades Slopes and Foothills,245.0,42.5,0.066
Idaho Batholith,245.0,42.5,0.276
Klamath Mountains,245.0,42.5,-0.09
Middle Rockies,245.0,42.5,0.141
North Cascades,245.0,42.5,0.106
Northern Basin and Range,245.0,42.5,0.119
Sierra Nevada,245.0,42.5,0.116
Southern Rockies,245.0,42.5,0.132
Wasatch and Uinta Mountains,245.0,42.5,-0.018
