eco_region,lon,lat,rho
Arizona/New Mexico Mountains,220.0,37.5,0.083
Blue Mountains,220.0,37.5,0.014
Canadian Rockies,220.0,37.5,0.217
Cascades,220.0,37.5,-0.085
Central Basin and Range,220.0,37.5,-0.012
Columbia Mountains/Northern Rockies,220.0,37.5,0.259
Eastern Cascades Slopes and Foothills,220.0,37.5,-0.025
Idaho Batholith,220.0,37.5,0.071
Klamath Mountains,220.0,37.5,-0.031
Middle Rockies,220.0,37.5,0.159
North Cascades,220.0,37.5,0.132
Northern Basin and Range,220.0,37.5,0.031
Sierra Nevada,220.0,37.5,0.206
Southern Rockies,220.0,37.5,0.139
Wasatch and Uinta Mountains,220.0,37.5,0.203
