eco_region,lon,lat,rho
Arizona/New Mexico Mountains,200.0,52.5,-0.079
Blue Mountains,200.0,52.5,0.054
Canadian Rockies,200.0,52.5,0.054
Cascades,200.0,52.5,0.007
Central Basin and Range,200.0,52.5,-0.104
Columbia Mountains/Northern Rockies,200.0,52.5,0.18
Eastern Cascades Slopes and Foothills,200.0,52.5,0.029
Idaho Batholith,200.0,52.5,0.002
Klamath Mountains,200.0,52.5,0.043
Middle Rockies,200.0,52.5,0.037
North Cascades,200.0,52.5,0.035
Northern Basin and Range,200.0,52.5,-0.133
Sierra Nevada,200.0,52.5,0.01
Southern Rockies,200.0,52.5,-0.075
Wasatch and Uinta Mountains,200.0,52.5,0.061
