eco_region,lon,lat,rho
Arizona/New Mexico Mountains,187.5,17.5,0.012
Blue Mountains,187.5,17.5,-0.012
Canadian Rockies,187.5,17.5,0.194
Cascades,187.5,17.5,-0.109
Central Basin and Range,187.5,17.5,-0.054
Columbia Mountains/Northern Rockies,187.5,17.5,0.056
Eastern Cascades Slopes and Foothills,187.5,17.5,0.258
Idaho Batholith,187.5,17.5,0.019
Klamath Mountains,187.5,17.5,0.272
Middle Rockies,187.5,17.5,0.124
North Cascades,187.5,17.5,-0.019
Northern Basin and Range,187.5,17.5,0.265
Sierra Nevada,187.5,17.5,0.274
Southern Rockies,187.5,17.5,0.123
Wasatch and Uinta Mountains,187.5,17.5,-0.024
