eco_region,lon,lat,rho
Arizona/New Mexico Mountains,250.0,22.5,-0.03
Blue Mountains,250.0,22.5,0.133
Canadian Rockies,250.0,22.5,0.02
Cascades,250.0,22.5,0.015
Central Basin and Range,250.0,22.5,0.175
Columbia Mountains/Northern Rockies,250.0,22.5,0.03
Eastern Cascades Slopes and Foothills,250.0,22.5,0.061
Idaho Batholith,250.0,22.5,0.057
Klamath Mountains,250.0,22.5,-0.056
Middle Rockies,250.0,22.5,0.142
North Cascades,250.0,22.5,0.006
Northern Basin and Range,250.0,22.5,0.166
Sierra Nevada,250.0,22.5,0.157
Southern Rockies,250.0,22.5,-0.004
Wasatch and Uinta Mountains,250.0,22.5,0.157
