eco_region,lon,lat,rho
Arizona/New Mexico Mountains,225.0,30.0,0.039
Blue Mountains,225.0,30.0,0.068
Canadian Rockies,225.0,30.0,0.194
Cascades,225.0,30.0,0.252
Central Basin and Range,225.0,30.0,0.275
Columbia Mountains/Northern Rockies,225.0,30.0,0.273
Eastern Cascades Slopes and Foothills,225.0,30.0,0.271
Idaho Batholith,225.0,30.0,0.147
Klamath Mountains,225.0,30.0,0.194
Middle Rockies,225.0,30.0,0.176
North Cascades,225.0,30.0,0.247
Northern Basin and Range,225.0,30.0,0.128
Sierra Nevada,225.0,30.0,0.276
Southern Rockies,225.0,30.0,0.193
Wasatch and Uinta Mountains,225.0,30.0,0.337
