eco_region,lon,lat,rho
Arizona/New Mexico Mountains,207.5,50.0,-0.03
Blue Mountains,207.5,50.0,0.105
Canadian Rockies,207.5,50.0,0.092
Cascades,207.5,50.0,0.235
Central Basin and Range,207.5,50.0,0.05
Columbia Mountains/Northern Rockies,207.5,50.0,0.107
Eastern Cascades Slopes and Foothills,207.5,50.0,0.093
Idaho Batholith,207.5,50.0,0.054
Klamath Mountains,207.5,50.0,0.03
Middle Rockies,207.5,50.0,0.101
North Cascades,207.5,50.0,0.103
Northern Basin and Range,207.5,50.0,0.085
Sierra Nevada,207.5,50.0,0.063
Southern Rockies,207.5,50.0,0.133
Wasatch and Uinta Mountains,207.5,50.0,0.098
