eco_region,lon,lat,rho
Arizona/New Mexico Mountains,277.5,25.0,0.046
Blue Mountains,277.5,25.0,0.017
Canadian Rockies,277.5,25.0,0.026
Cascades,277.5,25.0,0.048
Central Basin and Range,277.5,25.0,0.088
Columbia Mountains/Northern Rockies,277.5,25.0,0.025
Eastern Cascades Slopes and Foothills,277.5,25.0,-0.015
Idaho Batholith,277.5,25.0,0.207
Klamath Mountains,277.5,25.0,0.103
Middle Rockies,277.5,25.0,0.006
North Cascades,277.5,25.0,-0.006
Northern Basin and Range,277.5,25.0,-0.132
Sierra Nevada,277.5,25.0,0.205
Southern Rockies,277.5,25.0,0.082
Wasatch and Uinta Mountains,277.5,25.0,-0.047
