eco_region,lon,lat,rho
Arizona/New Mexico Mountains,237.5,-20.0,0.034
Blue Mountains,237.5,-20.0,0.037
Canadian Rockies,237.5,-20.0,0.169
Cascades,237.5,-20.0,0.108
Central Basin and Range,237.5,-20.0,0.042
Columbia Mountains/Northern Rockies,237.5,-20.0,0.302
Eastern Cascades Slopes and Foothills,237.5,-20.0,0.244
Idaho Batholith,237.5,-20.0,0.238
Klamath Mountains,237.5,-20.0,0.216
Middle Rockies,237.5,-20.0,0.303
North Cascades,237.5,-20.0,0.203
Northern Basin and Range,237.5,-20.0,-0.035
Sierra Nevada,237.5,-20.0,0.15
Southern Rockies,237.5,-20.0,0.169
Wasatch and Uinta Mountains,237.5,-20.0,0.053
