eco_region,lon,lat,rho
Arizona/New Mexico Mountains,262.5,10.0,0.063
Blue Mountains,262.5,10.0,-0.019
Canadian Rockies,262.5,10.0,-0.028
Cascades,262.5,10.0,0.092
Central Basin and Range,262.5,10.0,0.106
Columbia Mountains/Northern Rockies,262.5,10.0,0.112
Eastern Cascades Slopes and Foothills,262.5,10.0,0.226
Idaho Batholith,262.5,10.0,-0.057
Klamath Mountains,262.5,10.0,0.027
Middle Rockies,262.5,10.0,0.155
North Cascades,262.5,10.0,0.114
Northern Basin and Range,262.5,10.0,0.03
Sierra Nevada,262.5,10.0,0.186
Southern Rockies,262.5,10.0,0.003
Wasatch and Uinta Mountains,262.5,10.0,-0.157
