eco_region,lon,lat,rho
Arizona/New Mexico Mountains,192.5,-5.0,0.137
Blue Mountains,192.5,-5.0,0.192
Canadian Rockies,192.5,-5.0,0.033
Cascades,192.5,-5.0,0.228
Central Basin and Range,192.5,-5.0,0.199
Columbia Mountains/Northern Rockies,192.5,-5.0,0.15
Eastern Cascades Slopes and Foothills,192.5,-5.0,0.157
Idaho Batholith,192.5,-5.0,0.107
Klamath Mountains,192.5,-5.0,0.291
Middle Rockies,192.5,-5.0,0.041
North Cascades,192.5,-5.0,0.128
Northern Basin and Range,192.5,-5.0,0.137
Sierra Nevada,192.5,-5.0,0.144
Southern Rockies,192.5,-5.0,0.319
Wasatch and Uinta Mountains,192.5,-5.0,0.054
