eco_region,lon,lat,rho
Arizona/New Mexico Mountains,210.0,27.5,0.186
Blue Mountains,210.0,27.5,-0.03
Canadian Rockies,210.0,27.5,0.191
Cascades,210.0,27.5,0.163
Central Basin and Range,210.0,27.5,0.077
Columbia Mountains/Northern Rockies,210.0,27.5,0.21
Eastern Cascades Slopes and Foothills,210.0,27.5,0.013
Idaho Batholith,210.0,27.5,0.194
Klamath Mountains,210.0,27.5,0.228
Middle Rockies,210.0,27.5,0.206
North Cascades,210.0,27.5,0.248
Northern Basin and Range,210.0,27.5,-0.002
Sierra Nevada,210.0,27.5,0.217
Southern Rockies,210.0,27.5,0.211
Wasatch and Uinta Mountains,210.0,27.5,0.263
