eco_region,lon,lat,rho
Arizona/New Mexico Mountains,272.5,-20.0,0.181
Blue Mountains,272.5,-20.0,0.129
Canadian Rockies,272.5,-20.0,0.136
Cascades,272.5,-20.0,0.187
Central Basin and Range,272.5,-20.0,0.144
Columbia Mountains/Northern Rockies,272.5,-20.0,0.171
Eastern Cascades Slopes and Foothills,272.5,-20.0,0.182
Idaho Batholith,272.5,-20.0,0.185
Klamath Mountains,272.5,-20.0,0.002
Middle Rockies,272.5,-20.0,0.137
North Cascades,272.5,-20.0,0.106
Northern Basin and Range,272.5,-20.0,0.167
Sierra Nevada,272.5,-20.0,0.018
Southern Rockies,272.5,-20.0,0.118
Wasatch and Uinta Mountains,272.5,-20.0,0.05
