eco_region,lon,lat,rho
Arizona/New Mexico Mountains,197.5,0.0,0.164
Blue Mountains,197.5,0.0,0.205
Canadian Rockies,197.5,0.0,0.061
Cascades,197.5,0.0,0.284
Central Basin and Range,197.5,0.0,0.231
Columbia Mountains/Northern Rockies,197.5,0.0,0.219
Eastern Cascades Slopes and Foothills,197.5,0.0,0.142
Idaho Batholith,197.5,0.0,0.121
Klamath Mountains,197.5,0.0,0.286
Middle Rockies,197.5,0.0,0.056
North Cascades,197.5,0.0,0.167
Northern Basin and Range,197.5,0.0,0.192
Sierra Nevada,197.5,0.0,0.177
Southern Rockies,197.5,0.0,0.34
Wasatch and Uinta Mountains,197.5,0.0,0.093
