eco_region,lon,lat,rho
Arizona/New Mexico Mountains,247.5,60.0,-0.038
Blue Mountains,247.5,60.0,-0.049
Canadian Rockies,247.5,60.0,-0.0
Cascades,247.5,60.0,0.074
Central Basin and Range,247.5,60.0,-0.054
Columbia Mountains/Northern Rockies,247.5,60.0,0.093
Eastern Cascades Slopes and Foothills,247.5,60.0,0.062
Idaho Batholith,247.5,60.0,0.04
Klamath Mountains,247.5,60.0,-0.067
Middle Rockies,247.5,60.0,0.051
North Cascades,247.5,60.0,0.043
Northern Basin and Range,247.5,60.0,-0.065
Sierra Nevada,247.5,60.0,-0.017
Southern Rockies,247.5,60.0,0.064
Wasatch and Uinta Mountains,247.5,60.0,-0.051
