eco_region,lon,lat,rho
Arizona/New Mexico Mountains,217.5,60.0,-0.119
Blue Mountains,217.5,60.0,0.01
Canadian Rockies,217.5,60.0,-0.0
Cascades,217.5,60.0,0.095
Central Basin and Range,217.5,60.0,0.074
Columbia Mountains/Northern Rockies,217.5,60.0,0.077
Eastern Cascades Slopes and Foothills,217.5,60.0,-0.067
Idaho Batholith,217.5,60.0,-0.004
Klamath Mountains,217.5,60.0,0.006
Middle Rockies,217.5,60.0,0.058
North Cascades,217.5,60.0,0.004
Northern Basin and Range,217.5,60.0,0.085
Sierra Nevada,217.5,60.0,-0.061
Southern Rockies,217.5,60.0,-0.044
Wasatch and Uinta Mountains,217.5,60.0,0.136
