eco_region,lon,lat,rho
Arizona/New Mexico Mountains,225.0,12.5,0.059
Blue Mountains,225.0,12.5,0.042
Canadian Rockies,225.0,12.5,0.099
Cascades,225.0,12.5,0.176
Central Basin and Range,225.0,12.5,0.161
Columbia Mountains/Northern Rockies,225.0,12.5,0.266
Eastern Cascades Slopes and Foothills,225.0,12.5,0.178
Idaho Batholith,225.0,12.5,0.117
Klamath Mountains,225.0,12.5,0.371
Middle Rockies,225.0,12.5,0.225
North Cascades,225.0,12.5,0.377
Northern Basin and Range,225.0,12.5,0.102
Sierra Nevada,225.0,12.5,0.252
Southern Rockies,225.0,12.5,0.39
Wasatch and Uinta Mountains,225.0,12.5,0.164
