eco_region,lon,lat,rho
Arizona/New Mexico Mountains,222.5,47.5,-0.045
Blue Mountains,222.5,47.5,-0.04
Canadian Rockies,222.5,47.5,0.036
Cascades,222.5,47.5,0.05
Central Basin and Range,222.5,47.5,-0.034
Columbia Mountains/Northern Rockies,222.5,47.5,0.046
Eastern Cascades Slopes and Foothills,222.5,47.5,0.049
Idaho Batholith,222.5,47.5,0.014
Klamath Mountains,222.5,47.5,0.147
Middle Rockies,222.5,47.5,0.043
North Cascades,222.5,47.5,0.077
Northern Basin and Range,222.5,47.5,-0.011
Sierra Nevada,222.5,47.5,0.036
Southern Rockies,222.5,47.5,0.036
Wasatch and Uinta Mountains,222.5,47.5,-0.037
