eco_region,lon,lat,rho
Arizona/New Mexico Mountains,240.0,2.5,0.112
Blue Mountains,240.0,2.5,0.041
Canadian Rockies,240.0,2.5,0.096
Cascades,240.0,2.5,0.246
Central Basin and Range,240.0,2.5,0.16
Columbia Mountains/Northern Rockies,240.0,2.5,0.086
Eastern Cascades Slopes and Foothills,240.0,2.5,0.042
Idaho Batholith,240.0,2.5,0.113
Klamath Mountains,240.0,2.5,0.024
Middle Rockies,240.0,2.5,0.156
North Cascades,240.0,2.5,0.055
Northern Basin and Range,240.0,2.5,0.07
Sierra Nevada,240.0,2.5,0.067
Southern Rockies,240.0,2.5,0.046
Wasatch and Uinta Mountains,240.0,2.5,-0.15
