eco_region,lon,lat,rho
Arizona/New Mexico Mountains,182.5,55.0,0.003
Blue Mountains,182.5,55.0,0.012
Canadian Rockies,182.5,55.0,0.076
Cascades,182.5,55.0,-0.023
Central Basin and Range,182.5,55.0,0.063
Columbia Mountains/Northern Rockies,182.5,55.0,0.061
Eastern Cascades Slopes and Foothills,182.5,55.0,-0.142
Idaho Batholith,182.5,55.0,0.049
Klamath Mountains,182.5,55.0,0.004
Middle Rockies,182.5,55.0,0.044
North Cascades,182.5,55.0,0.064
Northern Basin and Range,182.5,55.0,-0.022
Sierra Nevada,182.5,55.0,0.094
Southern Rockies,182.5,55.0,-0.012
Wasatch and Uinta Mountains,182.5,55.0,-0.069
