eco_region,lon,lat,rho
Arizona/New Mexico Mountains,200.0,52.5,-0.038
Blue Mountains,200.0,52.5,0.12
Canadian Rockies,200.0,52.5,0.126
Cascades,200.0,52.5,0.219
Central Basin and Range,200.0,52.5,0.052
Columbia Mountains/Northern Rockies,200.0,52.5,0.151
Eastern Cascades Slopes and Foothills,200.0,52.5,0.102
Idaho Batholith,200.0,52.5,0.167
Klamath Mountains,200.0,52.5,0.093
Middle Rockies,200.0,52.5,0.133
North Cascades,200.0,52.5,0.086
Northern Basin and Range,200.0,52.5,0.047
Sierra Nevada,200.0,52.5,0.031
Southern Rockies,200.0,52.5,0.11
Wasatch and Uinta Mountains,200.0,52.5,-0.041
