eco_region,lon,lat,rho
Arizona/New Mexico Mountains,270.0,45.0,0.02
Blue Mountains,270.0,45.0,-0.044
Canadian Rockies,270.0,45.0,-0.02
Cascades,270.0,45.0,-0.021
Central Basin and Range,270.0,45.0,-0.005
Columbia Mountains/Northern Rockies,270.0,45.0,-0.01
Eastern Cascades Slopes and Foothills,270.0,45.0,-0.042
Idaho Batholith,270.0,45.0,0.068
Klamath Mountains,270.0,45.0,0.041
Middle Rockies,270.0,45.0,-0.023
North Cascades,270.0,45.0,0.001
Northern Basin and Range,270.0,45.0,-0.035
Sierra Nevada,270.0,45.0,0.06
Southern Rockies,270.0,45.0,0.025
Wasatch and Uinta Mountains,270.0,45.0,0.026
