eco_region,lon,lat,rho
Arizona/New Mexico Mountains,230.0,-10.0,0.164
Blue Mountains,230.0,-10.0,0.057
Canadian Rockies,230.0,-10.0,0.006
Cascades,230.0,-10.0,0.136
Central Basin and Range,230.0,-10.0,0.108
Columbia Mountains/Northern Rockies,230.0,-10.0,0.093
Eastern Cascades Slopes and Foothills,230.0,-10.0,0.117
Idaho Batholith,230.0,-10.0,-0.036
Klamath Mountains,230.0,-10.0,0.107
Middle Rockies,230.0,-10.0,0.138
North Cascades,230.0,-10.0,0.061
Northern Basin and Range,230.0,-10.0,0.0
Sierra Nevada,230.0,-10.0,0.114
Southern Rockies,230.0,-10.0,-0.106
Wasatch and Uinta Mountains,230.0,-10.0,-0.115
