eco_region,lon,lat,rho
Arizona/New Mexico Mountains,205.0,17.5,0.256
Blue Mountains,205.0,17.5,0.364
Canadian Rockies,205.0,17.5,0.066
Cascades,205.0,17.5,0.409
Central Basin and Range,205.0,17.5,0.393
Columbia Mountains/Northern Rockies,205.0,17.5,0.275
Eastern Cascades Slopes and Foothills,205.0,17.5,0.414
Idaho Batholith,205.0,17.5,0.025
Klamath Mountains,205.0,17.5,0.376
Middle Rockies,205.0,17.5,0.15
North Cascades,205.0,17.5,0.258
Northern Basin and Range,205.0,17.5,0.367
Sierra Nevada,205.0,17.5,0.175
Southern Rockies,205.0,17.5,0.157
Wasatch and Uinta Mountains,205.0,17.5,0.191
