eco_region,lon,lat,rho
Arizona/New Mexico Mountains,270.0,-7.5,0.155
Blue Mountains,270.0,-7.5,0.17
Canadian Rockies,270.0,-7.5,0.039
Cascades,270.0,-7.5,0.295
Central Basin and Range,270.0,-7.5,0.17
Columbia Mountains/Northern Rockies,270.0,-7.5,0.003
Eastern Cascades Slopes and Foothills,270.0,-7.5,0.073
Idaho Batholith,270.0,-7.5,-0.008
Klamath Mountains,270.0,-7.5,0.08
Middle Rockies,270.0,-7.5,0.019
North Cascades,270.0,-7.5,0.155
Northern Basin and Range,270.0,-7.5,0.191
Sierra Nevada,270.0,-7.5,0.117
Southern Rockies,270.0,-7.5,-0.082
Wasatch and Uinta Mountains,270.0,-7.5,-0.073
