eco_region,lon,lat,rho
Arizona/New Mexico Mountains,260.0,7.5,0.157
Blue Mountains,260.0,7.5,0.077
Canadian Rockies,260.0,7.5,0.314
Cascades,260.0,7.5,0.337
Central Basin and Range,260.0,7.5,0.232
Columbia Mountains/Northern Rockies,260.0,7.5,0.108
Eastern Cascades Slopes and Foothills,260.0,7.5,0.386
Idaho Batholith,260.0,7.5,0.129
Klamath Mountains,260.0,7.5,0.268
Middle Rockies,260.0,7.5,0.021
North Cascades,260.0,7.5,0.257
Northern Basin and Range,260.0,7.5,0.166
Sierra Nevada,260.0,7.5,0.175
Southern Rockies,260.0,7.5,0.125
Wasatch and Uinta Mountains,260.0,7.5,0.197
