eco_region,lon,lat,rho
Arizona/New Mexico Mountains,200.0,40.0,0.081
Blue Mountains,200.0,40.0,0.056
Canadian Rockies,200.0,40.0,0.105
Cascades,200.0,40.0,0.028
Central Basin and Range,200.0,40.0,0.004
Columbia Mountains/Northern Rockies,200.0,40.0,0.083
Eastern Cascades Slopes and Foothills,200.0,40.0,0.074
Idaho Batholith,200.0,40.0,0.157
Klamath Mountains,200.0,40.0,0.178
Middle Rockies,200.0,40.0,0.093
North Cascades,200.0,40.0,0.111
Northern Basin and Range,200.0,40.0,0.036
Sierra Nevada,200.0,40.0,0.063
Southern Rockies,200.0,40.0,0.075
Wasatch and Uinta Mountains,200.0,40.0,0.03
