eco_region,lon,lat,rho
Arizona/New Mexico Mountains,192.5,-5.0,-0.008
Blue Mountains,192.5,-5.0,0.008
Canadian Rockies,192.5,-5.0,0.014
Cascades,192.5,-5.0,0.144
Central Basin and Range,192.5,-5.0,0.129
Columbia Mountains/Northern Rockies,192.5,-5.0,-0.056
Eastern Cascades Slopes and Foothills,192.5,-5.0,0.073
Idaho Batholith,192.5,-5.0,0.018
Klamath Mountains,192.5,-5.0,0.222
Middle Rockies,192.5,-5.0,0.042
North Cascades,192.5,-5.0,0.029
Northern Basin and Range,192.5,-5.0,0.05
Sierra Nevada,192.5,-5.0,-0.028
Southern Rockies,192.5,-5.0,0.135
Wasatch and Uinta Mountains,192.5,-5.0,-0.051
