eco_region,lon,lat,rho
Arizona/New Mexico Mountains,242.5,5.0,0.068
Blue Mountains,242.5,5.0,0.029
Canadian Rockies,242.5,5.0,0.091
Cascades,242.5,5.0,0.247
Central Basin and Range,242.5,5.0,0.176
Columbia Mountains/Northern Rockies,242.5,5.0,0.097
Eastern Cascades Slopes and Foothills,242.5,5.0,0.175
Idaho Batholith,242.5,5.0,0.103
Klamath Mountains,242.5,5.0,0.078
Middle Rockies,242.5,5.0,0.191
North Cascades,242.5,5.0,0.12
Northern Basin and Range,242.5,5.0,0.029
Sierra Nevada,242.5,5.0,0.07
Southern Rockies,242.5,5.0,-0.061
Wasatch and Uinta Mountains,242.5,5.0,-0.117
