eco_region,lon,lat,rho
Arizona/New Mexico Mountains,222.5,47.5,-0.042
Blue Mountains,222.5,47.5,0.025
Canadian Rockies,222.5,47.5,0.061
Cascades,222.5,47.5,0.128
Central Basin and Range,222.5,47.5,0.027
Columbia Mountains/Northern Rockies,222.5,47.5,0.013
Eastern Cascades Slopes and Foothills,222.5,47.5,0.044
Idaho Batholith,222.5,47.5,-0.039
Klamath Mountains,222.5,47.5,0.035
Middle Rockies,222.5,47.5,0.045
North Cascades,222.5,47.5,-0.043
Northern Basin and Range,222.5,47.5,0.058
Sierra Nevada,222.5,47.5,0.127
Southern Rockies,222.5,47.5,0.047
Wasatch and Uinta Mountains,222.5,47.5,0.011
