eco_region,lon,lat,rho
Arizona/New Mexico Mountains,217.5,-10.0,0.227
Blue Mountains,217.5,-10.0,0.253
Canadian Rockies,217.5,-10.0,0.155
Cascades,217.5,-10.0,0.353
Central Basin and Range,217.5,-10.0,0.303
Columbia Mountains/Northern Rockies,217.5,-10.0,0.314
Eastern Cascades Slopes and Foothills,217.5,-10.0,0.317
Idaho Batholith,217.5,-10.0,0.282
Klamath Mountains,217.5,-10.0,0.277
Middle Rockies,217.5,-10.0,0.266
North Cascades,217.5,-10.0,0.296
Northern Basin and Range,217.5,-10.0,0.094
Sierra Nevada,217.5,-10.0,0.173
Southern Rockies,217.5,-10.0,0.177
Wasatch and Uinta Mountains,217.5,-10.0,0.022
