eco_region,lon,lat,rho
Arizona/New Mexico Mountains,187.5,57.5,0.0
Blue Mountains,187.5,57.5,0.041
Canadian Rockies,187.5,57.5,0.003
Cascades,187.5,57.5,0.014
Central Basin and Range,187.5,57.5,-0.004
Columbia Mountains/Northern Rockies,187.5,57.5,0.033
Eastern Cascades Slopes and Foothills,187.5,57.5,0.043
Idaho Batholith,187.5,57.5,0.042
Klamath Mountains,187.5,57.5,0.079
Middle Rockies,187.5,57.5,0.066
North Cascades,187.5,57.5,0.064
Northern Basin and Range,187.5,57.5,-0.032
Sierra Nevada,187.5,57.5,0.04
Southern Rockies,187.5,57.5,-0.045
Wasatch and Uinta Mountains,187.5,57.5,0.015
