eco_region,lon,lat,rho
Arizona/New Mexico Mountains,200.0,32.5,0.132
Blue Mountains,200.0,32.5,0.058
Canadian Rockies,200.0,32.5,0.008
Cascades,200.0,32.5,0.021
Central Basin and Range,200.0,32.5,0.002
Columbia Mountains/Northern Rockies,200.0,32.5,0.038
Eastern Cascades Slopes and Foothills,200.0,32.5,0.045
Idaho Batholith,200.0,32.5,-0.098
Klamath Mountains,200.0,32.5,0.137
Middle Rockies,200.0,32.5,-0.063
North Cascades,200.0,32.5,0.074
Northern Basin and Range,200.0,32.5,-0.046
Sierra Nevada,200.0,32.5,0.067
Southern Rockies,200.0,32.5,0.077
Wasatch and Uinta Mountains,200.0,32.5,0.053
