eco_region,lon,lat,rho
Arizona/New Mexico Mountains,225.0,7.5,0.205
Blue Mountains,225.0,7.5,0.227
Canadian Rockies,225.0,7.5,0.132
Cascades,225.0,7.5,0.35
Central Basin and Range,225.0,7.5,0.303
Columbia Mountains/Northern Rockies,225.0,7.5,0.285
Eastern Cascades Slopes and Foothills,225.0,7.5,0.282
Idaho Batholith,225.0,7.5,0.208
Klamath Mountains,225.0,7.5,0.291
Middle Rockies,225.0,7.5,0.296
North Cascades,225.0,7.5,0.194
Northern Basin and Range,225.0,7.5,0.136
Sierra Nevada,225.0,7.5,0.179
Southern Rockies,225.0,7.5,0.123
Wasatch and Uinta Mountains,225.0,7.5,0.055
