eco_region,lon,lat,rho
Arizona/New Mexico Mountains,280.0,50.0,-0.044
Blue Mountains,280.0,50.0,0.016
Canadian Rockies,280.0,50.0,-0.065
Cascades,280.0,50.0,0.05
Central Basin and Range,280.0,50.0,-0.066
Columbia Mountains/Northern Rockies,280.0,50.0,0.049
Eastern Cascades Slopes and Foothills,280.0,50.0,-0.013
Idaho Batholith,280.0,50.0,-0.002
Klamath Mountains,280.0,50.0,0.015
Middle Rockies,280.0,50.0,-0.081
North Cascades,280.0,50.0,0.038
Northern Basin and Range,280.0,50.0,0.009
Sierra Nevada,280.0,50.0,-0.066
Southern Rockies,280.0,50.0,0.008
Wasatch and Uinta Mountains,280.0,50.0,-0.066
