eco_region,lon,lat,rho
Arizona/New Mexico Mountains,207.5,-17.5,0.186
Blue Mountains,207.5,-17.5,0.255
Canadian Rockies,207.5,-17.5,0.225
Cascades,207.5,-17.5,0.307
Central Basin and Range,207.5,-17.5,0.147
Columbia Mountains/Northern Rockies,207.5,-17.5,0.26
Eastern Cascades Slopes and Foothills,207.5,-17.5,0.221
Idaho Batholith,207.5,-17.5,0.238
Klamath Mountains,207.5,-17.5,0.234
Middle Rockies,207.5,-17.5,0.269
North Cascades,207.5,-17.5,0.201
Northern Basin and Range,207.5,-17.5,0.162
Sierra Nevada,207.5,-17.5,0.157
Southern Rockies,207.5,-17.5,0.234
Wasatch and Uinta Mountains,207.5,-17.5,0.101
