eco_region,lon,lat,rho
Arizona/New Mexico Mountains,217.5,20.0,0.235
Blue Mountains,217.5,20.0,0.291
Canadian Rockies,217.5,20.0,0.234
Cascades,217.5,20.0,0.399
Central Basin and Range,217.5,20.0,0.401
Columbia Mountains/Northern Rockies,217.5,20.0,0.382
Eastern Cascades Slopes and Foothills,217.5,20.0,0.361
Idaho Batholith,217.5,20.0,0.303
Klamath Mountains,217.5,20.0,0.327
Middle Rockies,217.5,20.0,0.34
North Cascades,217.5,20.0,0.348
Northern Basin and Range,217.5,20.0,0.365
Sierra Nevada,217.5,20.0,0.414
Southern Rockies,217.5,20.0,0.398
Wasatch and Uinta Mountains,217.5,20.0,0.416
