eco_region,lon,lat,rho
Arizona/New Mexico Mountains,185.0,35.0,0.037
Blue Mountains,185.0,35.0,0.066
Canadian Rockies,185.0,35.0,0.062
Cascades,185.0,35.0,-0.074
Central Basin and Range,185.0,35.0,-0.016
Columbia Mountains/Northern Rockies,185.0,35.0,-0.039
Eastern Cascades Slopes and Foothills,185.0,35.0,0.033
Idaho Batholith,185.0,35.0,-0.087
Klamath Mountains,185.0,35.0,0.133
Middle Rockies,185.0,35.0,-0.001
North Cascades,185.0,35.0,0.132
Northern Basin and Range,185.0,35.0,-0.074
Sierra Nevada,185.0,35.0,0.063
Southern Rockies,185.0,35.0,0.016
Wasatch and Uinta Mountains,185.0,35.0,0.005
