eco_region,lon,lat,rho
Arizona/New Mexico Mountains,195.0,35.0,-0.026
Blue Mountains,195.0,35.0,0.095
Canadian Rockies,195.0,35.0,0.003
Cascades,195.0,35.0,0.069
Central Basin and Range,195.0,35.0,-0.075
Columbia Mountains/Northern Rockies,195.0,35.0,0.066
Eastern Cascades Slopes and Foothills,195.0,35.0,0.044
Idaho Batholith,195.0,35.0,0.029
Klamath Mountains,195.0,35.0,0.051
Middle Rockies,195.0,35.0,0.075
North Cascades,195.0,35.0,0.108
Northern Basin and Range,195.0,35.0,-0.077
Sierra Nevada,195.0,35.0,-0.043
Southern Rockies,195.0,35.0,0.151
Wasatch and Uinta Mountains,195.0,35.0,0.096
