eco_region,lon,lat,rho
Arizona/New Mexico Mountains,200.0,5.0,0.028
Blue Mountains,200.0,5.0,0.224
Canadian Rockies,200.0,5.0,0.229
Cascades,200.0,5.0,0.304
Central Basin and Range,200.0,5.0,0.238
Columbia Mountains/Northern Rockies,200.0,5.0,0.204
Eastern Cascades Slopes and Foothills,200.0,5.0,0.157
Idaho Batholith,200.0,5.0,0.15
Klamath Mountains,200.0,5.0,0.301
Middle Rockies,200.0,5.0,0.057
North Cascades,200.0,5.0,0.07
Northern Basin and Range,200.0,5.0,0.075
Sierra Nevada,200.0,5.0,0.292
Southern Rockies,200.0,5.0,0.381
Wasatch and Uinta Mountains,200.0,5.0,-0.0
