eco_region,lon,lat,rho
Arizona/New Mexico Mountains,247.5,15.0,0.157
Blue Mountains,247.5,15.0,0.078
Canadian Rockies,247.5,15.0,0.197
Cascades,247.5,15.0,0.162
Central Basin and Range,247.5,15.0,0.25
Columbia Mountains/Northern Rockies,247.5,15.0,0.242
Eastern Cascades Slopes and Foothills,247.5,15.0,0.251
Idaho Batholith,247.5,15.0,0.146
Klamath Mountains,247.5,15.0,0.264
Middle Rockies,247.5,15.0,-0.053
North Cascades,247.5,15.0,0.221
Northern Basin and Range,247.5,15.0,0.007
Sierra Nevada,247.5,15.0,0.149
Southern Rockies,247.5,15.0,0.266
Wasatch and Uinta Mountains,247.5,15.0,0.123
