eco_region,lon,lat,rho
Arizona/New Mexico Mountains,207.5,2.5,0.016
Blue Mountains,207.5,2.5,-0.086
Canadian Rockies,207.5,2.5,0.048
Cascades,207.5,2.5,0.103
Central Basin and Range,207.5,2.5,-0.07
Columbia Mountains/Northern Rockies,207.5,2.5,0.033
Eastern Cascades Slopes and Foothills,207.5,2.5,0.044
Idaho Batholith,207.5,2.5,0.077
Klamath Mountains,207.5,2.5,0.166
Middle Rockies,207.5,2.5,0.037
North Cascades,207.5,2.5,0.002
Northern Basin and Range,207.5,2.5,-0.004
Sierra Nevada,207.5,2.5,0.055
Southern Rockies,207.5,2.5,0.11
Wasatch and Uinta Mountains,207.5,2.5,-0.001
