eco_region,lon,lat,rho
Arizona/New Mexico Mountains,262.5,22.5,0.148
Blue Mountains,262.5,22.5,0.099
Canadian Rockies,262.5,22.5,-0.062
Cascades,262.5,22.5,0.127
Central Basin and Range,262.5,22.5,0.147
Columbia Mountains/Northern Rockies,262.5,22.5,0.123
Eastern Cascades Slopes and Foothills,262.5,22.5,0.052
Idaho Batholith,262.5,22.5,0.107
Klamath Mountains,262.5,22.5,0.067
Middle Rockies,262.5,22.5,0.039
North Cascades,262.5,22.5,0.057
Northern Basin and Range,262.5,22.5,0.194
Sierra Nevada,262.5,22.5,0.098
Southern Rockies,262.5,22.5,0.082
Wasatch and Uinta Mountains,262.5,22.5,0.089
