eco_region,lon,lat,rho
Arizona/New Mexico Mountains,267.5,0.0,0.235
Blue Mountains,267.5,0.0,0.275
Canadian Rockies,267.5,0.0,0.188
Cascades,267.5,0.0,0.404
Central Basin and Range,267.5,0.0,0.424
Columbia Mountains/Northern Rockies,267.5,0.0,-0.031
Eastern Cascades Slopes and Foothills,267.5,0.0,0.409
Idaho Batholith,267.5,0.0,0.172
Klamath Mountains,267.5,0.0,0.434
Middle Rockies,267.5,0.0,0.237
North Cascades,267.5,0.0,0.288
Northern Basin and Range,267.5,0.0,0.258
Sierra Nevada,267.5,0.0,0.261
Southern Rockies,267.5,0.0,-0.026
Wasatch and Uinta Mountains,267.5,0.0,0.121
