eco_region,lon,lat,rho
Arizona/New Mexico Mountains,245.0,25.0,0.103
Blue Mountains,245.0,25.0,0.009
Canadian Rockies,245.0,25.0,-0.046
Cascades,245.0,25.0,0.108
Central Basin and Range,245.0,25.0,0.016
Columbia Mountains/Northern Rockies,245.0,25.0,0.058
Eastern Cascades Slopes and Foothills,245.0,25.0,0.007
Idaho Batholith,245.0,25.0,-0.014
Klamath Mountains,245.0,25.0,0.081
Middle Rockies,245.0,25.0,0.053
North Cascades,245.0,25.0,-0.109
Northern Basin and Range,245.0,25.0,0.045
Sierra Nevada,245.0,25.0,0.015
Southern Rockies,245.0,25.0,0.017
Wasatch and Uinta Mountains,245.0,25.0,-0.05
