eco_region,lon,lat,rho
Arizona/New Mexico Mountains,220.0,27.5,0.119
Blue Mountains,220.0,27.5,0.29
Canadian Rockies,220.0,27.5,0.226
Cascades,220.0,27.5,0.339
Central Basin and Range,220.0,27.5,0.258
Columbia Mountains/Northern Rockies,220.0,27.5,0.264
Eastern Cascades Slopes and Foothills,220.0,27.5,0.254
Idaho Batholith,220.0,27.5,0.134
Klamath Mountains,220.0,27.5,0.091
Middle Rockies,220.0,27.5,0.2
North Cascades,220.0,27.5,0.222
Northern Basin and Range,220.0,27.5,0.246
Sierra Nevada,220.0,27.5,0.197
Southern Rockies,220.0,27.5,0.26
Wasatch and Uinta Mountains,220.0,27.5,0.134
