eco_region,lon,lat,rho
Arizona/New Mexico Mountains,227.5,22.5,0.16
Blue Mountains,227.5,22.5,0.26
Canadian Rockies,227.5,22.5,0.17
Cascades,227.5,22.5,0.334
Central Basin and Range,227.5,22.5,0.28
Columbia Mountains/Northern Rockies,227.5,22.5,0.279
Eastern Cascades Slopes and Foothills,227.5,22.5,0.167
Idaho Batholith,227.5,22.5,0.173
Klamath Mountains,227.5,22.5,0.249
Middle Rockies,227.5,22.5,0.105
North Cascades,227.5,22.5,0.211
Northern Basin and Range,227.5,22.5,0.271
Sierra Nevada,227.5,22.5,0.238
Southern Rockies,227.5,22.5,0.267
Wasatch and Uinta Mountains,227.5,22.5,0.129
