eco_region,lon,lat,rho
Arizona/New Mexico Mountains,242.5,47.5,0.007
Blue Mountains,242.5,47.5,-0.015
Canadian Rockies,242.5,47.5,-0.084
Cascades,242.5,47.5,0.21
Central Basin and Range,242.5,47.5,0.024
Columbia Mountains/Northern Rockies,242.5,47.5,0.124
Eastern Cascades Slopes and Foothills,242.5,47.5,0.218
Idaho Batholith,242.5,47.5,0.179
Klamath Mountains,242.5,47.5,0.015
Middle Rockies,242.5,47.5,0.04
North Cascades,242.5,47.5,0.052
Northern Basin and Range,242.5,47.5,0.071
Sierra Nevada,242.5,47.5,0.17
Southern Rockies,242.5,47.5,0.029
Wasatch and Uinta Mountains,242.5,47.5,0.023
