eco_region,lon,lat,rho
Arizona/New Mexico Mountains,225.0,-7.5,0.17
Blue Mountains,225.0,-7.5,0.193
Canadian Rockies,225.0,-7.5,0.195
Cascades,225.0,-7.5,0.258
Central Basin and Range,225.0,-7.5,0.343
Columbia Mountains/Northern Rockies,225.0,-7.5,0.365
Eastern Cascades Slopes and Foothills,225.0,-7.5,0.21
Idaho Batholith,225.0,-7.5,0.323
Klamath Mountains,225.0,-7.5,0.236
Middle Rockies,225.0,-7.5,0.347
North Cascades,225.0,-7.5,0.179
Northern Basin and Range,225.0,-7.5,0.223
Sierra Nevada,225.0,-7.5,0.339
Southern Rockies,225.0,-7.5,0.412
Wasatch and Uinta Mountains,225.0,-7.5,0.075
