eco_region,lon,lat,rho
Arizona/New Mexico Mountains,202.5,55.0,0.108
Blue Mountains,202.5,55.0,0.136
Canadian Rockies,202.5,55.0,0.085
Cascades,202.5,55.0,0.16
Central Basin and Range,202.5,55.0,0.183
Columbia Mountains/Northern Rockies,202.5,55.0,0.195
Eastern Cascades Slopes and Foothills,202.5,55.0,0.15
Idaho Batholith,202.5,55.0,0.012
Klamath Mountains,202.5,55.0,0.077
Middle Rockies,202.5,55.0,0.091
North Cascades,202.5,55.0,0.113
Northern Basin and Range,202.5,55.0,0.125
Sierra Nevada,202.5,55.0,0.047
Southern Rockies,202.5,55.0,0.126
Wasatch and Uinta Mountains,202.5,55.0,-0.071
