eco_region,lon,lat,rho
Arizona/New Mexico Mountains,190.0,-7.5,-0.004
Blue Mountains,190.0,-7.5,0.028
Canadian Rockies,190.0,-7.5,0.006
Cascades,190.0,-7.5,0.18
Central Basin and Range,190.0,-7.5,0.177
Columbia Mountains/Northern Rockies,190.0,-7.5,-0.039
Eastern Cascades Slopes and Foothills,190.0,-7.5,0.103
Idaho Batholith,190.0,-7.5,-0.095
Klamath Mountains,190.0,-7.5,0.185
Middle Rockies,190.0,-7.5,0.035
North Cascades,190.0,-7.5,0.127
Northern Basin and Range,190.0,-7.5,0.105
Sierra Nevada,190.0,-7.5,0.048
Southern Rockies,190.0,-7.5,0.102
Wasatch and Uinta Mountains,190.0,-7.5,-0.054
