eco_region,lon,lat,rho
Arizona/New Mexico Mountains,195.0,20.0,0.105
Blue Mountains,195.0,20.0,0.089
Canadian Rockies,195.0,20.0,0.17
Cascades,195.0,20.0,0.266
Central Basin and Range,195.0,20.0,0.219
Columbia Mountains/Northern Rockies,195.0,20.0,0.184
Eastern Cascades Slopes and Foothills,195.0,20.0,0.251
Idaho Batholith,195.0,20.0,0.047
Klamath Mountains,195.0,20.0,0.244
Middle Rockies,195.0,20.0,0.187
North Cascades,195.0,20.0,0.304
Northern Basin and Range,195.0,20.0,0.207
Sierra Nevada,195.0,20.0,0.04
Southern Rockies,195.0,20.0,0.052
Wasatch and Uinta Mountains,195.0,20.0,0.202
