eco_region,lon,lat,rho
Arizona/New Mexico Mountains,220.0,50.0,0.074
Blue Mountains,220.0,50.0,-0.049
Canadian Rockies,220.0,50.0,0.06
Cascades,220.0,50.0,-0.055
Central Basin and Range,220.0,50.0,0.01
Columbia Mountains/Northern Rockies,220.0,50.0,0.063
Eastern Cascades Slopes and Foothills,220.0,50.0,-0.062
Idaho Batholith,220.0,50.0,0.019
Klamath Mountains,220.0,50.0,0.093
Middle Rockies,220.0,50.0,0.031
North Cascades,220.0,50.0,0.01
Northern Basin and Range,220.0,50.0,-0.122
Sierra Nevada,220.0,50.0,-0.05
Southern Rockies,220.0,50.0,-0.009
Wasatch and Uinta Mountains,220.0,50.0,-0.007
