eco_region,lon,lat,rho
Arizona/New Mexico Mountains,197.5,-15.0,-0.075
Blue Mountains,197.5,-15.0,0.18
Canadian Rockies,197.5,-15.0,0.103
Cascades,197.5,-15.0,0.213
Central Basin and Range,197.5,-15.0,0.112
Columbia Mountains/Northern Rockies,197.5,-15.0,-0.094
Eastern Cascades Slopes and Foothills,197.5,-15.0,0.232
Idaho Batholith,197.5,-15.0,0.068
Klamath Mountains,197.5,-15.0,0.176
Middle Rockies,197.5,-15.0,0.078
North Cascades,197.5,-15.0,0.133
Northern Basin and Range,197.5,-15.0,0.102
Sierra Nevada,197.5,-15.0,-0.091
Southern Rockies,197.5,-15.0,0.001
Wasatch and Uinta Mountains,197.5,-15.0,0.07
