eco_region,lon,lat,rho
Arizona/New Mexico Mountains,212.5,12.5,0.245
Blue Mountains,212.5,12.5,0.287
Canadian Rockies,212.5,12.5,0.118
Cascades,212.5,12.5,0.38
Central Basin and Range,212.5,12.5,0.373
Columbia Mountains/Northern Rockies,212.5,12.5,0.278
Eastern Cascades Slopes and Foothills,212.5,12.5,0.403
Idaho Batholith,212.5,12.5,0.232
Klamath Mountains,212.5,12.5,0.391
Middle Rockies,212.5,12.5,0.221
North Cascades,212.5,12.5,0.38
Northern Basin and Range,212.5,12.5,0.304
Sierra Nevada,212.5,12.5,0.3
Southern Rockies,212.5,12.5,0.154
Wasatch and Uinta Mountains,212.5,12.5,0.158
