eco_region,lon,lat,rho
Arizona/New Mexico Mountains,267.5,50.0,-0.025
Blue Mountains,267.5,50.0,-0.005
Canadian Rockies,267.5,50.0,-0.059
Cascades,267.5,50.0,0.091
Central Basin and Range,267.5,50.0,-0.073
Columbia Mountains/Northern Rockies,267.5,50.0,0.014
Eastern Cascades Slopes and Foothills,267.5,50.0,0.078
Idaho Batholith,267.5,50.0,-0.005
Klamath Mountains,267.5,50.0,0.115
Middle Rockies,267.5,50.0,0.017
North Cascades,267.5,50.0,-0.113
Northern Basin and Range,267.5,50.0,-0.012
Sierra Nevada,267.5,50.0,-0.049
Southern Rockies,267.5,50.0,0.087
Wasatch and Uinta Mountains,267.5,50.0,-0.089
