eco_region,lon,lat,rho
Arizona/New Mexico Mountains,210.0,45.0,0.037
Blue Mountains,210.0,45.0,0.232
Canadian Rockies,210.0,45.0,0.106
Cascades,210.0,45.0,0.221
Central Basin and Range,210.0,45.0,0.157
Columbia Mountains/Northern Rockies,210.0,45.0,0.245
Eastern Cascades Slopes and Foothills,210.0,45.0,-0.003
Idaho Batholith,210.0,45.0,0.124
Klamath Mountains,210.0,45.0,0.177
Middle Rockies,210.0,45.0,0.017
North Cascades,210.0,45.0,0.07
Northern Basin and Range,210.0,45.0,0.022
Sierra Nevada,210.0,45.0,0.128
Southern Rockies,210.0,45.0,0.137
Wasatch and Uinta Mountains,210.0,45.0,0.101
