eco_region,lon,lat,rho
Arizona/New Mexico Mountains,257.5,17.5,0.055
Blue Mountains,257.5,17.5,0.097
Canadian Rockies,257.5,17.5,0.125
Cascades,257.5,17.5,0.179
Central Basin and Range,257.5,17.5,0.247
Columbia Mountains/Northern Rockies,257.5,17.5,0.101
Eastern Cascades Slopes and Foothills,257.5,17.5,0.201
Idaho Batholith,257.5,17.5,0.066
Klamath Mountains,257.5,17.5,0.202
Middle Rockies,257.5,17.5,0.125
North Cascades,257.5,17.5,0.081
Northern Basin and Range,257.5,17.5,-0.025
Sierra Nevada,257.5,17.5,0.135
Southern Rockies,257.5,17.5,0.056
Wasatch and Uinta Mountains,257.5,17.5,0.207
