eco_region,lon,lat,rho
Arizona/New Mexico Mountains,210.0,15.0,0.268
Blue Mountains,210.0,15.0,0.38
Canadian Rockies,210.0,15.0,0.125
Cascades,210.0,15.0,0.425
Central Basin and Range,210.0,15.0,0.425
Columbia Mountains/Northern Rockies,210.0,15.0,0.29
Eastern Cascades Slopes and Foothills,210.0,15.0,0.435
Idaho Batholith,210.0,15.0,0.257
Klamath Mountains,210.0,15.0,0.419
Middle Rockies,210.0,15.0,0.204
North Cascades,210.0,15.0,0.246
Northern Basin and Range,210.0,15.0,0.318
Sierra Nevada,210.0,15.0,0.303
Southern Rockies,210.0,15.0,0.161
Wasatch and Uinta Mountains,210.0,15.0,0.185
