eco_region,lon,lat,rho
Arizona/New Mexico Mountains,210.0,22.5,0.074
Blue Mountains,210.0,22.5,0.082
Canadian Rockies,210.0,22.5,0.03
Cascades,210.0,22.5,0.258
Central Basin and Range,210.0,22.5,0.016
Columbia Mountains/Northern Rockies,210.0,22.5,-0.037
Eastern Cascades Slopes and Foothills,210.0,22.5,0.112
Idaho Batholith,210.0,22.5,0.036
Klamath Mountains,210.0,22.5,0.255
Middle Rockies,210.0,22.5,0.04
North Cascades,210.0,22.5,0.068
Northern Basin and Range,210.0,22.5,0.113
Sierra Nevada,210.0,22.5,-0.117
Southern Rockies,210.0,22.5,0.148
Wasatch and Uinta Mountains,210.0,22.5,0.058
