eco_region,lon,lat,rho
Arizona/New Mexico Mountains,200.0,0.0,0.043
Blue Mountains,200.0,0.0,0.29
Canadian Rockies,200.0,0.0,0.266
Cascades,200.0,0.0,0.349
Central Basin and Range,200.0,0.0,0.344
Columbia Mountains/Northern Rockies,200.0,0.0,0.294
Eastern Cascades Slopes and Foothills,200.0,0.0,0.278
Idaho Batholith,200.0,0.0,0.297
Klamath Mountains,200.0,0.0,0.308
Middle Rockies,200.0,0.0,0.057
North Cascades,200.0,0.0,0.06
Northern Basin and Range,200.0,0.0,0.296
Sierra Nevada,200.0,0.0,0.221
Southern Rockies,200.0,0.0,0.337
Wasatch and Uinta Mountains,200.0,0.0,0.101
