eco_region,lon,lat,rho
Arizona/New Mexico Mountains,207.5,37.5,0.04
Blue Mountains,207.5,37.5,0.076
Canadian Rockies,207.5,37.5,0.16
Cascades,207.5,37.5,0.07
Central Basin and Range,207.5,37.5,-0.084
Columbia Mountains/Northern Rockies,207.5,37.5,-0.055
Eastern Cascades Slopes and Foothills,207.5,37.5,-0.073
Idaho Batholith,207.5,37.5,0.033
Klamath Mountains,207.5,37.5,-0.075
Middle Rockies,207.5,37.5,0.109
North Cascades,207.5,37.5,0.054
Northern Basin and Range,207.5,37.5,0.039
Sierra Nevada,207.5,37.5,0.11
Southern Rockies,207.5,37.5,0.118
Wasatch and Uinta Mountains,207.5,37.5,0.073
