eco_region,lon,lat,rho
Arizona/New Mexico Mountains,197.5,47.5,0.115
Blue Mountains,197.5,47.5,0.155
Canadian Rockies,197.5,47.5,0.126
Cascades,197.5,47.5,0.163
Central Basin and Range,197.5,47.5,0.064
Columbia Mountains/Northern Rockies,197.5,47.5,0.23
Eastern Cascades Slopes and Foothills,197.5,47.5,0.155
Idaho Batholith,197.5,47.5,0.123
Klamath Mountains,197.5,47.5,-0.037
Middle Rockies,197.5,47.5,-0.013
North Cascades,197.5,47.5,0.234
Northern Basin and Range,197.5,47.5,0.084
Sierra Nevada,197.5,47.5,0.093
Southern Rockies,197.5,47.5,0.153
Wasatch and Uinta Mountains,197.5,47.5,-0.029
