eco_region,lon,lat,rho
Arizona/New Mexico Mountains,262.5,15.0,0.078
Blue Mountains,262.5,15.0,0.039
Canadian Rockies,262.5,15.0,-0.064
Cascades,262.5,15.0,0.119
Central Basin and Range,262.5,15.0,0.203
Columbia Mountains/Northern Rockies,262.5,15.0,0.088
Eastern Cascades Slopes and Foothills,262.5,15.0,0.126
Idaho Batholith,262.5,15.0,-0.031
Klamath Mountains,262.5,15.0,0.171
Middle Rockies,262.5,15.0,0.055
North Cascades,262.5,15.0,-0.044
Northern Basin and Range,262.5,15.0,0.068
Sierra Nevada,262.5,15.0,0.027
Southern Rockies,262.5,15.0,-0.066
Wasatch and Uinta Mountains,262.5,15.0,-0.07
