eco_region,lon,lat,rho
Arizona/New Mexico Mountains,202.5,50.0,-0.03
Blue Mountains,202.5,50.0,0.005
Canadian Rockies,202.5,50.0,0.164
Cascades,202.5,50.0,0.027
Central Basin and Range,202.5,50.0,0.001
Columbia Mountains/Northern Rockies,202.5,50.0,0.133
Eastern Cascades Slopes and Foothills,202.5,50.0,0.104
Idaho Batholith,202.5,50.0,0.081
Klamath Mountains,202.5,50.0,0.092
Middle Rockies,202.5,50.0,0.11
North Cascades,202.5,50.0,0.084
Northern Basin and Range,202.5,50.0,0.07
Sierra Nevada,202.5,50.0,0.045
Southern Rockies,202.5,50.0,0.145
Wasatch and Uinta Mountains,202.5,50.0,0.014
