eco_region,lon,lat,rho
Arizona/New Mexico Mountains,210.0,15.0,0.067
Blue Mountains,210.0,15.0,0.057
Canadian Rockies,210.0,15.0,-0.001
Cascades,210.0,15.0,0.252
Central Basin and Range,210.0,15.0,0.101
Columbia Mountains/Northern Rockies,210.0,15.0,-0.023
Eastern Cascades Slopes and Foothills,210.0,15.0,0.171
Idaho Batholith,210.0,15.0,-0.062
Klamath Mountains,210.0,15.0,0.311
Middle Rockies,210.0,15.0,-0.009
North Cascades,210.0,15.0,0.169
Northern Basin and Range,210.0,15.0,0.176
Sierra Nevada,210.0,15.0,0.019
Southern Rockies,210.0,15.0,0.027
Wasatch and Uinta Mountains,210.0,15.0,0.033
