eco_region,lon,lat,rho
Arizona/New Mexico Mountains,240.0,-10.0,0.147
Blue Mountains,240.0,-10.0,0.028
Canadian Rockies,240.0,-10.0,0.259
Cascades,240.0,-10.0,0.076
Central Basin and Range,240.0,-10.0,-0.025
Columbia Mountains/Northern Rockies,240.0,-10.0,0.245
Eastern Cascades Slopes and Foothills,240.0,-10.0,0.244
Idaho Batholith,240.0,-10.0,0.216
Klamath Mountains,240.0,-10.0,0.333
Middle Rockies,240.0,-10.0,0.37
North Cascades,240.0,-10.0,0.049
Northern Basin and Range,240.0,-10.0,0.216
Sierra Nevada,240.0,-10.0,0.125
Southern Rockies,240.0,-10.0,0.148
Wasatch and Uinta Mountains,240.0,-10.0,0.108
