eco_region,lon,lat,rho
Arizona/New Mexico Mountains,250.0,15.0,0.028
Blue Mountains,250.0,15.0,0.043
Canadian Rockies,250.0,15.0,0.264
Cascades,250.0,15.0,0.277
Central Basin and Range,250.0,15.0,0.233
Columbia Mountains/Northern Rockies,250.0,15.0,0.186
Eastern Cascades Slopes and Foothills,250.0,15.0,0.147
Idaho Batholith,250.0,15.0,0.184
Klamath Mountains,250.0,15.0,0.085
Middle Rockies,250.0,15.0,0.049
North Cascades,250.0,15.0,0.13
Northern Basin and Range,250.0,15.0,0.096
Sierra Nevada,250.0,15.0,0.302
Southern Rockies,250.0,15.0,0.219
Wasatch and Uinta Mountains,250.0,15.0,0.17
