eco_region,lon,lat,rho
Arizona/New Mexico Mountains,255.0,-2.5,0.183
Blue Mountains,255.0,-2.5,0.184
Canadian Rockies,255.0,-2.5,0.434
Cascades,255.0,-2.5,0.348
Central Basin and Range,255.0,-2.5,0.339
Columbia Mountains/Northern Rockies,255.0,-2.5,0.334
Eastern Cascades Slopes and Foothills,255.0,-2.5,0.278
Idaho Batholith,255.0,-2.5,0.352
Klamath Mountains,255.0,-2.5,0.404
Middle Rockies,255.0,-2.5,0.124
North Cascades,255.0,-2.5,0.356
Northern Basin and Range,255.0,-2.5,0.27
Sierra Nevada,255.0,-2.5,0.184
Southern Rockies,255.0,-2.5,0.401
Wasatch and Uinta Mountains,255.0,-2.5,0.363
