eco_region,lon,lat,rho
Arizona/New Mexico Mountains,267.5,-15.0,0.254
Blue Mountains,267.5,-15.0,0.353
Canadian Rockies,267.5,-15.0,0.33
Cascades,267.5,-15.0,0.408
Central Basin and Range,267.5,-15.0,0.468
Columbia Mountains/Northern Rockies,267.5,-15.0,0.418
Eastern Cascades Slopes and Foothills,267.5,-15.0,0.351
Idaho Batholith,267.5,-15.0,0.318
Klamath Mountains,267.5,-15.0,0.31
Middle Rockies,267.5,-15.0,0.35
North Cascades,267.5,-15.0,0.24
Northern Basin and Range,267.5,-15.0,0.354
Sierra Nevada,267.5,-15.0,0.348
Southern Rockies,267.5,-15.0,0.442
Wasatch and Uinta Mountains,267.5,-15.0,0.097
