eco_region,lon,lat,rho
Arizona/New Mexico Mountains,267.5,50.0,-0.045
Blue Mountains,267.5,50.0,0.008
Canadian Rockies,267.5,50.0,-0.088
Cascades,267.5,50.0,0.194
Central Basin and Range,267.5,50.0,-0.014
Columbia Mountains/Northern Rockies,267.5,50.0,0.115
Eastern Cascades Slopes and Foothills,267.5,50.0,0.056
Idaho Batholith,267.5,50.0,0.079
Klamath Mountains,267.5,50.0,-0.088
Middle Rockies,267.5,50.0,0.017
North Cascades,267.5,50.0,-0.093
Northern Basin and Range,267.5,50.0,-0.007
Sierra Nevada,267.5,50.0,-0.015
Southern Rockies,267.5,50.0,-0.016
Wasatch and Uinta Mountains,267.5,50.0,0.098
