eco_region,lon,lat,rho
Arizona/New Mexico Mountains,260.0,50.0,-0.018
Blue Mountains,260.0,50.0,-0.034
Canadian Rockies,260.0,50.0,0.035
Cascades,260.0,50.0,-0.031
Central Basin and Range,260.0,50.0,0.026
Columbia Mountains/Northern Rockies,260.0,50.0,-0.136
Eastern Cascades Slopes and Foothills,260.0,50.0,-0.02
Idaho Batholith,260.0,50.0,-0.099
Klamath Mountains,260.0,50.0,-0.038
Middle Rockies,260.0,50.0,-0.027
North Cascades,260.0,50.0,-0.006
Northern Basin and Range,260.0,50.0,-0.095
Sierra Nevada,260.0,50.0,-0.002
Southern Rockies,260.0,50.0,0.02
Wasatch and Uinta Mountains,260.0,50.0,0.015
