eco_region,lon,lat,rho
Arizona/New Mexico Mountains,265.0,2.5,0.162
Blue Mountains,265.0,2.5,0.166
Canadian Rockies,265.0,2.5,0.36
Cascades,265.0,2.5,0.36
Central Basin and Range,265.0,2.5,0.333
Columbia Mountains/Northern Rockies,265.0,2.5,0.089
Eastern Cascades Slopes and Foothills,265.0,2.5,0.306
Idaho Batholith,265.0,2.5,0.178
Klamath Mountains,265.0,2.5,0.446
Middle Rockies,265.0,2.5,0.094
North Cascades,265.0,2.5,0.383
Northern Basin and Range,265.0,2.5,0.265
Sierra Nevada,265.0,2.5,0.222
Southern Rockies,265.0,2.5,0.016
Wasatch and Uinta Mountains,265.0,2.5,0.323
