eco_region,lon,lat,rho
Arizona/New Mexico Mountains,227.5,55.0,0.022
Blue Mountains,227.5,55.0,0.005
Canadian Rockies,227.5,55.0,0.033
Cascades,227.5,55.0,-0.019
Central Basin and Range,227.5,55.0,0.047
Columbia Mountains/Northern Rockies,227.5,55.0,0.089
Eastern Cascades Slopes and Foothills,227.5,55.0,0.022
Idaho Batholith,227.5,55.0,0.114
Klamath Mountains,227.5,55.0,-0.045
Middle Rockies,227.5,55.0,-0.004
North Cascades,227.5,55.0,0.059
Northern Basin and Range,227.5,55.0,-0.05
Sierra Nevada,227.5,55.0,0.076
Southern Rockies,227.5,55.0,0.0
Wasatch and Uinta Mountains,227.5,55.0,0.053
