eco_region,lon,lat,rho
Arizona/New Mexico Mountains,255.0,2.5,0.258
Blue Mountains,255.0,2.5,0.236
Canadian Rockies,255.0,2.5,0.307
Cascades,255.0,2.5,0.346
Central Basin and Range,255.0,2.5,0.377
Columbia Mountains/Northern Rockies,255.0,2.5,0.202
Eastern Cascades Slopes and Foothills,255.0,2.5,0.378
Idaho Batholith,255.0,2.5,0.192
Klamath Mountains,255.0,2.5,0.403
Middle Rockies,255.0,2.5,0.003
North Cascades,255.0,2.5,0.252
Northern Basin and Range,255.0,2.5,0.185
Sierra Nevada,255.0,2.5,0.212
Southern Rockies,255.0,2.5,0.127
Wasatch and Uinta Mountains,255.0,2.5,0.208
