eco_region,lon,lat,rho
Arizona/New Mexico Mountains,225.0,12.5,-0.0
Blue Mountains,225.0,12.5,-0.056
Canadian Rockies,225.0,12.5,-0.041
Cascades,225.0,12.5,0.125
Central Basin and Range,225.0,12.5,0.001
Columbia Mountains/Northern Rockies,225.0,12.5,0.094
Eastern Cascades Slopes and Foothills,225.0,12.5,0.103
Idaho Batholith,225.0,12.5,-0.004
Klamath Mountains,225.0,12.5,0.183
Middle Rockies,225.0,12.5,0.036
North Cascades,225.0,12.5,0.322
Northern Basin and Range,225.0,12.5,0.091
Sierra Nevada,225.0,12.5,0.099
Southern Rockies,225.0,12.5,0.067
Wasatch and Uinta Mountains,225.0,12.5,0.019
