eco_region,lon,lat,rho
Arizona/New Mexico Mountains,217.5,-10.0,0.189
Blue Mountains,217.5,-10.0,0.055
Canadian Rockies,217.5,-10.0,-0.01
Cascades,217.5,-10.0,0.17
Central Basin and Range,217.5,-10.0,0.06
Columbia Mountains/Northern Rockies,217.5,-10.0,0.067
Eastern Cascades Slopes and Foothills,217.5,-10.0,0.139
Idaho Batholith,217.5,-10.0,0.103
Klamath Mountains,217.5,-10.0,0.08
Middle Rockies,217.5,-10.0,0.039
North Cascades,217.5,-10.0,0.17
Northern Basin and Range,217.5,-10.0,-0.079
Sierra Nevada,217.5,-10.0,0.046
Southern Rockies,217.5,-10.0,-0.127
Wasatch and Uinta Mountains,217.5,-10.0,-0.062
