eco_region,lon,lat,rho
Arizona/New Mexico Mountains,195.0,37.5,0.051
Blue Mountains,195.0,37.5,-0.02
Canadian Rockies,195.0,37.5,0.053
Cascades,195.0,37.5,0.083
Central Basin and Range,195.0,37.5,0.041
Columbia Mountains/Northern Rockies,195.0,37.5,-0.037
Eastern Cascades Slopes and Foothills,195.0,37.5,-0.052
Idaho Batholith,195.0,37.5,0.006
Klamath Mountains,195.0,37.5,-0.091
Middle Rockies,195.0,37.5,0.071
North Cascades,195.0,37.5,0.099
Northern Basin and Range,195.0,37.5,-0.069
Sierra Nevada,195.0,37.5,0.066
Southern Rockies,195.0,37.5,0.106
Wasatch and Uinta Mountains,195.0,37.5,0.102
