eco_region,lon,lat,rho
Arizona/New Mexico Mountains,260.0,25.0,0.162
Blue Mountains,260.0,25.0,0.046
Canadian Rockies,260.0,25.0,0.089
Cascades,260.0,25.0,-0.002
Central Basin and Range,260.0,25.0,0.199
Columbia Mountains/Northern Rockies,260.0,25.0,0.102
Eastern Cascades Slopes and Foothills,260.0,25.0,0.051
Idaho Batholith,260.0,25.0,0.162
Klamath Mountains,260.0,25.0,0.125
Middle Rockies,260.0,25.0,0.095
North Cascades,260.0,25.0,0.091
Northern Basin and Range,260.0,25.0,0.023
Sierra Nevada,260.0,25.0,0.162
Southern Rockies,260.0,25.0,0.189
Wasatch and Uinta Mountains,260.0,25.0,0.184
