eco_region,lon,lat,rho
Arizona/New Mexico Mountains,212.5,12.5,0.064
Blue Mountains,212.5,12.5,-0.005
Canadian Rockies,212.5,12.5,-0.016
Cascades,212.5,12.5,0.23
Central Basin and Range,212.5,12.5,0.071
Columbia Mountains/Northern Rockies,212.5,12.5,0.029
Eastern Cascades Slopes and Foothills,212.5,12.5,0.159
Idaho Batholith,212.5,12.5,-0.03
Klamath Mountains,212.5,12.5,0.281
Middle Rockies,212.5,12.5,0.007
North Cascades,212.5,12.5,0.23
Northern Basin and Range,212.5,12.5,0.126
Sierra Nevada,212.5,12.5,0.044
Southern Rockies,212.5,12.5,-0.013
Wasatch and Uinta Mountains,212.5,12.5,0.025
