eco_region,lon,lat,rho
Arizona/New Mexico Mountains,250.0,27.5,0.127
Blue Mountains,250.0,27.5,0.116
Canadian Rockies,250.0,27.5,0.003
Cascades,250.0,27.5,0.053
Central Basin and Range,250.0,27.5,0.05
Columbia Mountains/Northern Rockies,250.0,27.5,0.14
Eastern Cascades Slopes and Foothills,250.0,27.5,0.049
Idaho Batholith,250.0,27.5,0.05
Klamath Mountains,250.0,27.5,0.078
Middle Rockies,250.0,27.5,0.073
North Cascades,250.0,27.5,0.061
Northern Basin and Range,250.0,27.5,-0.002
Sierra Nevada,250.0,27.5,-0.052
Southern Rockies,250.0,27.5,0.043
Wasatch and Uinta Mountains,250.0,27.5,0.015
