eco_region,lon,lat,rho
Arizona/New Mexico Mountains,270.0,12.5,0.139
Blue Mountains,270.0,12.5,0.162
Canadian Rockies,270.0,12.5,-0.022
Cascades,270.0,12.5,0.327
Central Basin and Range,270.0,12.5,0.272
Columbia Mountains/Northern Rockies,270.0,12.5,0.15
Eastern Cascades Slopes and Foothills,270.0,12.5,0.287
Idaho Batholith,270.0,12.5,0.144
Klamath Mountains,270.0,12.5,0.039
Middle Rockies,270.0,12.5,0.242
North Cascades,270.0,12.5,0.245
Northern Basin and Range,270.0,12.5,0.263
Sierra Nevada,270.0,12.5,0.223
Southern Rockies,270.0,12.5,0.226
Wasatch and Uinta Mountains,270.0,12.5,0.263
