eco_region,lon,lat,rho
Arizona/New Mexico Mountains,237.5,55.0,-0.083
Blue Mountains,237.5,55.0,0.053
Canadian Rockies,237.5,55.0,-0.03
Cascades,237.5,55.0,0.038
Central Basin and Range,237.5,55.0,0.005
Columbia Mountains/Northern Rockies,237.5,55.0,-0.004
Eastern Cascades Slopes and Foothills,237.5,55.0,0.003
Idaho Batholith,237.5,55.0,0.063
Klamath Mountains,237.5,55.0,-0.012
Middle Rockies,237.5,55.0,-0.005
North Cascades,237.5,55.0,0.079
Northern Basin and Range,237.5,55.0,0.027
Sierra Nevada,237.5,55.0,0.123
Southern Rockies,237.5,55.0,-0.001
Wasatch and Uinta Mountains,237.5,55.0,-0.023
