eco_region,lon,lat,rho
Arizona/New Mexico Mountains,227.5,50.0,-0.03
Blue Mountains,227.5,50.0,0.019
Canadian Rockies,227.5,50.0,-0.138
Cascades,227.5,50.0,0.102
Central Basin and Range,227.5,50.0,-0.054
Columbia Mountains/Northern Rockies,227.5,50.0,0.084
Eastern Cascades Slopes and Foothills,227.5,50.0,0.092
Idaho Batholith,227.5,50.0,0.082
Klamath Mountains,227.5,50.0,0.005
Middle Rockies,227.5,50.0,0.022
North Cascades,227.5,50.0,0.02
Northern Basin and Range,227.5,50.0,-0.029
Sierra Nevada,227.5,50.0,0.126
Southern Rockies,227.5,50.0,0.02
Wasatch and Uinta Mountains,227.5,50.0,-0.024
