eco_region,lon,lat,rho
Arizona/New Mexico Mountains,235.0,25.0,0.151
Blue Mountains,235.0,25.0,0.085
Canadian Rockies,235.0,25.0,0.124
Cascades,235.0,25.0,0.251
Central Basin and Range,235.0,25.0,0.26
Columbia Mountains/Northern Rockies,235.0,25.0,0.172
Eastern Cascades Slopes and Foothills,235.0,25.0,0.124
Idaho Batholith,235.0,25.0,0.193
Klamath Mountains,235.0,25.0,0.12
Middle Rockies,235.0,25.0,0.095
North Cascades,235.0,25.0,0.267
Northern Basin and Range,235.0,25.0,0.148
Sierra Nevada,235.0,25.0,0.088
Southern Rockies,235.0,25.0,0.113
Wasatch and Uinta Mountains,235.0,25.0,0.203
