eco_region,lon,lat,rho
Arizona/New Mexico Mountains,242.5,32.5,0.027
Blue Mountains,242.5,32.5,0.024
Canadian Rockies,242.5,32.5,0.03
Cascades,242.5,32.5,0.061
Central Basin and Range,242.5,32.5,-0.055
Columbia Mountains/Northern Rockies,242.5,32.5,0.088
Eastern Cascades Slopes and Foothills,242.5,32.5,0.055
Idaho Batholith,242.5,32.5,0.228
Klamath Mountains,242.5,32.5,0.138
Middle Rockies,242.5,32.5,0.129
North Cascades,242.5,32.5,0.06
Northern Basin and Range,242.5,32.5,0.08
Sierra Nevada,242.5,32.5,0.187
Southern Rockies,242.5,32.5,0.118
Wasatch and Uinta Mountains,242.5,32.5,0.11
