eco_region,lon,lat,rho
Arizona/New Mexico Mountains,267.5,37.5,0.007
Blue Mountains,267.5,37.5,-0.034
Canadian Rockies,267.5,37.5,-0.035
Cascades,267.5,37.5,0.05
Central Basin and Range,267.5,37.5,0.03
Columbia Mountains/Northern Rockies,267.5,37.5,0.088
Eastern Cascades Slopes and Foothills,267.5,37.5,0.06
Idaho Batholith,267.5,37.5,0.074
Klamath Mountains,267.5,37.5,0.163
Middle Rockies,267.5,37.5,0.058
North Cascades,267.5,37.5,0.05
Northern Basin and Range,267.5,37.5,-0.04
Sierra Nevada,267.5,37.5,0.117
Southern Rockies,267.5,37.5,0.053
Wasatch and Uinta Mountains,267.5,37.5,0.055
