eco_region,lon,lat,rho
Arizona/New Mexico Mountains,275.0,42.5,0.001
Blue Mountains,275.0,42.5,0.004
Canadian Rockies,275.0,42.5,0.021
Cascades,275.0,42.5,0.086
Central Basin and Range,275.0,42.5,-0.026
Columbia Mountains/Northern Rockies,275.0,42.5,0.007
Eastern Cascades Slopes and Foothills,275.0,42.5,0.062
Idaho Batholith,275.0,42.5,-0.023
Klamath Mountains,275.0,42.5,0.098
Middle Rockies,275.0,42.5,0.047
North Cascades,275.0,42.5,-0.005
Northern Basin and Range,275.0,42.5,-0.006
Sierra Nevada,275.0,42.5,0.004
Southern Rockies,275.0,42.5,0.025
Wasatch and Uinta Mountains,275.0,42.5,0.017
