eco_region,lon,lat,rho
Arizona/New Mexico Mountains,275.0,15.0,0.182
Blue Mountains,275.0,15.0,0.126
Canadian Rockies,275.0,15.0,-0.051
Cascades,275.0,15.0,0.086
Central Basin and Range,275.0,15.0,0.123
Columbia Mountains/Northern Rockies,275.0,15.0,0.042
Eastern Cascades Slopes and Foothills,275.0,15.0,0.051
Idaho Batholith,275.0,15.0,0.058
Klamath Mountains,275.0,15.0,0.173
Middle Rockies,275.0,15.0,0.009
North Cascades,275.0,15.0,-0.001
Northern Basin and Range,275.0,15.0,0.028
Sierra Nevada,275.0,15.0,0.046
Southern Rockies,275.0,15.0,-0.04
Wasatch and Uinta Mountains,275.0,15.0,-0.035
