eco_region,lon,lat,rho
Arizona/New Mexico Mountains,187.5,-15.0,0.137
Blue Mountains,187.5,-15.0,0.117
Canadian Rockies,187.5,-15.0,0.08
Cascades,187.5,-15.0,0.218
Central Basin and Range,187.5,-15.0,0.136
Columbia Mountains/Northern Rockies,187.5,-15.0,0.104
Eastern Cascades Slopes and Foothills,187.5,-15.0,0.16
Idaho Batholith,187.5,-15.0,0.127
Klamath Mountains,187.5,-15.0,0.113
Middle Rockies,187.5,-15.0,0.037
North Cascades,187.5,-15.0,0.144
Northern Basin and Range,187.5,-15.0,0.122
Sierra Nevada,187.5,-15.0,-0.044
Southern Rockies,187.5,-15.0,0.139
Wasatch and Uinta Mountains,187.5,-15.0,0.123
