eco_region,lon,lat,rho
Arizona/New Mexico Mountains,272.5,22.5,0.076
Blue Mountains,272.5,22.5,0.142
Canadian Rockies,272.5,22.5,0.159
Cascades,272.5,22.5,0.148
Central Basin and Range,272.5,22.5,0.24
Columbia Mountains/Northern Rockies,272.5,22.5,0.088
Eastern Cascades Slopes and Foothills,272.5,22.5,0.217
Idaho Batholith,272.5,22.5,0.125
Klamath Mountains,272.5,22.5,0.044
Middle Rockies,272.5,22.5,0.107
North Cascades,272.5,22.5,0.149
Northern Basin and Range,272.5,22.5,0.209
Sierra Nevada,272.5,22.5,0.158
Southern Rockies,272.5,22.5,0.068
Wasatch and Uinta Mountains,272.5,22.5,0.056
