eco_region,lon,lat,rho
Arizona/New Mexico Mountains,252.5,57.5,0.041
Blue Mountains,252.5,57.5,-0.009
Canadian Rockies,252.5,57.5,0.078
Cascades,252.5,57.5,0.124
Central Basin and Range,252.5,57.5,0.128
Columbia Mountains/Northern Rockies,252.5,57.5,0.034
Eastern Cascades Slopes and Foothills,252.5,57.5,0.065
Idaho Batholith,252.5,57.5,0.02
Klamath Mountains,252.5,57.5,0.053
Middle Rockies,252.5,57.5,-0.034
North Cascades,252.5,57.5,0.034
Northern Basin and Range,252.5,57.5,-0.007
Sierra Nevada,252.5,57.5,0.01
Southern Rockies,252.5,57.5,-0.071
Wasatch and Uinta Mountains,252.5,57.5,-0.02
