eco_region,lon,lat,rho
Arizona/New Mexico Mountains,187.5,57.5,-0.057
Blue Mountains,187.5,57.5,0.041
Canadian Rockies,187.5,57.5,0.054
Cascades,187.5,57.5,0.064
Central Basin and Range,187.5,57.5,-0.044
Columbia Mountains/Northern Rockies,187.5,57.5,0.016
Eastern Cascades Slopes and Foothills,187.5,57.5,0.047
Idaho Batholith,187.5,57.5,0.195
Klamath Mountains,187.5,57.5,0.114
Middle Rockies,187.5,57.5,0.067
North Cascades,187.5,57.5,0.077
Northern Basin and Range,187.5,57.5,0.011
Sierra Nevada,187.5,57.5,-0.053
Southern Rockies,187.5,57.5,-0.014
Wasatch and Uinta Mountains,187.5,57.5,-0.026
