eco_region,lon,lat,rho
Arizona/New Mexico Mountains,230.0,-17.5,-0.014
Blue Mountains,230.0,-17.5,-0.03
Canadian Rockies,230.0,-17.5,0.187
Cascades,230.0,-17.5,0.013
Central Basin and Range,230.0,-17.5,0.039
Columbia Mountains/Northern Rockies,230.0,-17.5,0.131
Eastern Cascades Slopes and Foothills,230.0,-17.5,0.054
Idaho Batholith,230.0,-17.5,0.188
Klamath Mountains,230.0,-17.5,0.21
Middle Rockies,230.0,-17.5,0.355
North Cascades,230.0,-17.5,0.198
Northern Basin and Range,230.0,-17.5,0.009
Sierra Nevada,230.0,-17.5,0.19
Southern Rockies,230.0,-17.5,0.097
Wasatch and Uinta Mountains,230.0,-17.5,0.083
