eco_region,lon,lat,rho
Arizona/New Mexico Mountains,242.5,-12.5,0.143
Blue Mountains,242.5,-12.5,0.069
Canadian Rockies,242.5,-12.5,0.309
Cascades,242.5,-12.5,0.089
Central Basin and Range,242.5,-12.5,-0.003
Columbia Mountains/Northern Rockies,242.5,-12.5,0.238
Eastern Cascades Slopes and Foothills,242.5,-12.5,0.232
Idaho Batholith,242.5,-12.5,0.339
Klamath Mountains,242.5,-12.5,0.233
Middle Rockies,242.5,-12.5,0.379
North Cascades,242.5,-12.5,0.202
Northern Basin and Range,242.5,-12.5,0.243
Sierra Nevada,242.5,-12.5,0.139
Southern Rockies,242.5,-12.5,0.182
Wasatch and Uinta Mountains,242.5,-12.5,0.195
