eco_region,lon,lat,rho
Arizona/New Mexico Mountains,275.0,-5.0,0.147
Blue Mountains,275.0,-5.0,0.224
Canadian Rockies,275.0,-5.0,0.028
Cascades,275.0,-5.0,0.341
Central Basin and Range,275.0,-5.0,0.388
Columbia Mountains/Northern Rockies,275.0,-5.0,0.075
Eastern Cascades Slopes and Foothills,275.0,-5.0,0.278
Idaho Batholith,275.0,-5.0,0.123
Klamath Mountains,275.0,-5.0,0.426
Middle Rockies,275.0,-5.0,0.323
North Cascades,275.0,-5.0,0.381
Northern Basin and Range,275.0,-5.0,0.329
Sierra Nevada,275.0,-5.0,0.134
Southern Rockies,275.0,-5.0,0.02
Wasatch and Uinta Mountains,275.0,-5.0,0.157
