eco_region,lon,lat,rho
Arizona/New Mexico Mountains,202.5,-2.5,0.066
Blue Mountains,202.5,-2.5,0.305
Canadian Rockies,202.5,-2.5,0.207
Cascades,202.5,-2.5,0.377
Central Basin and Range,202.5,-2.5,0.365
Columbia Mountains/Northern Rockies,202.5,-2.5,0.369
Eastern Cascades Slopes and Foothills,202.5,-2.5,0.282
Idaho Batholith,202.5,-2.5,0.302
Klamath Mountains,202.5,-2.5,0.325
Middle Rockies,202.5,-2.5,0.146
North Cascades,202.5,-2.5,0.046
Northern Basin and Range,202.5,-2.5,0.294
Sierra Nevada,202.5,-2.5,0.396
Southern Rockies,202.5,-2.5,0.379
Wasatch and Uinta Mountains,202.5,-2.5,0.102
