eco_region,lon,lat,rho
Arizona/New Mexico Mountains,197.5,40.0,0.146
Blue Mountains,197.5,40.0,0.102
Canadian Rockies,197.5,40.0,0.111
Cascades,197.5,40.0,0.11
Central Basin and Range,197.5,40.0,0.021
Columbia Mountains/Northern Rockies,197.5,40.0,0.015
Eastern Cascades Slopes and Foothills,197.5,40.0,0.081
Idaho Batholith,197.5,40.0,0.136
Klamath Mountains,197.5,40.0,-0.092
Middle Rockies,197.5,40.0,-0.012
North Cascades,197.5,40.0,0.118
Northern Basin and Range,197.5,40.0,0.036
Sierra Nevada,197.5,40.0,0.052
Southern Rockies,197.5,40.0,0.072
Wasatch and Uinta Mountains,197.5,40.0,0.018
