eco_region,lon,lat,rho
Arizona/New Mexico Mountains,275.0,57.5,0.058
Blue Mountains,275.0,57.5,-0.086
Canadian Rockies,275.0,57.5,-0.027
Cascades,275.0,57.5,-0.001
Central Basin and Range,275.0,57.5,-0.167
Columbia Mountains/Northern Rockies,275.0,57.5,0.074
Eastern Cascades Slopes and Foothills,275.0,57.5,-0.077
Idaho Batholith,275.0,57.5,0.03
Klamath Mountains,275.0,57.5,0.105
Middle Rockies,275.0,57.5,0.015
North Cascades,275.0,57.5,0.039
Northern Basin and Range,275.0,57.5,-0.013
Sierra Nevada,275.0,57.5,-0.053
Southern Rockies,275.0,57.5,0.118
Wasatch and Uinta Mountains,275.0,57.5,0.017
