eco_region,lon,lat,rho
Arizona/New Mexico Mountains,242.5,5.0,0.169
Blue Mountains,242.5,5.0,0.252
Canadian Rockies,242.5,5.0,0.284
Cascades,242.5,5.0,0.378
Central Basin and Range,242.5,5.0,0.359
Columbia Mountains/Northern Rockies,242.5,5.0,0.304
Eastern Cascades Slopes and Foothills,242.5,5.0,0.351
Idaho Batholith,242.5,5.0,0.215
Klamath Mountains,242.5,5.0,0.394
Middle Rockies,242.5,5.0,0.305
North Cascades,242.5,5.0,0.18
Northern Basin and Range,242.5,5.0,0.142
Sierra Nevada,242.5,5.0,0.163
Southern Rockies,242.5,5.0,0.097
Wasatch and Uinta Mountains,242.5,5.0,0.172
