eco_region,lon,lat,rho
Arizona/New Mexico Mountains,265.0,-17.5,0.213
Blue Mountains,265.0,-17.5,0.201
Canadian Rockies,265.0,-17.5,0.138
Cascades,265.0,-17.5,0.236
Central Basin and Range,265.0,-17.5,0.177
Columbia Mountains/Northern Rockies,265.0,-17.5,0.091
Eastern Cascades Slopes and Foothills,265.0,-17.5,0.188
Idaho Batholith,265.0,-17.5,0.157
Klamath Mountains,265.0,-17.5,0.019
Middle Rockies,265.0,-17.5,0.079
North Cascades,265.0,-17.5,0.149
Northern Basin and Range,265.0,-17.5,0.187
Sierra Nevada,265.0,-17.5,0.06
Southern Rockies,265.0,-17.5,0.027
Wasatch and Uinta Mountains,265.0,-17.5,0.197
