eco_region,lon,lat,rho
Arizona/New Mexico Mountains,192.5,60.0,0.027
Blue Mountains,192.5,60.0,-0.028
Canadian Rockies,192.5,60.0,0.109
Cascades,192.5,60.0,0.001
Central Basin and Range,192.5,60.0,-0.053
Columbia Mountains/Northern Rockies,192.5,60.0,0.17
Eastern Cascades Slopes and Foothills,192.5,60.0,-0.034
Idaho Batholith,192.5,60.0,-0.018
Klamath Mountains,192.5,60.0,0.038
Middle Rockies,192.5,60.0,0.072
North Cascades,192.5,60.0,0.053
Northern Basin and Range,192.5,60.0,-0.009
Sierra Nevada,192.5,60.0,0.039
Southern Rockies,192.5,60.0,-0.1
Wasatch and Uinta Mountains,192.5,60.0,-0.079
