eco_region,lon,lat,rho
Arizona/New Mexico Mountains,245.0,57.5,0.024
Blue Mountains,245.0,57.5,-0.013
Canadian Rockies,245.0,57.5,0.002
Cascades,245.0,57.5,-0.126
Central Basin and Range,245.0,57.5,-0.021
Columbia Mountains/Northern Rockies,245.0,57.5,0.005
Eastern Cascades Slopes and Foothills,245.0,57.5,-0.088
Idaho Batholith,245.0,57.5,0.037
Klamath Mountains,245.0,57.5,-0.152
Middle Rockies,245.0,57.5,0.122
North Cascades,245.0,57.5,0.088
Northern Basin and Range,245.0,57.5,-0.066
Sierra Nevada,245.0,57.5,0.014
Southern Rockies,245.0,57.5,0.025
Wasatch and Uinta Mountains,245.0,57.5,0.035
