eco_region,lon,lat,rho
Arizona/New Mexico Mountains,252.5,30.0,0.019
Blue Mountains,252.5,30.0,0.098
Canadian Rockies,252.5,30.0,0.008
Cascades,252.5,30.0,0.106
Central Basin and Range,252.5,30.0,0.099
Columbia Mountains/Northern Rockies,252.5,30.0,0.036
Eastern Cascades Slopes and Foothills,252.5,30.0,0.029
Idaho Batholith,252.5,30.0,0.213
Klamath Mountains,252.5,30.0,0.081
Middle Rockies,252.5,30.0,0.251
North Cascades,252.5,30.0,0.091
Northern Basin and Range,252.5,30.0,0.025
Sierra Nevada,252.5,30.0,0.097
Southern Rockies,252.5,30.0,0.124
Wasatch and Uinta Mountains,252.5,30.0,0.148
