eco_region,lon,lat,rho
Arizona/New Mexico Mountains,182.5,22.5,0.097
Blue Mountains,182.5,22.5,0.062
Canadian Rockies,182.5,22.5,0.125
Cascades,182.5,22.5,0.072
Central Basin and Range,182.5,22.5,0.039
Columbia Mountains/Northern Rockies,182.5,22.5,0.101
Eastern Cascades Slopes and Foothills,182.5,22.5,0.025
Idaho Batholith,182.5,22.5,0.035
Klamath Mountains,182.5,22.5,0.142
Middle Rockies,182.5,22.5,0.033
North Cascades,182.5,22.5,0.114
Northern Basin and Range,182.5,22.5,0.118
Sierra Nevada,182.5,22.5,0.111
Southern Rockies,182.5,22.5,0.007
Wasatch and Uinta Mountains,182.5,22.5,0.043
