eco_region,lon,lat,rho
Arizona/New Mexico Mountains,250.0,-5.0,0.226
Blue Mountains,250.0,-5.0,0.251
Canadian Rockies,250.0,-5.0,0.366
Cascades,250.0,-5.0,0.35
Central Basin and Range,250.0,-5.0,0.397
Columbia Mountains/Northern Rockies,250.0,-5.0,0.377
Eastern Cascades Slopes and Foothills,250.0,-5.0,0.233
Idaho Batholith,250.0,-5.0,0.265
Klamath Mountains,250.0,-5.0,0.36
Middle Rockies,250.0,-5.0,0.341
North Cascades,250.0,-5.0,0.117
Northern Basin and Range,250.0,-5.0,0.209
Sierra Nevada,250.0,-5.0,0.234
Southern Rockies,250.0,-5.0,0.37
Wasatch and Uinta Mountains,250.0,-5.0,0.156
