eco_region,lon,lat,rho
Arizona/New Mexico Mountains,252.5,-7.5,0.214
Blue Mountains,252.5,-7.5,0.282
Canadian Rockies,252.5,-7.5,0.361
Cascades,252.5,-7.5,0.351
Central Basin and Range,252.5,-7.5,0.426
Columbia Mountains/Northern Rockies,252.5,-7.5,0.012
Eastern Cascades Slopes and Foothills,252.5,-7.5,0.296
Idaho Batholith,252.5,-7.5,0.3
Klamath Mountains,252.5,-7.5,0.33
Middle Rockies,252.5,-7.5,0.346
North Cascades,252.5,-7.5,0.135
Northern Basin and Range,252.5,-7.5,0.234
Sierra Nevada,252.5,-7.5,0.145
Southern Rockies,252.5,-7.5,0.023
Wasatch and Uinta Mountains,252.5,-7.5,-0.018
