eco_region,lon,lat,rho
Arizona/New Mexico Mountains,217.5,-17.5,0.082
Blue Mountains,217.5,-17.5,0.073
Canadian Rockies,217.5,-17.5,0.077
Cascades,217.5,-17.5,0.009
Central Basin and Range,217.5,-17.5,-0.16
Columbia Mountains/Northern Rockies,217.5,-17.5,-0.124
Eastern Cascades Slopes and Foothills,217.5,-17.5,-0.034
Idaho Batholith,217.5,-17.5,0.095
Klamath Mountains,217.5,-17.5,-0.047
Middle Rockies,217.5,-17.5,0.01
North Cascades,217.5,-17.5,-0.045
Northern Basin and Range,217.5,-17.5,-0.006
Sierra Nevada,217.5,-17.5,-0.016
Southern Rockies,217.5,-17.5,-0.088
Wasatch and Uinta Mountains,217.5,-17.5,0.057
