eco_region,lon,lat,rho
Arizona/New Mexico Mountains,267.5,5.0,0.131
Blue Mountains,267.5,5.0,0.148
Canadian Rockies,267.5,5.0,0.316
Cascades,267.5,5.0,0.356
Central Basin and Range,267.5,5.0,0.308
Columbia Mountains/Northern Rockies,267.5,5.0,0.312
Eastern Cascades Slopes and Foothills,267.5,5.0,0.277
Idaho Batholith,267.5,5.0,0.113
Klamath Mountains,267.5,5.0,0.325
Middle Rockies,267.5,5.0,0.088
North Cascades,267.5,5.0,0.37
Northern Basin and Range,267.5,5.0,0.229
Sierra Nevada,267.5,5.0,0.18
Southern Rockies,267.5,5.0,0.317
Wasatch and Uinta Mountains,267.5,5.0,0.228
