eco_region,lon,lat,rho
Arizona/New Mexico Mountains,237.5,50.0,-0.041
Blue Mountains,237.5,50.0,0.043
Canadian Rockies,237.5,50.0,0.123
Cascades,237.5,50.0,0.029
Central Basin and Range,237.5,50.0,-0.017
Columbia Mountains/Northern Rockies,237.5,50.0,0.092
Eastern Cascades Slopes and Foothills,237.5,50.0,0.104
Idaho Batholith,237.5,50.0,0.139
Klamath Mountains,237.5,50.0,0.129
Middle Rockies,237.5,50.0,0.071
North Cascades,237.5,50.0,0.113
Northern Basin and Range,237.5,50.0,-0.036
Sierra Nevada,237.5,50.0,0.088
Southern Rockies,237.5,50.0,0.047
Wasatch and Uinta Mountains,237.5,50.0,-0.005
