eco_region,lon,lat,rho
Arizona/New Mexico Mountains,245.0,30.0,0.018
Blue Mountains,245.0,30.0,0.121
Canadian Rockies,245.0,30.0,0.071
Cascades,245.0,30.0,0.166
Central Basin and Range,245.0,30.0,0.216
Columbia Mountains/Northern Rockies,245.0,30.0,0.059
Eastern Cascades Slopes and Foothills,245.0,30.0,0.072
Idaho Batholith,245.0,30.0,0.105
Klamath Mountains,245.0,30.0,0.042
Middle Rockies,245.0,30.0,-0.013
North Cascades,245.0,30.0,0.0
Northern Basin and Range,245.0,30.0,0.123
Sierra Nevada,245.0,30.0,0.183
Southern Rockies,245.0,30.0,0.086
Wasatch and Uinta Mountains,245.0,30.0,0.063
