eco_region,lon,lat,rho
Arizona/New Mexico Mountains,212.5,57.5,-0.065
Blue Mountains,212.5,57.5,0.023
Canadian Rockies,212.5,57.5,0.062
Cascades,212.5,57.5,0.081
Central Basin and Range,212.5,57.5,0.081
Columbia Mountains/Northern Rockies,212.5,57.5,0.092
Eastern Cascades Slopes and Foothills,212.5,57.5,-0.07
Idaho Batholith,212.5,57.5,-0.007
Klamath Mountains,212.5,57.5,0.028
Middle Rockies,212.5,57.5,0.115
North Cascades,212.5,57.5,0.079
Northern Basin and Range,212.5,57.5,0.096
Sierra Nevada,212.5,57.5,0.11
Southern Rockies,212.5,57.5,0.105
Wasatch and Uinta Mountains,212.5,57.5,0.127
