eco_region,lon,lat,rho
Arizona/New Mexico Mountains,227.5,37.5,0.099
Blue Mountains,227.5,37.5,0.112
Canadian Rockies,227.5,37.5,0.245
Cascades,227.5,37.5,0.19
Central Basin and Range,227.5,37.5,0.107
Columbia Mountains/Northern Rockies,227.5,37.5,0.25
Eastern Cascades Slopes and Foothills,227.5,37.5,-0.018
Idaho Batholith,227.5,37.5,0.038
Klamath Mountains,227.5,37.5,-0.003
Middle Rockies,227.5,37.5,0.126
North Cascades,227.5,37.5,0.15
Northern Basin and Range,227.5,37.5,0.051
Sierra Nevada,227.5,37.5,0.213
Southern Rockies,227.5,37.5,0.129
Wasatch and Uinta Mountains,227.5,37.5,0.168
