eco_region,lon,lat,rho
Arizona/New Mexico Mountains,280.0,-12.5,0.107
Blue Mountains,280.0,-12.5,0.16
Canadian Rockies,280.0,-12.5,0.303
Cascades,280.0,-12.5,0.169
Central Basin and Range,280.0,-12.5,0.207
Columbia Mountains/Northern Rockies,280.0,-12.5,0.084
Eastern Cascades Slopes and Foothills,280.0,-12.5,0.231
Idaho Batholith,280.0,-12.5,0.127
Klamath Mountains,280.0,-12.5,0.365
Middle Rockies,280.0,-12.5,0.352
North Cascades,280.0,-12.5,0.153
Northern Basin and Range,280.0,-12.5,0.219
Sierra Nevada,280.0,-12.5,0.158
Southern Rockies,280.0,-12.5,-0.015
Wasatch and Uinta Mountains,280.0,-12.5,0.389
