eco_region,lon,lat,rho
Arizona/New Mexico Mountains,205.0,5.0,0.188
Blue Mountains,205.0,5.0,0.224
Canadian Rockies,205.0,5.0,0.26
Cascades,205.0,5.0,0.334
Central Basin and Range,205.0,5.0,0.26
Columbia Mountains/Northern Rockies,205.0,5.0,0.231
Eastern Cascades Slopes and Foothills,205.0,5.0,0.16
Idaho Batholith,205.0,5.0,0.167
Klamath Mountains,205.0,5.0,0.279
Middle Rockies,205.0,5.0,0.104
North Cascades,205.0,5.0,0.213
Northern Basin and Range,205.0,5.0,0.069
Sierra Nevada,205.0,5.0,0.242
Southern Rockies,205.0,5.0,0.41
Wasatch and Uinta Mountains,205.0,5.0,0.102
