eco_region,lon,lat,rho
Arizona/New Mexico Mountains,272.5,-20.0,0.244
Blue Mountains,272.5,-20.0,0.229
Canadian Rockies,272.5,-20.0,0.267
Cascades,272.5,-20.0,0.301
Central Basin and Range,272.5,-20.0,0.334
Columbia Mountains/Northern Rockies,272.5,-20.0,0.403
Eastern Cascades Slopes and Foothills,272.5,-20.0,0.283
Idaho Batholith,272.5,-20.0,0.291
Klamath Mountains,272.5,-20.0,-0.072
Middle Rockies,272.5,-20.0,0.305
North Cascades,272.5,-20.0,0.196
Northern Basin and Range,272.5,-20.0,0.263
Sierra Nevada,272.5,-20.0,0.293
Southern Rockies,272.5,-20.0,0.417
Wasatch and Uinta Mountains,272.5,-20.0,0.165
