eco_region,lon,lat,rho
Arizona/New Mexico Mountains,260.0,37.5,-0.066
Blue Mountains,260.0,37.5,0.033
Canadian Rockies,260.0,37.5,0.167
Cascades,260.0,37.5,0.07
Central Basin and Range,260.0,37.5,0.041
Columbia Mountains/Northern Rockies,260.0,37.5,0.147
Eastern Cascades Slopes and Foothills,260.0,37.5,0.06
Idaho Batholith,260.0,37.5,0.206
Klamath Mountains,260.0,37.5,0.142
Middle Rockies,260.0,37.5,0.1
North Cascades,260.0,37.5,0.18
Northern Basin and Range,260.0,37.5,-0.052
Sierra Nevada,260.0,37.5,0.087
Southern Rockies,260.0,37.5,0.042
Wasatch and Uinta Mountains,260.0,37.5,0.124
