eco_region,lon,lat,rho
Arizona/New Mexico Mountains,260.0,55.0,-0.097
Blue Mountains,260.0,55.0,0.011
Canadian Rockies,260.0,55.0,-0.11
Cascades,260.0,55.0,-0.068
Central Basin and Range,260.0,55.0,-0.011
Columbia Mountains/Northern Rockies,260.0,55.0,0.104
Eastern Cascades Slopes and Foothills,260.0,55.0,-0.018
Idaho Batholith,260.0,55.0,0.025
Klamath Mountains,260.0,55.0,0.038
Middle Rockies,260.0,55.0,-0.024
North Cascades,260.0,55.0,-0.052
Northern Basin and Range,260.0,55.0,-0.017
Sierra Nevada,260.0,55.0,0.014
Southern Rockies,260.0,55.0,-0.04
Wasatch and Uinta Mountains,260.0,55.0,0.147
