eco_region,lon,lat,rho
Arizona/New Mexico Mountains,280.0,5.0,0.095
Blue Mountains,280.0,5.0,0.04
Canadian Rockies,280.0,5.0,0.009
Cascades,280.0,5.0,0.164
Central Basin and Range,280.0,5.0,0.163
Columbia Mountains/Northern Rockies,280.0,5.0,0.076
Eastern Cascades Slopes and Foothills,280.0,5.0,0.17
Idaho Batholith,280.0,5.0,0.011
Klamath Mountains,280.0,5.0,0.035
Middle Rockies,280.0,5.0,0.039
North Cascades,280.0,5.0,0.143
Northern Basin and Range,280.0,5.0,0.076
Sierra Nevada,280.0,5.0,0.064
Southern Rockies,280.0,5.0,-0.043
Wasatch and Uinta Mountains,280.0,5.0,-0.076
