eco_region,lon,lat,rho
Arizona/New Mexico Mountains,242.5,-15.0,0.132
Blue Mountains,242.5,-15.0,0.225
Canadian Rockies,242.5,-15.0,0.312
Cascades,242.5,-15.0,0.285
Central Basin and Range,242.5,-15.0,0.368
Columbia Mountains/Northern Rockies,242.5,-15.0,0.385
Eastern Cascades Slopes and Foothills,242.5,-15.0,0.219
Idaho Batholith,242.5,-15.0,0.341
Klamath Mountains,242.5,-15.0,0.256
Middle Rockies,242.5,-15.0,0.375
North Cascades,242.5,-15.0,0.205
Northern Basin and Range,242.5,-15.0,0.237
Sierra Nevada,242.5,-15.0,0.149
Southern Rockies,242.5,-15.0,0.419
Wasatch and Uinta Mountains,242.5,-15.0,0.198
