eco_region,lon,lat,rho
Arizona/New Mexico Mountains,250.0,-20.0,0.083
Blue Mountains,250.0,-20.0,-0.065
Canadian Rockies,250.0,-20.0,0.098
Cascades,250.0,-20.0,-0.024
Central Basin and Range,250.0,-20.0,-0.027
Columbia Mountains/Northern Rockies,250.0,-20.0,0.038
Eastern Cascades Slopes and Foothills,250.0,-20.0,-0.011
Idaho Batholith,250.0,-20.0,0.079
Klamath Mountains,250.0,-20.0,0.13
Middle Rockies,250.0,-20.0,0.116
North Cascades,250.0,-20.0,0.018
Northern Basin and Range,250.0,-20.0,-0.026
Sierra Nevada,250.0,-20.0,0.062
Southern Rockies,250.0,-20.0,0.049
Wasatch and Uinta Mountains,250.0,-20.0,0.025
