eco_region,lon,lat,rho
Arizona/New Mexico Mountains,220.0,-5.0,0.127
Blue Mountains,220.0,-5.0,-0.004
Canadian Rockies,220.0,-5.0,-0.005
Cascades,220.0,-5.0,0.158
Central Basin and Range,220.0,-5.0,0.075
Columbia Mountains/Northern Rockies,220.0,-5.0,0.065
Eastern Cascades Slopes and Foothills,220.0,-5.0,0.131
Idaho Batholith,220.0,-5.0,0.14
Klamath Mountains,220.0,-5.0,0.144
Middle Rockies,220.0,-5.0,0.111
North Cascades,220.0,-5.0,0.06
Northern Basin and Range,220.0,-5.0,-0.026
Sierra Nevada,220.0,-5.0,0.067
Southern Rockies,220.0,-5.0,0.019
Wasatch and Uinta Mountains,220.0,-5.0,-0.079
