eco_region,lon,lat,rho
Arizona/New Mexico Mountains,190.0,12.5,0.126
Blue Mountains,190.0,12.5,0.222
Canadian Rockies,190.0,12.5,0.37
Cascades,190.0,12.5,0.344
Central Basin and Range,190.0,12.5,0.214
Columbia Mountains/Northern Rockies,190.0,12.5,0.303
Eastern Cascades Slopes and Foothills,190.0,12.5,0.363
Idaho Batholith,190.0,12.5,0.336
Klamath Mountains,190.0,12.5,0.364
Middle Rockies,190.0,12.5,0.106
North Cascades,190.0,12.5,0.075
Northern Basin and Range,190.0,12.5,0.286
Sierra Nevada,190.0,12.5,0.248
Southern Rockies,190.0,12.5,0.351
Wasatch and Uinta Mountains,190.0,12.5,-0.119
