eco_region,lon,lat,rho
Arizona/New Mexico Mountains,265.0,40.0,0.096
Blue Mountains,265.0,40.0,0.074
Canadian Rockies,265.0,40.0,-0.011
Cascades,265.0,40.0,0.023
Central Basin and Range,265.0,40.0,0.104
Columbia Mountains/Northern Rockies,265.0,40.0,0.038
Eastern Cascades Slopes and Foothills,265.0,40.0,0.08
Idaho Batholith,265.0,40.0,0.013
Klamath Mountains,265.0,40.0,0.127
Middle Rockies,265.0,40.0,0.081
North Cascades,265.0,40.0,0.125
Northern Basin and Range,265.0,40.0,0.064
Sierra Nevada,265.0,40.0,0.044
Southern Rockies,265.0,40.0,0.02
Wasatch and Uinta Mountains,265.0,40.0,0.061
