eco_region,lon,lat,rho
Arizona/New Mexico Mountains,237.5,37.5,0.194
Blue Mountains,237.5,37.5,0.123
Canadian Rockies,237.5,37.5,0.06
Cascades,237.5,37.5,0.07
Central Basin and Range,237.5,37.5,0.063
Columbia Mountains/Northern Rockies,237.5,37.5,0.007
Eastern Cascades Slopes and Foothills,237.5,37.5,0.09
Idaho Batholith,237.5,37.5,0.141
Klamath Mountains,237.5,37.5,0.089
Middle Rockies,237.5,37.5,0.113
North Cascades,237.5,37.5,-0.021
Northern Basin and Range,237.5,37.5,-0.018
Sierra Nevada,237.5,37.5,0.071
Southern Rockies,237.5,37.5,0.125
Wasatch and Uinta Mountains,237.5,37.5,0.119
