eco_region,lon,lat,rho
Arizona/New Mexico Mountains,255.0,20.0,-0.045
Blue Mountains,255.0,20.0,-0.086
Canadian Rockies,255.0,20.0,0.1
Cascades,255.0,20.0,-0.003
Central Basin and Range,255.0,20.0,0.084
Columbia Mountains/Northern Rockies,255.0,20.0,0.102
Eastern Cascades Slopes and Foothills,255.0,20.0,0.088
Idaho Batholith,255.0,20.0,0.091
Klamath Mountains,255.0,20.0,0.015
Middle Rockies,255.0,20.0,0.091
North Cascades,255.0,20.0,0.048
Northern Basin and Range,255.0,20.0,0.072
Sierra Nevada,255.0,20.0,0.172
Southern Rockies,255.0,20.0,0.046
Wasatch and Uinta Mountains,255.0,20.0,-0.085
