eco_region,lon,lat,rho
Arizona/New Mexico Mountains,190.0,57.5,0.056
Blue Mountains,190.0,57.5,-0.002
Canadian Rockies,190.0,57.5,0.113
Cascades,190.0,57.5,0.063
Central Basin and Range,190.0,57.5,0.03
Columbia Mountains/Northern Rockies,190.0,57.5,0.19
Eastern Cascades Slopes and Foothills,190.0,57.5,0.035
Idaho Batholith,190.0,57.5,0.022
Klamath Mountains,190.0,57.5,0.026
Middle Rockies,190.0,57.5,0.077
North Cascades,190.0,57.5,0.013
Northern Basin and Range,190.0,57.5,-0.068
Sierra Nevada,190.0,57.5,0.078
Southern Rockies,190.0,57.5,0.153
Wasatch and Uinta Mountains,190.0,57.5,-0.035
