eco_region,lon,lat,rho
Arizona/New Mexico Mountains,187.5,32.5,0.056
Blue Mountains,187.5,32.5,0.098
Canadian Rockies,187.5,32.5,0.041
Cascades,187.5,32.5,-0.0
Central Basin and Range,187.5,32.5,-0.037
Columbia Mountains/Northern Rockies,187.5,32.5,0.046
Eastern Cascades Slopes and Foothills,187.5,32.5,0.062
Idaho Batholith,187.5,32.5,0.029
Klamath Mountains,187.5,32.5,0.152
Middle Rockies,187.5,32.5,0.032
North Cascades,187.5,32.5,0.094
Northern Basin and Range,187.5,32.5,-0.111
Sierra Nevada,187.5,32.5,0.059
Southern Rockies,187.5,32.5,0.014
Wasatch and Uinta Mountains,187.5,32.5,0.06
