eco_region,lon,lat,rho
Arizona/New Mexico Mountains,195.0,50.0,0.028
Blue Mountains,195.0,50.0,0.001
Canadian Rockies,195.0,50.0,0.142
Cascades,195.0,50.0,0.024
Central Basin and Range,195.0,50.0,-0.02
Columbia Mountains/Northern Rockies,195.0,50.0,0.057
Eastern Cascades Slopes and Foothills,195.0,50.0,-0.034
Idaho Batholith,195.0,50.0,-0.025
Klamath Mountains,195.0,50.0,0.04
Middle Rockies,195.0,50.0,0.012
North Cascades,195.0,50.0,0.077
Northern Basin and Range,195.0,50.0,0.007
Sierra Nevada,195.0,50.0,-0.052
Southern Rockies,195.0,50.0,0.029
Wasatch and Uinta Mountains,195.0,50.0,0.015
