eco_region,lon,lat,rho
Arizona/New Mexico Mountains,230.0,60.0,0.053
Blue Mountains,230.0,60.0,-0.069
Canadian Rockies,230.0,60.0,0.035
Cascades,230.0,60.0,0.059
Central Basin and Range,230.0,60.0,0.069
Columbia Mountains/Northern Rockies,230.0,60.0,-0.032
Eastern Cascades Slopes and Foothills,230.0,60.0,0.104
Idaho Batholith,230.0,60.0,-0.025
Klamath Mountains,230.0,60.0,0.004
Middle Rockies,230.0,60.0,-0.051
North Cascades,230.0,60.0,0.036
Northern Basin and Range,230.0,60.0,-0.048
Sierra Nevada,230.0,60.0,-0.032
Southern Rockies,230.0,60.0,0.04
Wasatch and Uinta Mountains,230.0,60.0,0.075
