eco_region,lon,lat,rho
Arizona/New Mexico Mountains,222.5,30.0,0.098
Blue Mountains,222.5,30.0,0.245
Canadian Rockies,222.5,30.0,0.164
Cascades,222.5,30.0,0.294
Central Basin and Range,222.5,30.0,0.212
Columbia Mountains/Northern Rockies,222.5,30.0,0.159
Eastern Cascades Slopes and Foothills,222.5,30.0,0.207
Idaho Batholith,222.5,30.0,0.105
Klamath Mountains,222.5,30.0,0.208
Middle Rockies,222.5,30.0,0.203
North Cascades,222.5,30.0,0.163
Northern Basin and Range,222.5,30.0,0.178
Sierra Nevada,222.5,30.0,0.186
Southern Rockies,222.5,30.0,0.147
Wasatch and Uinta Mountains,222.5,30.0,0.281
