eco_region,lon,lat,rho
Arizona/New Mexico Mountains,252.5,42.5,-0.033
Blue Mountains,252.5,42.5,-0.017
Canadian Rockies,252.5,42.5,0.185
Cascades,252.5,42.5,0.083
Central Basin and Range,252.5,42.5,0.069
Columbia Mountains/Northern Rockies,252.5,42.5,0.268
Eastern Cascades Slopes and Foothills,252.5,42.5,0.044
Idaho Batholith,252.5,42.5,0.405
Klamath Mountains,252.5,42.5,0.123
Middle Rockies,252.5,42.5,0.228
North Cascades,252.5,42.5,0.079
Northern Basin and Range,252.5,42.5,-0.084
Sierra Nevada,252.5,42.5,0.074
Southern Rockies,252.5,42.5,0.176
Wasatch and Uinta Mountains,252.5,42.5,-0.025
