eco_region,lon,lat,rho
Arizona/New Mexico Mountains,220.0,-5.0,0.205
Blue Mountains,220.0,-5.0,0.175
Canadian Rockies,220.0,-5.0,0.126
Cascades,220.0,-5.0,0.303
Central Basin and Range,220.0,-5.0,0.251
Columbia Mountains/Northern Rockies,220.0,-5.0,0.279
Eastern Cascades Slopes and Foothills,220.0,-5.0,0.271
Idaho Batholith,220.0,-5.0,0.219
Klamath Mountains,220.0,-5.0,0.313
Middle Rockies,220.0,-5.0,0.269
North Cascades,220.0,-5.0,0.169
Northern Basin and Range,220.0,-5.0,0.037
Sierra Nevada,220.0,-5.0,0.182
Southern Rockies,220.0,-5.0,0.33
Wasatch and Uinta Mountains,220.0,-5.0,0.061
