eco_region,lon,lat,rho
Arizona/New Mexico Mountains,212.5,30.0,0.211
Blue Mountains,212.5,30.0,-0.04
Canadian Rockies,212.5,30.0,0.176
Cascades,212.5,30.0,0.144
Central Basin and Range,212.5,30.0,0.055
Columbia Mountains/Northern Rockies,212.5,30.0,0.192
Eastern Cascades Slopes and Foothills,212.5,30.0,-0.017
Idaho Batholith,212.5,30.0,0.186
Klamath Mountains,212.5,30.0,0.216
Middle Rockies,212.5,30.0,0.176
North Cascades,212.5,30.0,0.205
Northern Basin and Range,212.5,30.0,-0.005
Sierra Nevada,212.5,30.0,0.238
Southern Rockies,212.5,30.0,0.194
Wasatch and Uinta Mountains,212.5,30.0,0.304
