eco_region,lon,lat,rho
Arizona/New Mexico Mountains,280.0,55.0,0.035
Blue Mountains,280.0,55.0,-0.035
Canadian Rockies,280.0,55.0,-0.003
Cascades,280.0,55.0,-0.037
Central Basin and Range,280.0,55.0,-0.149
Columbia Mountains/Northern Rockies,280.0,55.0,0.04
Eastern Cascades Slopes and Foothills,280.0,55.0,-0.097
Idaho Batholith,280.0,55.0,-0.01
Klamath Mountains,280.0,55.0,-0.025
Middle Rockies,280.0,55.0,0.004
North Cascades,280.0,55.0,-0.044
Northern Basin and Range,280.0,55.0,0.008
Sierra Nevada,280.0,55.0,0.007
Southern Rockies,280.0,55.0,-0.008
Wasatch and Uinta Mountains,280.0,55.0,-0.021
