eco_region,lon,lat,rho
Arizona/New Mexico Mountains,200.0,-15.0,0.078
Blue Mountains,200.0,-15.0,0.175
Canadian Rockies,200.0,-15.0,0.182
Cascades,200.0,-15.0,0.171
Central Basin and Range,200.0,-15.0,0.005
Columbia Mountains/Northern Rockies,200.0,-15.0,0.242
Eastern Cascades Slopes and Foothills,200.0,-15.0,0.234
Idaho Batholith,200.0,-15.0,0.12
Klamath Mountains,200.0,-15.0,0.138
Middle Rockies,200.0,-15.0,0.242
North Cascades,200.0,-15.0,0.171
Northern Basin and Range,200.0,-15.0,0.123
Sierra Nevada,200.0,-15.0,0.172
Southern Rockies,200.0,-15.0,0.314
Wasatch and Uinta Mountains,200.0,-15.0,0.211
