eco_region,lon,lat,rho
Arizona/New Mexico Mountains,205.0,32.5,0.007
Blue Mountains,205.0,32.5,-0.07
Canadian Rockies,205.0,32.5,0.089
Cascades,205.0,32.5,0.018
Central Basin and Range,205.0,32.5,-0.004
Columbia Mountains/Northern Rockies,205.0,32.5,0.086
Eastern Cascades Slopes and Foothills,205.0,32.5,-0.065
Idaho Batholith,205.0,32.5,0.131
Klamath Mountains,205.0,32.5,0.167
Middle Rockies,205.0,32.5,0.146
North Cascades,205.0,32.5,0.102
Northern Basin and Range,205.0,32.5,-0.039
Sierra Nevada,205.0,32.5,0.173
Southern Rockies,205.0,32.5,0.124
Wasatch and Uinta Mountains,205.0,32.5,0.109
