eco_region,lon,lat,rho
Arizona/New Mexico Mountains,265.0,-10.0,0.243
Blue Mountains,265.0,-10.0,0.35
Canadian Rockies,265.0,-10.0,0.235
Cascades,265.0,-10.0,0.394
Central Basin and Range,265.0,-10.0,0.476
Columbia Mountains/Northern Rockies,265.0,-10.0,0.088
Eastern Cascades Slopes and Foothills,265.0,-10.0,0.334
Idaho Batholith,265.0,-10.0,0.064
Klamath Mountains,265.0,-10.0,0.324
Middle Rockies,265.0,-10.0,0.343
North Cascades,265.0,-10.0,0.066
Northern Basin and Range,265.0,-10.0,0.328
Sierra Nevada,265.0,-10.0,0.16
Southern Rockies,265.0,-10.0,0.086
Wasatch and Uinta Mountains,265.0,-10.0,0.085
