eco_region,lon,lat,rho
Arizona/New Mexico Mountains,230.0,20.0,0.234
Blue Mountains,230.0,20.0,0.189
Canadian Rockies,230.0,20.0,0.187
Cascades,230.0,20.0,0.316
Central Basin and Range,230.0,20.0,0.357
Columbia Mountains/Northern Rockies,230.0,20.0,0.332
Eastern Cascades Slopes and Foothills,230.0,20.0,0.226
Idaho Batholith,230.0,20.0,0.287
Klamath Mountains,230.0,20.0,0.306
Middle Rockies,230.0,20.0,0.255
North Cascades,230.0,20.0,0.249
Northern Basin and Range,230.0,20.0,0.278
Sierra Nevada,230.0,20.0,0.218
Southern Rockies,230.0,20.0,0.284
Wasatch and Uinta Mountains,230.0,20.0,0.371
