eco_region,lon,lat,rho
Arizona/New Mexico Mountains,207.5,-10.0,0.121
Blue Mountains,207.5,-10.0,0.268
Canadian Rockies,207.5,-10.0,0.281
Cascades,207.5,-10.0,0.328
Central Basin and Range,207.5,-10.0,0.185
Columbia Mountains/Northern Rockies,207.5,-10.0,0.254
Eastern Cascades Slopes and Foothills,207.5,-10.0,0.147
Idaho Batholith,207.5,-10.0,0.253
Klamath Mountains,207.5,-10.0,0.297
Middle Rockies,207.5,-10.0,0.274
North Cascades,207.5,-10.0,0.312
Northern Basin and Range,207.5,-10.0,0.131
Sierra Nevada,207.5,-10.0,0.172
Southern Rockies,207.5,-10.0,0.177
Wasatch and Uinta Mountains,207.5,-10.0,0.312
