eco_region,lon,lat,rho
Arizona/New Mexico Mountains,237.5,27.5,0.151
Blue Mountains,237.5,27.5,0.052
Canadian Rockies,237.5,27.5,-0.069
Cascades,237.5,27.5,0.153
Central Basin and Range,237.5,27.5,0.005
Columbia Mountains/Northern Rockies,237.5,27.5,0.008
Eastern Cascades Slopes and Foothills,237.5,27.5,-0.042
Idaho Batholith,237.5,27.5,-0.022
Klamath Mountains,237.5,27.5,-0.054
Middle Rockies,237.5,27.5,0.085
North Cascades,237.5,27.5,0.056
Northern Basin and Range,237.5,27.5,-0.007
Sierra Nevada,237.5,27.5,-0.005
Southern Rockies,237.5,27.5,0.094
Wasatch and Uinta Mountains,237.5,27.5,-0.002
