eco_region,lon,lat,rho
Arizona/New Mexico Mountains,185.0,45.0,-0.018
Blue Mountains,185.0,45.0,0.07
Canadian Rockies,185.0,45.0,0.108
Cascades,185.0,45.0,0.025
Central Basin and Range,185.0,45.0,-0.026
Columbia Mountains/Northern Rockies,185.0,45.0,0.088
Eastern Cascades Slopes and Foothills,185.0,45.0,0.118
Idaho Batholith,185.0,45.0,0.075
Klamath Mountains,185.0,45.0,-0.031
Middle Rockies,185.0,45.0,-0.038
North Cascades,185.0,45.0,0.116
Northern Basin and Range,185.0,45.0,-0.023
Sierra Nevada,185.0,45.0,0.065
Southern Rockies,185.0,45.0,0.07
Wasatch and Uinta Mountains,185.0,45.0,0.009
