eco_region,lon,lat,rho
Arizona/New Mexico Mountains,270.0,7.5,0.119
Blue Mountains,270.0,7.5,0.13
Canadian Rockies,270.0,7.5,0.155
Cascades,270.0,7.5,0.342
Central Basin and Range,270.0,7.5,0.299
Columbia Mountains/Northern Rockies,270.0,7.5,0.238
Eastern Cascades Slopes and Foothills,270.0,7.5,0.227
Idaho Batholith,270.0,7.5,0.109
Klamath Mountains,270.0,7.5,0.407
Middle Rockies,270.0,7.5,0.303
North Cascades,270.0,7.5,0.351
Northern Basin and Range,270.0,7.5,0.218
Sierra Nevada,270.0,7.5,0.227
Southern Rockies,270.0,7.5,0.192
Wasatch and Uinta Mountains,270.0,7.5,0.268
