eco_region,lon,lat,rho
Arizona/New Mexico Mountains,195.0,-2.5,0.026
Blue Mountains,195.0,-2.5,-0.013
Canadian Rockies,195.0,-2.5,-0.059
Cascades,195.0,-2.5,0.134
Central Basin and Range,195.0,-2.5,0.077
Columbia Mountains/Northern Rockies,195.0,-2.5,-0.08
Eastern Cascades Slopes and Foothills,195.0,-2.5,0.027
Idaho Batholith,195.0,-2.5,0.018
Klamath Mountains,195.0,-2.5,0.211
Middle Rockies,195.0,-2.5,0.049
North Cascades,195.0,-2.5,0.014
Northern Basin and Range,195.0,-2.5,-0.004
Sierra Nevada,195.0,-2.5,0.073
Southern Rockies,195.0,-2.5,0.163
Wasatch and Uinta Mountains,195.0,-2.5,-0.06
