eco_region,lon,lat,rho
Arizona/New Mexico Mountains,180.0,25.0,0.067
Blue Mountains,180.0,25.0,0.051
Canadian Rockies,180.0,25.0,0.047
Cascades,180.0,25.0,0.073
Central Basin and Range,180.0,25.0,0.071
Columbia Mountains/Northern Rockies,180.0,25.0,0.165
Eastern Cascades Slopes and Foothills,180.0,25.0,0.065
Idaho Batholith,180.0,25.0,0.065
Klamath Mountains,180.0,25.0,0.122
Middle Rockies,180.0,25.0,0.028
North Cascades,180.0,25.0,0.122
Northern Basin and Range,180.0,25.0,0.15
Sierra Nevada,180.0,25.0,0.003
Southern Rockies,180.0,25.0,0.01
Wasatch and Uinta Mountains,180.0,25.0,-0.141
