eco_region,lon,lat,rho
Arizona/New Mexico Mountains,180.0,12.5,0.073
Blue Mountains,180.0,12.5,0.072
Canadian Rockies,180.0,12.5,0.169
Cascades,180.0,12.5,0.075
Central Basin and Range,180.0,12.5,0.09
Columbia Mountains/Northern Rockies,180.0,12.5,0.073
Eastern Cascades Slopes and Foothills,180.0,12.5,0.043
Idaho Batholith,180.0,12.5,0.041
Klamath Mountains,180.0,12.5,0.293
Middle Rockies,180.0,12.5,0.061
North Cascades,180.0,12.5,0.123
Northern Basin and Range,180.0,12.5,0.027
Sierra Nevada,180.0,12.5,-0.016
Southern Rockies,180.0,12.5,0.205
Wasatch and Uinta Mountains,180.0,12.5,-0.008
