eco_region,lon,lat,rho
Arizona/New Mexico Mountains,232.5,-15.0,0.249
Blue Mountains,232.5,-15.0,0.291
Canadian Rockies,232.5,-15.0,0.19
Cascades,232.5,-15.0,0.357
Central Basin and Range,232.5,-15.0,0.371
Columbia Mountains/Northern Rockies,232.5,-15.0,0.147
Eastern Cascades Slopes and Foothills,232.5,-15.0,0.28
Idaho Batholith,232.5,-15.0,0.15
Klamath Mountains,232.5,-15.0,0.212
Middle Rockies,232.5,-15.0,0.331
North Cascades,232.5,-15.0,0.181
Northern Basin and Range,232.5,-15.0,0.15
Sierra Nevada,232.5,-15.0,0.212
Southern Rockies,232.5,-15.0,0.093
Wasatch and Uinta Mountains,232.5,-15.0,0.137
