eco_region,lon,lat,rho
Arizona/New Mexico Mountains,255.0,20.0,-0.009
Blue Mountains,255.0,20.0,-0.031
Canadian Rockies,255.0,20.0,-0.032
Cascades,255.0,20.0,-0.005
Central Basin and Range,255.0,20.0,-0.038
Columbia Mountains/Northern Rockies,255.0,20.0,0.097
Eastern Cascades Slopes and Foothills,255.0,20.0,0.025
Idaho Batholith,255.0,20.0,-0.014
Klamath Mountains,255.0,20.0,0.173
Middle Rockies,255.0,20.0,-0.016
North Cascades,255.0,20.0,-0.127
Northern Basin and Range,255.0,20.0,0.079
Sierra Nevada,255.0,20.0,-0.014
Southern Rockies,255.0,20.0,-0.086
Wasatch and Uinta Mountains,255.0,20.0,-0.081
