eco_region,lon,lat,rho
Arizona/New Mexico Mountains,180.0,30.0,0.018
Blue Mountains,180.0,30.0,0.096
Canadian Rockies,180.0,30.0,0.024
Cascades,180.0,30.0,-0.006
Central Basin and Range,180.0,30.0,0.103
Columbia Mountains/Northern Rockies,180.0,30.0,-0.025
Eastern Cascades Slopes and Foothills,180.0,30.0,-0.016
Idaho Batholith,180.0,30.0,-0.027
Klamath Mountains,180.0,30.0,-0.029
Middle Rockies,180.0,30.0,0.046
North Cascades,180.0,30.0,0.13
Northern Basin and Range,180.0,30.0,-0.095
Sierra Nevada,180.0,30.0,0.013
Southern Rockies,180.0,30.0,0.018
Wasatch and Uinta Mountains,180.0,30.0,0.023
