eco_region,lon,lat,rho
Arizona/New Mexico Mountains,220.0,27.5,0.059
Blue Mountains,220.0,27.5,0.045
Canadian Rockies,220.0,27.5,-0.048
Cascades,220.0,27.5,0.183
Central Basin and Range,220.0,27.5,-0.031
Columbia Mountains/Northern Rockies,220.0,27.5,0.067
Eastern Cascades Slopes and Foothills,220.0,27.5,-0.031
Idaho Batholith,220.0,27.5,0.038
Klamath Mountains,220.0,27.5,-0.115
Middle Rockies,220.0,27.5,0.052
North Cascades,220.0,27.5,0.044
Northern Basin and Range,220.0,27.5,-0.003
Sierra Nevada,220.0,27.5,0.018
Southern Rockies,220.0,27.5,0.145
Wasatch and Uinta Mountains,220.0,27.5,-0.029
