eco_region,lon,lat,rho
Arizona/New Mexico Mountains,277.5,30.0,0.035
Blue Mountains,277.5,30.0,-0.008
Canadian Rockies,277.5,30.0,0.161
Cascades,277.5,30.0,-0.02
Central Basin and Range,277.5,30.0,0.139
Columbia Mountains/Northern Rockies,277.5,30.0,0.061
Eastern Cascades Slopes and Foothills,277.5,30.0,0.123
Idaho Batholith,277.5,30.0,0.135
Klamath Mountains,277.5,30.0,0.175
Middle Rockies,277.5,30.0,0.026
North Cascades,277.5,30.0,0.094
Northern Basin and Range,277.5,30.0,-0.033
Sierra Nevada,277.5,30.0,0.009
Southern Rockies,277.5,30.0,0.034
Wasatch and Uinta Mountains,277.5,30.0,-0.042
