eco_region,lon,lat,rho
Arizona/New Mexico Mountains,190.0,30.0,-0.051
Blue Mountains,190.0,30.0,-0.031
Canadian Rockies,190.0,30.0,-0.049
Cascades,190.0,30.0,0.081
Central Basin and Range,190.0,30.0,-0.045
Columbia Mountains/Northern Rockies,190.0,30.0,-0.075
Eastern Cascades Slopes and Foothills,190.0,30.0,0.076
Idaho Batholith,190.0,30.0,0.066
Klamath Mountains,190.0,30.0,0.058
Middle Rockies,190.0,30.0,-0.061
North Cascades,190.0,30.0,0.156
Northern Basin and Range,190.0,30.0,-0.005
Sierra Nevada,190.0,30.0,-0.057
Southern Rockies,190.0,30.0,0.072
Wasatch and Uinta Mountains,190.0,30.0,0.027
