eco_region,lon,lat,rho
Arizona/New Mexico Mountains,247.5,-20.0,0.02
Blue Mountains,247.5,-20.0,0.059
Canadian Rockies,247.5,-20.0,0.246
Cascades,247.5,-20.0,-0.079
Central Basin and Range,247.5,-20.0,0.082
Columbia Mountains/Northern Rockies,247.5,-20.0,0.265
Eastern Cascades Slopes and Foothills,247.5,-20.0,0.054
Idaho Batholith,247.5,-20.0,0.263
Klamath Mountains,247.5,-20.0,-0.034
Middle Rockies,247.5,-20.0,0.329
North Cascades,247.5,-20.0,0.303
Northern Basin and Range,247.5,-20.0,-0.07
Sierra Nevada,247.5,-20.0,0.175
Southern Rockies,247.5,-20.0,0.246
Wasatch and Uinta Mountains,247.5,-20.0,0.228
