eco_region,lon,lat,rho
Arizona/New Mexico Mountains,277.5,25.0,0.164
Blue Mountains,277.5,25.0,0.048
Canadian Rockies,277.5,25.0,-0.105
Cascades,277.5,25.0,0.003
Central Basin and Range,277.5,25.0,0.093
Columbia Mountains/Northern Rockies,277.5,25.0,0.057
Eastern Cascades Slopes and Foothills,277.5,25.0,0.101
Idaho Batholith,277.5,25.0,0.055
Klamath Mountains,277.5,25.0,-0.003
Middle Rockies,277.5,25.0,-0.057
North Cascades,277.5,25.0,-0.131
Northern Basin and Range,277.5,25.0,0.029
Sierra Nevada,277.5,25.0,0.141
Southern Rockies,277.5,25.0,-0.063
Wasatch and Uinta Mountains,277.5,25.0,-0.047
