eco_region,lon,lat,rho
Arizona/New Mexico Mountains,210.0,10.0,0.08
Blue Mountains,210.0,10.0,-0.053
Canadian Rockies,210.0,10.0,0.026
Cascades,210.0,10.0,0.222
Central Basin and Range,210.0,10.0,0.057
Columbia Mountains/Northern Rockies,210.0,10.0,0.012
Eastern Cascades Slopes and Foothills,210.0,10.0,0.117
Idaho Batholith,210.0,10.0,0.029
Klamath Mountains,210.0,10.0,0.287
Middle Rockies,210.0,10.0,0.018
North Cascades,210.0,10.0,-0.003
Northern Basin and Range,210.0,10.0,0.104
Sierra Nevada,210.0,10.0,0.039
Southern Rockies,210.0,10.0,0.137
Wasatch and Uinta Mountains,210.0,10.0,-0.018
