eco_region,lon,lat,rho
Arizona/New Mexico Mountains,192.5,15.0,0.144
Blue Mountains,192.5,15.0,0.194
Canadian Rockies,192.5,15.0,0.284
Cascades,192.5,15.0,0.323
Central Basin and Range,192.5,15.0,0.22
Columbia Mountains/Northern Rockies,192.5,15.0,0.226
Eastern Cascades Slopes and Foothills,192.5,15.0,0.32
Idaho Batholith,192.5,15.0,0.178
Klamath Mountains,192.5,15.0,0.355
Middle Rockies,192.5,15.0,0.203
North Cascades,192.5,15.0,0.076
Northern Basin and Range,192.5,15.0,0.284
Sierra Nevada,192.5,15.0,0.134
Southern Rockies,192.5,15.0,0.088
Wasatch and Uinta Mountains,192.5,15.0,-0.097
