eco_region,lon,lat,rho
Arizona/New Mexico Mountains,192.5,45.0,0.079
Blue Mountains,192.5,45.0,0.176
Canadian Rockies,192.5,45.0,0.154
Cascades,192.5,45.0,0.188
Central Basin and Range,192.5,45.0,0.002
Columbia Mountains/Northern Rockies,192.5,45.0,0.199
Eastern Cascades Slopes and Foothills,192.5,45.0,0.138
Idaho Batholith,192.5,45.0,0.095
Klamath Mountains,192.5,45.0,0.133
Middle Rockies,192.5,45.0,-0.026
North Cascades,192.5,45.0,0.257
Northern Basin and Range,192.5,45.0,0.062
Sierra Nevada,192.5,45.0,0.041
Southern Rockies,192.5,45.0,0.085
Wasatch and Uinta Mountains,192.5,45.0,0.022
