eco_region,lon,lat,rho
Arizona/New Mexico Mountains,230.0,-2.5,0.194
Blue Mountains,230.0,-2.5,0.197
Canadian Rockies,230.0,-2.5,0.337
Cascades,230.0,-2.5,0.33
Central Basin and Range,230.0,-2.5,0.319
Columbia Mountains/Northern Rockies,230.0,-2.5,0.304
Eastern Cascades Slopes and Foothills,230.0,-2.5,0.273
Idaho Batholith,230.0,-2.5,0.238
Klamath Mountains,230.0,-2.5,0.304
Middle Rockies,230.0,-2.5,0.293
North Cascades,230.0,-2.5,0.184
Northern Basin and Range,230.0,-2.5,0.089
Sierra Nevada,230.0,-2.5,0.189
Southern Rockies,230.0,-2.5,0.354
Wasatch and Uinta Mountains,230.0,-2.5,0.119
