eco_region,lon,lat,rho
Arizona/New Mexico Mountains,252.5,25.0,0.008
Blue Mountains,252.5,25.0,0.059
Canadian Rockies,252.5,25.0,-0.006
Cascades,252.5,25.0,0.102
Central Basin and Range,252.5,25.0,0.127
Columbia Mountains/Northern Rockies,252.5,25.0,0.18
Eastern Cascades Slopes and Foothills,252.5,25.0,-0.034
Idaho Batholith,252.5,25.0,0.211
Klamath Mountains,252.5,25.0,-0.023
Middle Rockies,252.5,25.0,0.249
North Cascades,252.5,25.0,0.184
Northern Basin and Range,252.5,25.0,0.085
Sierra Nevada,252.5,25.0,0.168
Southern Rockies,252.5,25.0,0.243
Wasatch and Uinta Mountains,252.5,25.0,0.194
