eco_region,lon,lat,rho
Arizona/New Mexico Mountains,265.0,-2.5,0.111
Blue Mountains,265.0,-2.5,0.086
Canadian Rockies,265.0,-2.5,0.01
Cascades,265.0,-2.5,0.244
Central Basin and Range,265.0,-2.5,0.171
Columbia Mountains/Northern Rockies,265.0,-2.5,0.021
Eastern Cascades Slopes and Foothills,265.0,-2.5,0.204
Idaho Batholith,265.0,-2.5,0.011
Klamath Mountains,265.0,-2.5,0.089
Middle Rockies,265.0,-2.5,0.045
North Cascades,265.0,-2.5,0.195
Northern Basin and Range,265.0,-2.5,0.137
Sierra Nevada,265.0,-2.5,0.114
Southern Rockies,265.0,-2.5,-0.023
Wasatch and Uinta Mountains,265.0,-2.5,-0.123
