eco_region,lon,lat,rho
Arizona/New Mexico Mountains,270.0,30.0,0.125
Blue Mountains,270.0,30.0,0.025
Canadian Rockies,270.0,30.0,-0.02
Cascades,270.0,30.0,0.061
Central Basin and Range,270.0,30.0,0.044
Columbia Mountains/Northern Rockies,270.0,30.0,0.055
Eastern Cascades Slopes and Foothills,270.0,30.0,-0.006
Idaho Batholith,270.0,30.0,0.068
Klamath Mountains,270.0,30.0,0.078
Middle Rockies,270.0,30.0,-0.023
North Cascades,270.0,30.0,0.007
Northern Basin and Range,270.0,30.0,0.045
Sierra Nevada,270.0,30.0,0.05
Southern Rockies,270.0,30.0,0.075
Wasatch and Uinta Mountains,270.0,30.0,-0.009
