eco_region,lon,lat,rho
Arizona/New Mexico Mountains,262.5,10.0,0.183
Blue Mountains,262.5,10.0,0.049
Canadian Rockies,262.5,10.0,0.27
Cascades,262.5,10.0,0.277
Central Basin and Range,262.5,10.0,0.263
Columbia Mountains/Northern Rockies,262.5,10.0,0.312
Eastern Cascades Slopes and Foothills,262.5,10.0,0.358
Idaho Batholith,262.5,10.0,0.11
Klamath Mountains,262.5,10.0,0.363
Middle Rockies,262.5,10.0,0.252
North Cascades,262.5,10.0,0.256
Northern Basin and Range,262.5,10.0,0.081
Sierra Nevada,262.5,10.0,0.286
Southern Rockies,262.5,10.0,0.367
Wasatch and Uinta Mountains,262.5,10.0,0.144
