eco_region,lon,lat,rho
Arizona/New Mexico Mountains,187.5,0.0,0.014
Blue Mountains,187.5,0.0,0.233
Canadian Rockies,187.5,0.0,0.093
Cascades,187.5,0.0,0.277
Central Basin and Range,187.5,0.0,0.282
Columbia Mountains/Northern Rockies,187.5,0.0,0.067
Eastern Cascades Slopes and Foothills,187.5,0.0,0.144
Idaho Batholith,187.5,0.0,0.203
Klamath Mountains,187.5,0.0,0.364
Middle Rockies,187.5,0.0,0.089
North Cascades,187.5,0.0,0.078
Northern Basin and Range,187.5,0.0,0.242
Sierra Nevada,187.5,0.0,0.236
Southern Rockies,187.5,0.0,0.088
Wasatch and Uinta Mountains,187.5,0.0,0.007
