eco_region,lon,lat,rho
Arizona/New Mexico Mountains,272.5,-5.0,0.138
Blue Mountains,272.5,-5.0,0.14
Canadian Rockies,272.5,-5.0,0.054
Cascades,272.5,-5.0,0.291
Central Basin and Range,272.5,-5.0,0.187
Columbia Mountains/Northern Rockies,272.5,-5.0,0.027
Eastern Cascades Slopes and Foothills,272.5,-5.0,0.209
Idaho Batholith,272.5,-5.0,-0.02
Klamath Mountains,272.5,-5.0,0.069
Middle Rockies,272.5,-5.0,0.044
North Cascades,272.5,-5.0,0.217
Northern Basin and Range,272.5,-5.0,0.203
Sierra Nevada,272.5,-5.0,0.138
Southern Rockies,272.5,-5.0,-0.084
Wasatch and Uinta Mountains,272.5,-5.0,-0.016
