eco_region,lon,lat,rho
Arizona/New Mexico Mountains,217.5,45.0,-0.027
Blue Mountains,217.5,45.0,0.055
Canadian Rockies,217.5,45.0,0.176
Cascades,217.5,45.0,0.187
Central Basin and Range,217.5,45.0,0.067
Columbia Mountains/Northern Rockies,217.5,45.0,0.033
Eastern Cascades Slopes and Foothills,217.5,45.0,0.142
Idaho Batholith,217.5,45.0,0.012
Klamath Mountains,217.5,45.0,0.102
Middle Rockies,217.5,45.0,0.06
North Cascades,217.5,45.0,-0.038
Northern Basin and Range,217.5,45.0,0.098
Sierra Nevada,217.5,45.0,-0.039
Southern Rockies,217.5,45.0,0.097
Wasatch and Uinta Mountains,217.5,45.0,-0.085
