eco_region,lon,lat,rho
Arizona/New Mexico Mountains,267.5,-12.5,0.16
Blue Mountains,267.5,-12.5,0.209
Canadian Rockies,267.5,-12.5,-0.014
Cascades,267.5,-12.5,0.282
Central Basin and Range,267.5,-12.5,0.195
Columbia Mountains/Northern Rockies,267.5,-12.5,0.14
Eastern Cascades Slopes and Foothills,267.5,-12.5,0.216
Idaho Batholith,267.5,-12.5,0.137
Klamath Mountains,267.5,-12.5,0.071
Middle Rockies,267.5,-12.5,0.162
North Cascades,267.5,-12.5,0.126
Northern Basin and Range,267.5,-12.5,0.195
Sierra Nevada,267.5,-12.5,0.134
Southern Rockies,267.5,-12.5,0.048
Wasatch and Uinta Mountains,267.5,-12.5,-0.047
