eco_region,lon,lat,rho
Arizona/New Mexico Mountains,255.0,42.5,-0.114
Blue Mountains,255.0,42.5,-0.014
Canadian Rockies,255.0,42.5,0.2
Cascades,255.0,42.5,0.091
Central Basin and Range,255.0,42.5,0.056
Columbia Mountains/Northern Rockies,255.0,42.5,0.229
Eastern Cascades Slopes and Foothills,255.0,42.5,-0.021
Idaho Batholith,255.0,42.5,0.364
Klamath Mountains,255.0,42.5,0.076
Middle Rockies,255.0,42.5,0.208
North Cascades,255.0,42.5,0.198
Northern Basin and Range,255.0,42.5,-0.024
Sierra Nevada,255.0,42.5,0.114
Southern Rockies,255.0,42.5,0.183
Wasatch and Uinta Mountains,255.0,42.5,0.006
