eco_region,lon,lat,rho
Arizona/New Mexico Mountains,205.0,0.0,0.008
Blue Mountains,205.0,0.0,0.295
Canadian Rockies,205.0,0.0,0.411
Cascades,205.0,0.0,0.352
Central Basin and Range,205.0,0.0,0.362
Columbia Mountains/Northern Rockies,205.0,0.0,0.364
Eastern Cascades Slopes and Foothills,205.0,0.0,0.269
Idaho Batholith,205.0,0.0,0.307
Klamath Mountains,205.0,0.0,0.169
Middle Rockies,205.0,0.0,0.135
North Cascades,205.0,0.0,0.04
Northern Basin and Range,205.0,0.0,0.295
Sierra Nevada,205.0,0.0,0.302
Southern Rockies,205.0,0.0,0.391
Wasatch and Uinta Mountains,205.0,0.0,0.091
