eco_region,lon,lat,rho
Arizona/New Mexico Mountains,227.5,15.0,0.125
Blue Mountains,227.5,15.0,0.006
Canadian Rockies,227.5,15.0,0.037
Cascades,227.5,15.0,0.227
Central Basin and Range,227.5,15.0,0.114
Columbia Mountains/Northern Rockies,227.5,15.0,0.111
Eastern Cascades Slopes and Foothills,227.5,15.0,0.209
Idaho Batholith,227.5,15.0,0.021
Klamath Mountains,227.5,15.0,0.198
Middle Rockies,227.5,15.0,0.032
North Cascades,227.5,15.0,0.337
Northern Basin and Range,227.5,15.0,0.085
Sierra Nevada,227.5,15.0,0.072
Southern Rockies,227.5,15.0,-0.006
Wasatch and Uinta Mountains,227.5,15.0,0.074
