eco_region,lon,lat,rho
Arizona/New Mexico Mountains,240.0,50.0,-0.063
Blue Mountains,240.0,50.0,0.01
Canadian Rockies,240.0,50.0,0.074
Cascades,240.0,50.0,0.002
Central Basin and Range,240.0,50.0,-0.049
Columbia Mountains/Northern Rockies,240.0,50.0,0.168
Eastern Cascades Slopes and Foothills,240.0,50.0,-0.051
Idaho Batholith,240.0,50.0,0.169
Klamath Mountains,240.0,50.0,-0.029
Middle Rockies,240.0,50.0,0.039
North Cascades,240.0,50.0,0.218
Northern Basin and Range,240.0,50.0,0.08
Sierra Nevada,240.0,50.0,0.051
Southern Rockies,240.0,50.0,0.042
Wasatch and Uinta Mountains,240.0,50.0,0.046
