eco_region,lon,lat,rho
Arizona/New Mexico Mountains,272.5,57.5,-0.015
Blue Mountains,272.5,57.5,-0.157
Canadian Rockies,272.5,57.5,-0.025
Cascades,272.5,57.5,-0.004
Central Basin and Range,272.5,57.5,-0.139
Columbia Mountains/Northern Rockies,272.5,57.5,0.064
Eastern Cascades Slopes and Foothills,272.5,57.5,-0.084
Idaho Batholith,272.5,57.5,-0.008
Klamath Mountains,272.5,57.5,0.097
Middle Rockies,272.5,57.5,0.032
North Cascades,272.5,57.5,-0.035
Northern Basin and Range,272.5,57.5,-0.037
Sierra Nevada,272.5,57.5,-0.049
Southern Rockies,272.5,57.5,0.12
Wasatch and Uinta Mountains,272.5,57.5,0.061
