eco_region,lon,lat,rho
Arizona/New Mexico Mountains,257.5,45.0,-0.074
Blue Mountains,257.5,45.0,-0.096
Canadian Rockies,257.5,45.0,0.149
Cascades,257.5,45.0,0.036
Central Basin and Range,257.5,45.0,0.051
Columbia Mountains/Northern Rockies,257.5,45.0,-0.005
Eastern Cascades Slopes and Foothills,257.5,45.0,-0.068
Idaho Batholith,257.5,45.0,0.088
Klamath Mountains,257.5,45.0,0.115
Middle Rockies,257.5,45.0,0.135
North Cascades,257.5,45.0,0.057
Northern Basin and Range,257.5,45.0,-0.151
Sierra Nevada,257.5,45.0,0.016
Southern Rockies,257.5,45.0,0.066
Wasatch and Uinta Mountains,257.5,45.0,0.004
