eco_region,lon,lat,rho
Arizona/New Mexico Mountains,215.0,5.0,0.092
Blue Mountains,215.0,5.0,0.294
Canadian Rockies,215.0,5.0,0.238
Cascades,215.0,5.0,0.309
Central Basin and Range,215.0,5.0,0.348
Columbia Mountains/Northern Rockies,215.0,5.0,0.343
Eastern Cascades Slopes and Foothills,215.0,5.0,0.274
Idaho Batholith,215.0,5.0,0.329
Klamath Mountains,215.0,5.0,0.278
Middle Rockies,215.0,5.0,0.383
North Cascades,215.0,5.0,0.049
Northern Basin and Range,215.0,5.0,0.135
Sierra Nevada,215.0,5.0,0.33
Southern Rockies,215.0,5.0,0.406
Wasatch and Uinta Mountains,215.0,5.0,0.072
