eco_region,lon,lat,rho
Arizona/New Mexico Mountains,212.5,7.5,0.04
Blue Mountains,212.5,7.5,0.24
Canadian Rockies,212.5,7.5,0.129
Cascades,212.5,7.5,0.355
Central Basin and Range,212.5,7.5,0.296
Columbia Mountains/Northern Rockies,212.5,7.5,0.246
Eastern Cascades Slopes and Foothills,212.5,7.5,0.135
Idaho Batholith,212.5,7.5,0.183
Klamath Mountains,212.5,7.5,0.295
Middle Rockies,212.5,7.5,0.324
North Cascades,212.5,7.5,0.206
Northern Basin and Range,212.5,7.5,0.086
Sierra Nevada,212.5,7.5,0.286
Southern Rockies,212.5,7.5,0.421
Wasatch and Uinta Mountains,212.5,7.5,0.032
