eco_region,lon,lat,rho
Arizona/New Mexico Mountains,245.0,7.5,0.241
Blue Mountains,245.0,7.5,0.232
Canadian Rockies,245.0,7.5,0.28
Cascades,245.0,7.5,0.358
Central Basin and Range,245.0,7.5,0.346
Columbia Mountains/Northern Rockies,245.0,7.5,0.175
Eastern Cascades Slopes and Foothills,245.0,7.5,0.285
Idaho Batholith,245.0,7.5,0.138
Klamath Mountains,245.0,7.5,0.387
Middle Rockies,245.0,7.5,0.139
North Cascades,245.0,7.5,0.269
Northern Basin and Range,245.0,7.5,0.14
Sierra Nevada,245.0,7.5,0.195
Southern Rockies,245.0,7.5,0.109
Wasatch and Uinta Mountains,245.0,7.5,0.181
