eco_region,lon,lat,rho
Arizona/New Mexico Mountains,270.0,-7.5,0.236
Blue Mountains,270.0,-7.5,0.334
Canadian Rockies,270.0,-7.5,0.161
Cascades,270.0,-7.5,0.411
Central Basin and Range,270.0,-7.5,0.458
Columbia Mountains/Northern Rockies,270.0,-7.5,0.065
Eastern Cascades Slopes and Foothills,270.0,-7.5,0.251
Idaho Batholith,270.0,-7.5,0.082
Klamath Mountains,270.0,-7.5,0.39
Middle Rockies,270.0,-7.5,0.011
North Cascades,270.0,-7.5,0.254
Northern Basin and Range,270.0,-7.5,0.345
Sierra Nevada,270.0,-7.5,0.202
Southern Rockies,270.0,-7.5,0.086
Wasatch and Uinta Mountains,270.0,-7.5,0.078
