eco_region,lon,lat,rho
Arizona/New Mexico Mountains,227.5,15.0,0.241
Blue Mountains,227.5,15.0,0.293
Canadian Rockies,227.5,15.0,0.188
Cascades,227.5,15.0,0.369
Central Basin and Range,227.5,15.0,0.356
Columbia Mountains/Northern Rockies,227.5,15.0,0.239
Eastern Cascades Slopes and Foothills,227.5,15.0,0.385
Idaho Batholith,227.5,15.0,0.27
Klamath Mountains,227.5,15.0,0.358
Middle Rockies,227.5,15.0,0.239
North Cascades,227.5,15.0,0.377
Northern Basin and Range,227.5,15.0,0.255
Sierra Nevada,227.5,15.0,0.247
Southern Rockies,227.5,15.0,0.224
Wasatch and Uinta Mountains,227.5,15.0,0.254
