eco_region,lon,lat,rho
Arizona/New Mexico Mountains,232.5,-12.5,0.146
Blue Mountains,232.5,-12.5,0.071
Canadian Rockies,232.5,-12.5,-0.073
Cascades,232.5,-12.5,0.127
Central Basin and Range,232.5,-12.5,0.104
Columbia Mountains/Northern Rockies,232.5,-12.5,0.08
Eastern Cascades Slopes and Foothills,232.5,-12.5,0.11
Idaho Batholith,232.5,-12.5,-0.057
Klamath Mountains,232.5,-12.5,0.125
Middle Rockies,232.5,-12.5,0.151
North Cascades,232.5,-12.5,0.061
Northern Basin and Range,232.5,-12.5,-0.019
Sierra Nevada,232.5,-12.5,0.072
Southern Rockies,232.5,-12.5,-0.073
Wasatch and Uinta Mountains,232.5,-12.5,-0.089
