eco_region,lon,lat,rho
Arizona/New Mexico Mountains,202.5,20.0,0.227
Blue Mountains,202.5,20.0,0.329
Canadian Rockies,202.5,20.0,0.08
Cascades,202.5,20.0,0.382
Central Basin and Range,202.5,20.0,0.355
Columbia Mountains/Northern Rockies,202.5,20.0,0.051
Eastern Cascades Slopes and Foothills,202.5,20.0,0.324
Idaho Batholith,202.5,20.0,0.05
Klamath Mountains,202.5,20.0,0.352
Middle Rockies,202.5,20.0,0.165
North Cascades,202.5,20.0,0.344
Northern Basin and Range,202.5,20.0,0.349
Sierra Nevada,202.5,20.0,0.187
Southern Rockies,202.5,20.0,0.105
Wasatch and Uinta Mountains,202.5,20.0,0.209
