eco_region,lon,lat,rho
Arizona/New Mexico Mountains,265.0,-2.5,0.231
Blue Mountains,265.0,-2.5,0.277
Canadian Rockies,265.0,-2.5,0.253
Cascades,265.0,-2.5,0.393
Central Basin and Range,265.0,-2.5,0.431
Columbia Mountains/Northern Rockies,265.0,-2.5,-0.036
Eastern Cascades Slopes and Foothills,265.0,-2.5,0.387
Idaho Batholith,265.0,-2.5,0.149
Klamath Mountains,265.0,-2.5,0.436
Middle Rockies,265.0,-2.5,0.239
North Cascades,265.0,-2.5,0.272
Northern Basin and Range,265.0,-2.5,0.277
Sierra Nevada,265.0,-2.5,0.252
Southern Rockies,265.0,-2.5,-0.027
Wasatch and Uinta Mountains,265.0,-2.5,0.193
