eco_region,lon,lat,rho
Arizona/New Mexico Mountains,202.5,-17.5,0.146
Blue Mountains,202.5,-17.5,0.178
Canadian Rockies,202.5,-17.5,0.207
Cascades,202.5,-17.5,0.235
Central Basin and Range,202.5,-17.5,0.094
Columbia Mountains/Northern Rockies,202.5,-17.5,0.177
Eastern Cascades Slopes and Foothills,202.5,-17.5,0.141
Idaho Batholith,202.5,-17.5,0.178
Klamath Mountains,202.5,-17.5,0.005
Middle Rockies,202.5,-17.5,0.05
North Cascades,202.5,-17.5,0.143
Northern Basin and Range,202.5,-17.5,0.151
Sierra Nevada,202.5,-17.5,-0.091
Southern Rockies,202.5,-17.5,0.282
Wasatch and Uinta Mountains,202.5,-17.5,0.23
