eco_region,lon,lat,rho
Arizona/New Mexico Mountains,215.0,57.5,-0.055
Blue Mountains,215.0,57.5,-0.044
Canadian Rockies,215.0,57.5,0.092
Cascades,215.0,57.5,0.047
Central Basin and Range,215.0,57.5,0.033
Columbia Mountains/Northern Rockies,215.0,57.5,0.087
Eastern Cascades Slopes and Foothills,215.0,57.5,-0.071
Idaho Batholith,215.0,57.5,0.035
Klamath Mountains,215.0,57.5,0.021
Middle Rockies,215.0,57.5,-0.007
North Cascades,215.0,57.5,-0.078
Northern Basin and Range,215.0,57.5,0.005
Sierra Nevada,215.0,57.5,0.079
Southern Rockies,215.0,57.5,-0.06
Wasatch and Uinta Mountains,215.0,57.5,-0.084
