eco_region,lon,lat,rho
Arizona/New Mexico Mountains,247.5,-5.0,0.159
Blue Mountains,247.5,-5.0,0.19
Canadian Rockies,247.5,-5.0,0.351
Cascades,247.5,-5.0,0.338
Central Basin and Range,247.5,-5.0,0.336
Columbia Mountains/Northern Rockies,247.5,-5.0,0.36
Eastern Cascades Slopes and Foothills,247.5,-5.0,0.251
Idaho Batholith,247.5,-5.0,0.331
Klamath Mountains,247.5,-5.0,0.301
Middle Rockies,247.5,-5.0,0.383
North Cascades,247.5,-5.0,0.319
Northern Basin and Range,247.5,-5.0,0.256
Sierra Nevada,247.5,-5.0,0.27
Southern Rockies,247.5,-5.0,0.391
Wasatch and Uinta Mountains,247.5,-5.0,0.389
