eco_region,lon,lat,rho
Arizona/New Mexico Mountains,257.5,5.0,0.102
Blue Mountains,257.5,5.0,0.01
Canadian Rockies,257.5,5.0,0.033
Cascades,257.5,5.0,0.212
Central Basin and Range,257.5,5.0,0.206
Columbia Mountains/Northern Rockies,257.5,5.0,0.082
Eastern Cascades Slopes and Foothills,257.5,5.0,0.217
Idaho Batholith,257.5,5.0,-0.006
Klamath Mountains,257.5,5.0,-0.006
Middle Rockies,257.5,5.0,0.019
North Cascades,257.5,5.0,0.156
Northern Basin and Range,257.5,5.0,0.087
Sierra Nevada,257.5,5.0,0.074
Southern Rockies,257.5,5.0,0.03
Wasatch and Uinta Mountains,257.5,5.0,-0.018
