eco_region,lon,lat,rho
Arizona/New Mexico Mountains,190.0,42.5,0.111
Blue Mountains,190.0,42.5,0.145
Canadian Rockies,190.0,42.5,0.1
Cascades,190.0,42.5,0.124
Central Basin and Range,190.0,42.5,-0.082
Columbia Mountains/Northern Rockies,190.0,42.5,0.122
Eastern Cascades Slopes and Foothills,190.0,42.5,0.053
Idaho Batholith,190.0,42.5,-0.039
Klamath Mountains,190.0,42.5,-0.031
Middle Rockies,190.0,42.5,0.02
North Cascades,190.0,42.5,0.082
Northern Basin and Range,190.0,42.5,0.038
Sierra Nevada,190.0,42.5,0.029
Southern Rockies,190.0,42.5,0.134
Wasatch and Uinta Mountains,190.0,42.5,0.045
