eco_region,lon,lat,rho
Arizona/New Mexico Mountains,180.0,25.0,0.075
Blue Mountains,180.0,25.0,0.031
Canadian Rockies,180.0,25.0,0.068
Cascades,180.0,25.0,0.099
Central Basin and Range,180.0,25.0,0.168
Columbia Mountains/Northern Rockies,180.0,25.0,0.103
Eastern Cascades Slopes and Foothills,180.0,25.0,0.123
Idaho Batholith,180.0,25.0,0.087
Klamath Mountains,180.0,25.0,0.107
Middle Rockies,180.0,25.0,0.076
North Cascades,180.0,25.0,0.064
Northern Basin and Range,180.0,25.0,0.122
Sierra Nevada,180.0,25.0,0.069
Southern Rockies,180.0,25.0,-0.0
Wasatch and Uinta Mountains,180.0,25.0,-0.141
