eco_region,lon,lat,rho
Arizona/New Mexico Mountains,182.5,-5.0,-0.071
Blue Mountains,182.5,-5.0,0.202
Canadian Rockies,182.5,-5.0,0.134
Cascades,182.5,-5.0,0.264
Central Basin and Range,182.5,-5.0,0.207
Columbia Mountains/Northern Rockies,182.5,-5.0,0.186
Eastern Cascades Slopes and Foothills,182.5,-5.0,0.151
Idaho Batholith,182.5,-5.0,0.191
Klamath Mountains,182.5,-5.0,0.309
Middle Rockies,182.5,-5.0,0.05
North Cascades,182.5,-5.0,-0.007
Northern Basin and Range,182.5,-5.0,0.021
Sierra Nevada,182.5,-5.0,0.254
Southern Rockies,182.5,-5.0,0.16
Wasatch and Uinta Mountains,182.5,-5.0,0.069
