eco_region,lon,lat,rho
Arizona/New Mexico Mountains,180.0,-7.5,-0.098
Blue Mountains,180.0,-7.5,0.199
Canadian Rockies,180.0,-7.5,0.109
Cascades,180.0,-7.5,0.248
Central Basin and Range,180.0,-7.5,0.147
Columbia Mountains/Northern Rockies,180.0,-7.5,0.173
Eastern Cascades Slopes and Foothills,180.0,-7.5,0.118
Idaho Batholith,180.0,-7.5,0.182
Klamath Mountains,180.0,-7.5,0.24
Middle Rockies,180.0,-7.5,0.005
North Cascades,180.0,-7.5,0.032
Northern Basin and Range,180.0,-7.5,0.051
Sierra Nevada,180.0,-7.5,0.221
Southern Rockies,180.0,-7.5,0.123
Wasatch and Uinta Mountains,180.0,-7.5,0.039
