eco_region,lon,lat,rho
Arizona/New Mexico Mountains,225.0,7.5,0.121
Blue Mountains,225.0,7.5,-0.006
Canadian Rockies,225.0,7.5,-0.022
Cascades,225.0,7.5,0.235
Central Basin and Range,225.0,7.5,0.108
Columbia Mountains/Northern Rockies,225.0,7.5,0.115
Eastern Cascades Slopes and Foothills,225.0,7.5,0.15
Idaho Batholith,225.0,7.5,0.106
Klamath Mountains,225.0,7.5,0.105
Middle Rockies,225.0,7.5,0.089
North Cascades,225.0,7.5,0.08
Northern Basin and Range,225.0,7.5,0.039
Sierra Nevada,225.0,7.5,0.043
Southern Rockies,225.0,7.5,-0.046
Wasatch and Uinta Mountains,225.0,7.5,-0.074
