eco_region,lon,lat,rho
Arizona/New Mexico Mountains,202.5,2.5,0.069
Blue Mountains,202.5,2.5,-0.046
Canadian Rockies,202.5,2.5,0.054
Cascades,202.5,2.5,0.167
Central Basin and Range,202.5,2.5,-0.012
Columbia Mountains/Northern Rockies,202.5,2.5,-0.01
Eastern Cascades Slopes and Foothills,202.5,2.5,-0.026
Idaho Batholith,202.5,2.5,0.059
Klamath Mountains,202.5,2.5,0.2
Middle Rockies,202.5,2.5,0.042
North Cascades,202.5,2.5,-0.007
Northern Basin and Range,202.5,2.5,-0.061
Sierra Nevada,202.5,2.5,-0.005
Southern Rockies,202.5,2.5,0.192
Wasatch and Uinta Mountains,202.5,2.5,-0.011
