eco_region,lon,lat,rho
Arizona/New Mexico Mountains,205.0,17.5,0.093
Blue Mountains,205.0,17.5,0.04
Canadian Rockies,205.0,17.5,0.039
Cascades,205.0,17.5,0.239
Central Basin and Range,205.0,17.5,0.049
Columbia Mountains/Northern Rockies,205.0,17.5,-0.064
Eastern Cascades Slopes and Foothills,205.0,17.5,0.16
Idaho Batholith,205.0,17.5,0.04
Klamath Mountains,205.0,17.5,0.314
Middle Rockies,205.0,17.5,-0.04
North Cascades,205.0,17.5,0.149
Northern Basin and Range,205.0,17.5,0.159
Sierra Nevada,205.0,17.5,-0.154
Southern Rockies,205.0,17.5,0.123
Wasatch and Uinta Mountains,205.0,17.5,0.048
