eco_region,lon,lat,rho
Arizona/New Mexico Mountains,200.0,5.0,-0.034
Blue Mountains,200.0,5.0,-0.031
Canadian Rockies,200.0,5.0,0.016
Cascades,200.0,5.0,0.194
Central Basin and Range,200.0,5.0,0.029
Columbia Mountains/Northern Rockies,200.0,5.0,-0.018
Eastern Cascades Slopes and Foothills,200.0,5.0,0.01
Idaho Batholith,200.0,5.0,0.057
Klamath Mountains,200.0,5.0,0.24
Middle Rockies,200.0,5.0,0.058
North Cascades,200.0,5.0,0.026
Northern Basin and Range,200.0,5.0,0.004
Sierra Nevada,200.0,5.0,0.063
Southern Rockies,200.0,5.0,0.201
Wasatch and Uinta Mountains,200.0,5.0,0.001
