eco_region,lon,lat,rho
Arizona/New Mexico Mountains,245.0,12.5,0.127
Blue Mountains,245.0,12.5,0.009
Canadian Rockies,245.0,12.5,-0.065
Cascades,245.0,12.5,0.176
Central Basin and Range,245.0,12.5,0.166
Columbia Mountains/Northern Rockies,245.0,12.5,0.059
Eastern Cascades Slopes and Foothills,245.0,12.5,0.067
Idaho Batholith,245.0,12.5,-0.008
Klamath Mountains,245.0,12.5,0.059
Middle Rockies,245.0,12.5,-0.016
North Cascades,245.0,12.5,0.155
Northern Basin and Range,245.0,12.5,0.013
Sierra Nevada,245.0,12.5,-0.011
Southern Rockies,245.0,12.5,0.005
Wasatch and Uinta Mountains,245.0,12.5,-0.065
