eco_region,lon,lat,rho
Arizona/New Mexico Mountains,245.0,25.0,0.054
Blue Mountains,245.0,25.0,-0.028
Canadian Rockies,245.0,25.0,-0.009
Cascades,245.0,25.0,0.121
Central Basin and Range,245.0,25.0,0.157
Columbia Mountains/Northern Rockies,245.0,25.0,0.063
Eastern Cascades Slopes and Foothills,245.0,25.0,-0.087
Idaho Batholith,245.0,25.0,-0.054
Klamath Mountains,245.0,25.0,0.115
Middle Rockies,245.0,25.0,0.028
North Cascades,245.0,25.0,0.069
Northern Basin and Range,245.0,25.0,0.075
Sierra Nevada,245.0,25.0,0.079
Southern Rockies,245.0,25.0,0.054
Wasatch and Uinta Mountains,245.0,25.0,0.031
