eco_region,lon,lat,rho
Arizona/New Mexico Mountains,227.5,10.0,0.116
Blue Mountains,227.5,10.0,-0.009
Canadian Rockies,227.5,10.0,-0.042
Cascades,227.5,10.0,0.234
Central Basin and Range,227.5,10.0,0.121
Columbia Mountains/Northern Rockies,227.5,10.0,0.139
Eastern Cascades Slopes and Foothills,227.5,10.0,0.178
Idaho Batholith,227.5,10.0,0.01
Klamath Mountains,227.5,10.0,0.139
Middle Rockies,227.5,10.0,0.107
North Cascades,227.5,10.0,0.102
Northern Basin and Range,227.5,10.0,0.06
Sierra Nevada,227.5,10.0,0.056
Southern Rockies,227.5,10.0,0.013
Wasatch and Uinta Mountains,227.5,10.0,-0.06
