eco_region,lon,lat,rho
Arizona/New Mexico Mountains,195.0,-17.5,0.029
Blue Mountains,195.0,-17.5,-0.095
Canadian Rockies,195.0,-17.5,0.068
Cascades,195.0,-17.5,0.153
Central Basin and Range,195.0,-17.5,0.12
Columbia Mountains/Northern Rockies,195.0,-17.5,-0.081
Eastern Cascades Slopes and Foothills,195.0,-17.5,0.137
Idaho Batholith,195.0,-17.5,0.013
Klamath Mountains,195.0,-17.5,-0.036
Middle Rockies,195.0,-17.5,0.07
North Cascades,195.0,-17.5,0.008
Northern Basin and Range,195.0,-17.5,0.009
Sierra Nevada,195.0,-17.5,-0.026
Southern Rockies,195.0,-17.5,0.032
Wasatch and Uinta Mountains,195.0,-17.5,0.01
