eco_region,lon,lat,rho
Arizona/New Mexico Mountains,262.5,-20.0,0.105
Blue Mountains,262.5,-20.0,0.244
Canadian Rockies,262.5,-20.0,0.303
Cascades,262.5,-20.0,0.32
Central Basin and Range,262.5,-20.0,0.251
Columbia Mountains/Northern Rockies,262.5,-20.0,0.278
Eastern Cascades Slopes and Foothills,262.5,-20.0,0.174
Idaho Batholith,262.5,-20.0,0.214
Klamath Mountains,262.5,-20.0,0.268
Middle Rockies,262.5,-20.0,0.199
North Cascades,262.5,-20.0,0.192
Northern Basin and Range,262.5,-20.0,0.069
Sierra Nevada,262.5,-20.0,0.308
Southern Rockies,262.5,-20.0,0.319
Wasatch and Uinta Mountains,262.5,-20.0,0.264
