eco_region,lon,lat,rho
Arizona/New Mexico Mountains,185.0,20.0,-0.017
Blue Mountains,185.0,20.0,0.094
Canadian Rockies,185.0,20.0,0.241
Cascades,185.0,20.0,0.129
Central Basin and Range,185.0,20.0,0.005
Columbia Mountains/Northern Rockies,185.0,20.0,0.276
Eastern Cascades Slopes and Foothills,185.0,20.0,0.208
Idaho Batholith,185.0,20.0,0.095
Klamath Mountains,185.0,20.0,0.207
Middle Rockies,185.0,20.0,0.265
North Cascades,185.0,20.0,0.166
Northern Basin and Range,185.0,20.0,0.034
Sierra Nevada,185.0,20.0,0.255
Southern Rockies,185.0,20.0,0.294
Wasatch and Uinta Mountains,185.0,20.0,0.245
