eco_region,lon,lat,rho
Arizona/New Mexico Mountains,260.0,30.0,0.067
Blue Mountains,260.0,30.0,0.081
Canadian Rockies,260.0,30.0,0.107
Cascades,260.0,30.0,0.066
Central Basin and Range,260.0,30.0,0.178
Columbia Mountains/Northern Rockies,260.0,30.0,0.119
Eastern Cascades Slopes and Foothills,260.0,30.0,0.16
Idaho Batholith,260.0,30.0,0.194
Klamath Mountains,260.0,30.0,0.162
Middle Rockies,260.0,30.0,0.12
North Cascades,260.0,30.0,0.138
Northern Basin and Range,260.0,30.0,0.211
Sierra Nevada,260.0,30.0,0.038
Southern Rockies,260.0,30.0,0.041
Wasatch and Uinta Mountains,260.0,30.0,0.114
