eco_region,lon,lat,rho
Arizona/New Mexico Mountains,215.0,0.0,0.097
Blue Mountains,215.0,0.0,-0.035
Canadian Rockies,215.0,0.0,0.043
Cascades,215.0,0.0,0.169
Central Basin and Range,215.0,0.0,0.042
Columbia Mountains/Northern Rockies,215.0,0.0,0.04
Eastern Cascades Slopes and Foothills,215.0,0.0,0.077
Idaho Batholith,215.0,0.0,0.109
Klamath Mountains,215.0,0.0,0.165
Middle Rockies,215.0,0.0,0.059
North Cascades,215.0,0.0,0.035
Northern Basin and Range,215.0,0.0,-0.016
Sierra Nevada,215.0,0.0,0.061
Southern Rockies,215.0,0.0,0.136
Wasatch and Uinta Mountains,215.0,0.0,-0.047
