eco_region,lon,lat,rho
Arizona/New Mexico Mountains,265.0,52.5,-0.114
Blue Mountains,265.0,52.5,-0.064
Canadian Rockies,265.0,52.5,0.057
Cascades,265.0,52.5,0.101
Central Basin and Range,265.0,52.5,0.032
Columbia Mountains/Northern Rockies,265.0,52.5,-0.04
Eastern Cascades Slopes and Foothills,265.0,52.5,0.047
Idaho Batholith,265.0,52.5,0.064
Klamath Mountains,265.0,52.5,-0.042
Middle Rockies,265.0,52.5,0.078
North Cascades,265.0,52.5,0.103
Northern Basin and Range,265.0,52.5,-0.001
Sierra Nevada,265.0,52.5,0.005
Southern Rockies,265.0,52.5,-0.003
Wasatch and Uinta Mountains,265.0,52.5,0.022
