eco_region,lon,lat,rho
Arizona/New Mexico Mountains,237.5,-5.0,0.023
Blue Mountains,237.5,-5.0,0.056
Canadian Rockies,237.5,-5.0,0.082
Cascades,237.5,-5.0,0.217
Central Basin and Range,237.5,-5.0,0.132
Columbia Mountains/Northern Rockies,237.5,-5.0,0.102
Eastern Cascades Slopes and Foothills,237.5,-5.0,0.032
Idaho Batholith,237.5,-5.0,0.126
Klamath Mountains,237.5,-5.0,0.058
Middle Rockies,237.5,-5.0,0.142
North Cascades,237.5,-5.0,0.039
Northern Basin and Range,237.5,-5.0,0.069
Sierra Nevada,237.5,-5.0,0.077
Southern Rockies,237.5,-5.0,-0.077
Wasatch and Uinta Mountains,237.5,-5.0,-0.095
