eco_region,lon,lat,rho
Arizona/New Mexico Mountains,277.5,45.0,0.008
Blue Mountains,277.5,45.0,-0.015
Canadian Rockies,277.5,45.0,-0.01
Cascades,277.5,45.0,0.047
Central Basin and Range,277.5,45.0,-0.063
Columbia Mountains/Northern Rockies,277.5,45.0,-0.006
Eastern Cascades Slopes and Foothills,277.5,45.0,-0.097
Idaho Batholith,277.5,45.0,0.07
Klamath Mountains,277.5,45.0,0.046
Middle Rockies,277.5,45.0,0.006
North Cascades,277.5,45.0,0.061
Northern Basin and Range,277.5,45.0,-0.022
Sierra Nevada,277.5,45.0,-0.004
Southern Rockies,277.5,45.0,-0.032
Wasatch and Uinta Mountains,277.5,45.0,-0.062
