eco_region,lon,lat,rho
Arizona/New Mexico Mountains,180.0,47.5,-0.077
Blue Mountains,180.0,47.5,0.087
Canadian Rockies,180.0,47.5,0.102
Cascades,180.0,47.5,0.02
Central Basin and Range,180.0,47.5,-0.195
Columbia Mountains/Northern Rockies,180.0,47.5,0.082
Eastern Cascades Slopes and Foothills,180.0,47.5,0.093
Idaho Batholith,180.0,47.5,0.002
Klamath Mountains,180.0,47.5,0.06
Middle Rockies,180.0,47.5,-0.04
North Cascades,180.0,47.5,0.083
Northern Basin and Range,180.0,47.5,-0.129
Sierra Nevada,180.0,47.5,-0.001
Southern Rockies,180.0,47.5,-0.006
Wasatch and Uinta Mountains,180.0,47.5,0.004
