eco_region,lon,lat,rho
Arizona/New Mexico Mountains,195.0,-10.0,0.023
Blue Mountains,195.0,-10.0,0.221
Canadian Rockies,195.0,-10.0,0.045
Cascades,195.0,-10.0,0.33
Central Basin and Range,195.0,-10.0,0.229
Columbia Mountains/Northern Rockies,195.0,-10.0,0.21
Eastern Cascades Slopes and Foothills,195.0,-10.0,0.278
Idaho Batholith,195.0,-10.0,0.047
Klamath Mountains,195.0,-10.0,0.279
Middle Rockies,195.0,-10.0,0.07
North Cascades,195.0,-10.0,0.117
Northern Basin and Range,195.0,-10.0,0.092
Sierra Nevada,195.0,-10.0,0.01
Southern Rockies,195.0,-10.0,0.283
Wasatch and Uinta Mountains,195.0,-10.0,0.114
