eco_region,lon,lat,rho
Arizona/New Mexico Mountains,182.5,55.0,-0.018
Blue Mountains,182.5,55.0,0.1
Canadian Rockies,182.5,55.0,0.075
Cascades,182.5,55.0,0.014
Central Basin and Range,182.5,55.0,-0.119
Columbia Mountains/Northern Rockies,182.5,55.0,0.06
Eastern Cascades Slopes and Foothills,182.5,55.0,-0.079
Idaho Batholith,182.5,55.0,0.048
Klamath Mountains,182.5,55.0,0.007
Middle Rockies,182.5,55.0,0.047
North Cascades,182.5,55.0,0.033
Northern Basin and Range,182.5,55.0,0.024
Sierra Nevada,182.5,55.0,0.094
Southern Rockies,182.5,55.0,-0.012
Wasatch and Uinta Mountains,182.5,55.0,-0.07
