eco_region,lon,lat,rho
Arizona/New Mexico Mountains,222.5,30.0,0.055
Blue Mountains,222.5,30.0,0.006
Canadian Rockies,222.5,30.0,-0.018
Cascades,222.5,30.0,0.127
Central Basin and Range,222.5,30.0,-0.038
Columbia Mountains/Northern Rockies,222.5,30.0,0.054
Eastern Cascades Slopes and Foothills,222.5,30.0,-0.131
Idaho Batholith,222.5,30.0,0.018
Klamath Mountains,222.5,30.0,0.087
Middle Rockies,222.5,30.0,0.034
North Cascades,222.5,30.0,0.058
Northern Basin and Range,222.5,30.0,-0.023
Sierra Nevada,222.5,30.0,0.011
Southern Rockies,222.5,30.0,0.082
Wasatch and Uinta Mountains,222.5,30.0,0.01
