eco_region,lon,lat,rho
Arizona/New Mexico Mountains,187.5,42.5,-0.065
Blue Mountains,187.5,42.5,0.029
Canadian Rockies,187.5,42.5,0.107
Cascades,187.5,42.5,0.032
Central Basin and Range,187.5,42.5,-0.011
Columbia Mountains/Northern Rockies,187.5,42.5,0.093
Eastern Cascades Slopes and Foothills,187.5,42.5,0.097
Idaho Batholith,187.5,42.5,0.193
Klamath Mountains,187.5,42.5,0.03
Middle Rockies,187.5,42.5,-0.023
North Cascades,187.5,42.5,0.021
Northern Basin and Range,187.5,42.5,0.109
Sierra Nevada,187.5,42.5,-0.018
Southern Rockies,187.5,42.5,0.037
Wasatch and Uinta Mountains,187.5,42.5,0.039
