eco_region,lon,lat,rho
Arizona/New Mexico Mountains,207.5,-2.5,0.055
Blue Mountains,207.5,-2.5,0.23
Canadian Rockies,207.5,-2.5,0.209
Cascades,207.5,-2.5,0.244
Central Basin and Range,207.5,-2.5,0.138
Columbia Mountains/Northern Rockies,207.5,-2.5,0.351
Eastern Cascades Slopes and Foothills,207.5,-2.5,0.255
Idaho Batholith,207.5,-2.5,0.293
Klamath Mountains,207.5,-2.5,0.282
Middle Rockies,207.5,-2.5,0.144
North Cascades,207.5,-2.5,0.033
Northern Basin and Range,207.5,-2.5,0.099
Sierra Nevada,207.5,-2.5,0.345
Southern Rockies,207.5,-2.5,0.393
Wasatch and Uinta Mountains,207.5,-2.5,0.074
