eco_region,lon,lat,rho
Arizona/New Mexico Mountains,280.0,50.0,-0.049
Blue Mountains,280.0,50.0,0.094
Canadian Rockies,280.0,50.0,-0.116
Cascades,280.0,50.0,0.04
Central Basin and Range,280.0,50.0,-0.115
Columbia Mountains/Northern Rockies,280.0,50.0,0.041
Eastern Cascades Slopes and Foothills,280.0,50.0,-0.044
Idaho Batholith,280.0,50.0,0.097
Klamath Mountains,280.0,50.0,-0.038
Middle Rockies,280.0,50.0,-0.081
North Cascades,280.0,50.0,0.091
Northern Basin and Range,280.0,50.0,-0.101
Sierra Nevada,280.0,50.0,-0.063
Southern Rockies,280.0,50.0,0.014
Wasatch and Uinta Mountains,280.0,50.0,0.068
