eco_region,lon,lat,rho
Arizona/New Mexico Mountains,272.5,27.5,0.16
Blue Mountains,272.5,27.5,0.008
Canadian Rockies,272.5,27.5,-0.024
Cascades,272.5,27.5,0.03
Central Basin and Range,272.5,27.5,0.024
Columbia Mountains/Northern Rockies,272.5,27.5,0.025
Eastern Cascades Slopes and Foothills,272.5,27.5,0.01
Idaho Batholith,272.5,27.5,0.053
Klamath Mountains,272.5,27.5,0.125
Middle Rockies,272.5,27.5,-0.012
North Cascades,272.5,27.5,0.002
Northern Basin and Range,272.5,27.5,0.035
Sierra Nevada,272.5,27.5,0.036
Southern Rockies,272.5,27.5,-0.009
Wasatch and Uinta Mountains,272.5,27.5,0.079
