eco_region,lon,lat,rho
Arizona/New Mexico Mountains,205.0,-15.0,0.131
Blue Mountains,205.0,-15.0,0.22
Canadian Rockies,205.0,-15.0,0.23
Cascades,205.0,-15.0,0.31
Central Basin and Range,205.0,-15.0,0.12
Columbia Mountains/Northern Rockies,205.0,-15.0,-0.074
Eastern Cascades Slopes and Foothills,205.0,-15.0,0.221
Idaho Batholith,205.0,-15.0,0.238
Klamath Mountains,205.0,-15.0,0.185
Middle Rockies,205.0,-15.0,0.285
North Cascades,205.0,-15.0,0.211
Northern Basin and Range,205.0,-15.0,0.129
Sierra Nevada,205.0,-15.0,-0.089
Southern Rockies,205.0,-15.0,-0.029
Wasatch and Uinta Mountains,205.0,-15.0,0.224
