eco_region,lon,lat,rho
Arizona/New Mexico Mountains,217.5,-2.5,0.098
Blue Mountains,217.5,-2.5,-0.005
Canadian Rockies,217.5,-2.5,0.026
Cascades,217.5,-2.5,0.103
Central Basin and Range,217.5,-2.5,-0.018
Columbia Mountains/Northern Rockies,217.5,-2.5,0.052
Eastern Cascades Slopes and Foothills,217.5,-2.5,0.113
Idaho Batholith,217.5,-2.5,0.124
Klamath Mountains,217.5,-2.5,0.202
Middle Rockies,217.5,-2.5,0.099
North Cascades,217.5,-2.5,0.042
Northern Basin and Range,217.5,-2.5,-0.013
Sierra Nevada,217.5,-2.5,0.069
Southern Rockies,217.5,-2.5,0.068
Wasatch and Uinta Mountains,217.5,-2.5,-0.071
