eco_region,lon,lat,rho
Arizona/New Mexico Mountains,277.5,7.5,0.195
Blue Mountains,277.5,7.5,0.219
Canadian Rockies,277.5,7.5,0.253
Cascades,277.5,7.5,0.307
Central Basin and Range,277.5,7.5,0.346
Columbia Mountains/Northern Rockies,277.5,7.5,0.139
Eastern Cascades Slopes and Foothills,277.5,7.5,0.374
Idaho Batholith,277.5,7.5,0.068
Klamath Mountains,277.5,7.5,0.358
Middle Rockies,277.5,7.5,0.179
North Cascades,277.5,7.5,0.253
Northern Basin and Range,277.5,7.5,0.161
Sierra Nevada,277.5,7.5,0.251
Southern Rockies,277.5,7.5,0.193
Wasatch and Uinta Mountains,277.5,7.5,0.232
