eco_region,lon,lat,rho
Arizona/New Mexico Mountains,185.0,-10.0,0.11
Blue Mountains,185.0,-10.0,0.172
Canadian Rockies,185.0,-10.0,0.091
Cascades,185.0,-10.0,0.228
Central Basin and Range,185.0,-10.0,0.179
Columbia Mountains/Northern Rockies,185.0,-10.0,0.133
Eastern Cascades Slopes and Foothills,185.0,-10.0,0.219
Idaho Batholith,185.0,-10.0,0.146
Klamath Mountains,185.0,-10.0,0.099
Middle Rockies,185.0,-10.0,0.047
North Cascades,185.0,-10.0,0.107
Northern Basin and Range,185.0,-10.0,0.126
Sierra Nevada,185.0,-10.0,-0.007
Southern Rockies,185.0,-10.0,0.159
Wasatch and Uinta Mountains,185.0,-10.0,-0.034
