eco_region,lon,lat,rho
Arizona/New Mexico Mountains,217.5,2.5,0.037
Blue Mountains,217.5,2.5,0.263
Canadian Rockies,217.5,2.5,0.368
Cascades,217.5,2.5,0.283
Central Basin and Range,217.5,2.5,0.333
Columbia Mountains/Northern Rockies,217.5,2.5,0.329
Eastern Cascades Slopes and Foothills,217.5,2.5,0.25
Idaho Batholith,217.5,2.5,0.335
Klamath Mountains,217.5,2.5,0.271
Middle Rockies,217.5,2.5,0.377
North Cascades,217.5,2.5,0.04
Northern Basin and Range,217.5,2.5,0.291
Sierra Nevada,217.5,2.5,0.327
Southern Rockies,217.5,2.5,0.397
Wasatch and Uinta Mountains,217.5,2.5,0.073
