eco_region,lon,lat,rho
Arizona/New Mexico Mountains,250.0,60.0,-0.045
Blue Mountains,250.0,60.0,-0.011
Canadian Rockies,250.0,60.0,0.007
Cascades,250.0,60.0,0.056
Central Basin and Range,250.0,60.0,-0.028
Columbia Mountains/Northern Rockies,250.0,60.0,0.085
Eastern Cascades Slopes and Foothills,250.0,60.0,0.041
Idaho Batholith,250.0,60.0,0.022
Klamath Mountains,250.0,60.0,0.0
Middle Rockies,250.0,60.0,0.031
North Cascades,250.0,60.0,-0.069
Northern Basin and Range,250.0,60.0,0.006
Sierra Nevada,250.0,60.0,-0.027
Southern Rockies,250.0,60.0,0.062
Wasatch and Uinta Mountains,250.0,60.0,0.039
