eco_region,lon,lat,rho
Arizona/New Mexico Mountains,242.5,17.5,0.005
Blue Mountains,242.5,17.5,0.023
Canadian Rockies,242.5,17.5,-0.006
Cascades,242.5,17.5,0.075
Central Basin and Range,242.5,17.5,-0.078
Columbia Mountains/Northern Rockies,242.5,17.5,0.027
Eastern Cascades Slopes and Foothills,242.5,17.5,0.145
Idaho Batholith,242.5,17.5,0.03
Klamath Mountains,242.5,17.5,0.095
Middle Rockies,242.5,17.5,-0.029
North Cascades,242.5,17.5,0.128
Northern Basin and Range,242.5,17.5,-0.018
Sierra Nevada,242.5,17.5,0.102
Southern Rockies,242.5,17.5,-0.066
Wasatch and Uinta Mountains,242.5,17.5,-0.204
