eco_region,lon,lat,rho
Arizona/New Mexico Mountains,192.5,-20.0,-0.015
Blue Mountains,192.5,-20.0,-0.1
Canadian Rockies,192.5,-20.0,0.06
Cascades,192.5,-20.0,0.059
Central Basin and Range,192.5,-20.0,0.031
Columbia Mountains/Northern Rockies,192.5,-20.0,-0.018
Eastern Cascades Slopes and Foothills,192.5,-20.0,0.067
Idaho Batholith,192.5,-20.0,-0.026
Klamath Mountains,192.5,-20.0,0.075
Middle Rockies,192.5,-20.0,-0.004
North Cascades,192.5,-20.0,0.114
Northern Basin and Range,192.5,-20.0,0.024
Sierra Nevada,192.5,-20.0,0.022
Southern Rockies,192.5,-20.0,0.036
Wasatch and Uinta Mountains,192.5,-20.0,0.018
