eco_region,lon,lat,rho
Arizona/New Mexico Mountains,220.0,55.0,0.066
Blue Mountains,220.0,55.0,-0.014
Canadian Rockies,220.0,55.0,0.001
Cascades,220.0,55.0,-0.034
Central Basin and Range,220.0,55.0,0.059
Columbia Mountains/Northern Rockies,220.0,55.0,0.002
Eastern Cascades Slopes and Foothills,220.0,55.0,0.017
Idaho Batholith,220.0,55.0,-0.032
Klamath Mountains,220.0,55.0,-0.079
Middle Rockies,220.0,55.0,-0.005
North Cascades,220.0,55.0,0.027
Northern Basin and Range,220.0,55.0,-0.113
Sierra Nevada,220.0,55.0,0.076
Southern Rockies,220.0,55.0,-0.0
Wasatch and Uinta Mountains,220.0,55.0,0.072
