eco_region,lon,lat,rho
Arizona/New Mexico Mountains,257.5,0.0,0.199
Blue Mountains,257.5,0.0,0.18
Canadian Rockies,257.5,0.0,0.365
Cascades,257.5,0.0,0.358
Central Basin and Range,257.5,0.0,0.342
Columbia Mountains/Northern Rockies,257.5,0.0,0.074
Eastern Cascades Slopes and Foothills,257.5,0.0,0.293
Idaho Batholith,257.5,0.0,0.204
Klamath Mountains,257.5,0.0,0.45
Middle Rockies,257.5,0.0,0.113
North Cascades,257.5,0.0,0.385
Northern Basin and Range,257.5,0.0,0.275
Sierra Nevada,257.5,0.0,0.397
Southern Rockies,257.5,0.0,0.034
Wasatch and Uinta Mountains,257.5,0.0,0.346
