eco_region,lon,lat,rho
Arizona/New Mexico Mountains,220.0,10.0,0.175
Blue Mountains,220.0,10.0,0.29
Canadian Rockies,220.0,10.0,0.201
Cascades,220.0,10.0,0.316
Central Basin and Range,220.0,10.0,0.357
Columbia Mountains/Northern Rockies,220.0,10.0,0.232
Eastern Cascades Slopes and Foothills,220.0,10.0,0.238
Idaho Batholith,220.0,10.0,0.202
Klamath Mountains,220.0,10.0,0.169
Middle Rockies,220.0,10.0,0.352
North Cascades,220.0,10.0,0.35
Northern Basin and Range,220.0,10.0,0.192
Sierra Nevada,220.0,10.0,0.353
Southern Rockies,220.0,10.0,0.06
Wasatch and Uinta Mountains,220.0,10.0,0.02
