eco_region,lon,lat,rho
Arizona/New Mexico Mountains,212.5,25.0,-0.097
Blue Mountains,212.5,25.0,-0.043
Canadian Rockies,212.5,25.0,-0.007
Cascades,212.5,25.0,0.061
Central Basin and Range,212.5,25.0,-0.046
Columbia Mountains/Northern Rockies,212.5,25.0,-0.008
Eastern Cascades Slopes and Foothills,212.5,25.0,0.093
Idaho Batholith,212.5,25.0,0.077
Klamath Mountains,212.5,25.0,0.252
Middle Rockies,212.5,25.0,0.051
North Cascades,212.5,25.0,0.036
Northern Basin and Range,212.5,25.0,0.012
Sierra Nevada,212.5,25.0,-0.093
Southern Rockies,212.5,25.0,0.135
Wasatch and Uinta Mountains,212.5,25.0,0.039
