eco_region,lon,lat,rho
Arizona/New Mexico Mountains,260.0,25.0,0.132
Blue Mountains,260.0,25.0,0.151
Canadian Rockies,260.0,25.0,0.064
Cascades,260.0,25.0,0.038
Central Basin and Range,260.0,25.0,0.116
Columbia Mountains/Northern Rockies,260.0,25.0,0.146
Eastern Cascades Slopes and Foothills,260.0,25.0,0.171
Idaho Batholith,260.0,25.0,0.089
Klamath Mountains,260.0,25.0,0.073
Middle Rockies,260.0,25.0,0.058
North Cascades,260.0,25.0,0.083
Northern Basin and Range,260.0,25.0,0.195
Sierra Nevada,260.0,25.0,0.147
Southern Rockies,260.0,25.0,0.085
Wasatch and Uinta Mountains,260.0,25.0,0.116
