eco_region,lon,lat,rho
Arizona/New Mexico Mountains,205.0,52.5,-0.068
Blue Mountains,205.0,52.5,0.005
Canadian Rockies,205.0,52.5,0.102
Cascades,205.0,52.5,0.014
Central Basin and Range,205.0,52.5,-0.067
Columbia Mountains/Northern Rockies,205.0,52.5,0.143
Eastern Cascades Slopes and Foothills,205.0,52.5,0.018
Idaho Batholith,205.0,52.5,0.02
Klamath Mountains,205.0,52.5,-0.022
Middle Rockies,205.0,52.5,0.029
North Cascades,205.0,52.5,0.109
Northern Basin and Range,205.0,52.5,-0.054
Sierra Nevada,205.0,52.5,0.055
Southern Rockies,205.0,52.5,-0.083
Wasatch and Uinta Mountains,205.0,52.5,-0.0
