eco_region,lon,lat,rho
Arizona/New Mexico Mountains,212.5,42.5,-0.037
Blue Mountains,212.5,42.5,0.032
Canadian Rockies,212.5,42.5,0.013
Cascades,212.5,42.5,0.062
Central Basin and Range,212.5,42.5,-0.088
Columbia Mountains/Northern Rockies,212.5,42.5,0.009
Eastern Cascades Slopes and Foothills,212.5,42.5,-0.037
Idaho Batholith,212.5,42.5,0.089
Klamath Mountains,212.5,42.5,0.136
Middle Rockies,212.5,42.5,0.144
North Cascades,212.5,42.5,0.097
Northern Basin and Range,212.5,42.5,0.004
Sierra Nevada,212.5,42.5,0.036
Southern Rockies,212.5,42.5,0.083
Wasatch and Uinta Mountains,212.5,42.5,0.034
