eco_region,lon,lat,rho
Arizona/New Mexico Mountains,265.0,47.5,-0.011
Blue Mountains,265.0,47.5,-0.091
Canadian Rockies,265.0,47.5,0.017
Cascades,265.0,47.5,0.067
Central Basin and Range,265.0,47.5,0.025
Columbia Mountains/Northern Rockies,265.0,47.5,-0.002
Eastern Cascades Slopes and Foothills,265.0,47.5,-0.01
Idaho Batholith,265.0,47.5,-0.009
Klamath Mountains,265.0,47.5,0.066
Middle Rockies,265.0,47.5,-0.03
North Cascades,265.0,47.5,0.063
Northern Basin and Range,265.0,47.5,-0.08
Sierra Nevada,265.0,47.5,-0.007
Southern Rockies,265.0,47.5,-0.001
Wasatch and Uinta Mountains,265.0,47.5,-0.063
