eco_region,lon,lat,rho
Arizona/New Mexico Mountains,255.0,57.5,0.028
Blue Mountains,255.0,57.5,-0.063
Canadian Rockies,255.0,57.5,0.067
Cascades,255.0,57.5,0.085
Central Basin and Range,255.0,57.5,0.169
Columbia Mountains/Northern Rockies,255.0,57.5,0.034
Eastern Cascades Slopes and Foothills,255.0,57.5,-0.039
Idaho Batholith,255.0,57.5,0.117
Klamath Mountains,255.0,57.5,-0.001
Middle Rockies,255.0,57.5,-0.015
North Cascades,255.0,57.5,-0.028
Northern Basin and Range,255.0,57.5,-0.028
Sierra Nevada,255.0,57.5,-0.005
Southern Rockies,255.0,57.5,0.158
Wasatch and Uinta Mountains,255.0,57.5,-0.05
