eco_region,lon,lat,rho
Arizona/New Mexico Mountains,237.5,-20.0,0.076
Blue Mountains,237.5,-20.0,-0.012
Canadian Rockies,237.5,-20.0,0.108
Cascades,237.5,-20.0,0.063
Central Basin and Range,237.5,-20.0,0.016
Columbia Mountains/Northern Rockies,237.5,-20.0,0.065
Eastern Cascades Slopes and Foothills,237.5,-20.0,0.121
Idaho Batholith,237.5,-20.0,0.052
Klamath Mountains,237.5,-20.0,0.111
Middle Rockies,237.5,-20.0,0.125
North Cascades,237.5,-20.0,0.027
Northern Basin and Range,237.5,-20.0,-0.016
Sierra Nevada,237.5,-20.0,0.08
Southern Rockies,237.5,-20.0,-0.009
Wasatch and Uinta Mountains,237.5,-20.0,0.012
