eco_region,lon,lat,rho
Arizona/New Mexico Mountains,260.0,55.0,0.073
Blue Mountains,260.0,55.0,-0.088
Canadian Rockies,260.0,55.0,0.01
Cascades,260.0,55.0,0.092
Central Basin and Range,260.0,55.0,0.152
Columbia Mountains/Northern Rockies,260.0,55.0,0.023
Eastern Cascades Slopes and Foothills,260.0,55.0,-0.038
Idaho Batholith,260.0,55.0,0.01
Klamath Mountains,260.0,55.0,0.031
Middle Rockies,260.0,55.0,-0.025
North Cascades,260.0,55.0,-0.08
Northern Basin and Range,260.0,55.0,-0.018
Sierra Nevada,260.0,55.0,-0.094
Southern Rockies,260.0,55.0,0.091
Wasatch and Uinta Mountains,260.0,55.0,-0.059
