eco_region,lon,lat,rho
Arizona/New Mexico Mountains,220.0,-20.0,0.089
Blue Mountains,220.0,-20.0,0.068
Canadian Rockies,220.0,-20.0,-0.071
Cascades,220.0,-20.0,0.126
Central Basin and Range,220.0,-20.0,0.002
Columbia Mountains/Northern Rockies,220.0,-20.0,-0.04
Eastern Cascades Slopes and Foothills,220.0,-20.0,-0.078
Idaho Batholith,220.0,-20.0,-0.018
Klamath Mountains,220.0,-20.0,0.139
Middle Rockies,220.0,-20.0,0.152
North Cascades,220.0,-20.0,-0.042
Northern Basin and Range,220.0,-20.0,0.065
Sierra Nevada,220.0,-20.0,-0.024
Southern Rockies,220.0,-20.0,-0.039
Wasatch and Uinta Mountains,220.0,-20.0,0.063
