eco_region,lon,lat,rho
Arizona/New Mexico Mountains,252.5,30.0,0.163
Blue Mountains,252.5,30.0,0.118
Canadian Rockies,252.5,30.0,0.089
Cascades,252.5,30.0,0.111
Central Basin and Range,252.5,30.0,0.082
Columbia Mountains/Northern Rockies,252.5,30.0,0.046
Eastern Cascades Slopes and Foothills,252.5,30.0,0.159
Idaho Batholith,252.5,30.0,0.082
Klamath Mountains,252.5,30.0,0.151
Middle Rockies,252.5,30.0,0.043
North Cascades,252.5,30.0,0.092
Northern Basin and Range,252.5,30.0,0.168
Sierra Nevada,252.5,30.0,0.111
Southern Rockies,252.5,30.0,-0.003
Wasatch and Uinta Mountains,252.5,30.0,0.096
