eco_region,lon,lat,rho
Arizona/New Mexico Mountains,217.5,-2.5,0.132
Blue Mountains,217.5,-2.5,-0.023
Canadian Rockies,217.5,-2.5,0.285
Cascades,217.5,-2.5,0.136
Central Basin and Range,217.5,-2.5,0.043
Columbia Mountains/Northern Rockies,217.5,-2.5,0.255
Eastern Cascades Slopes and Foothills,217.5,-2.5,0.251
Idaho Batholith,217.5,-2.5,0.183
Klamath Mountains,217.5,-2.5,0.258
Middle Rockies,217.5,-2.5,0.262
North Cascades,217.5,-2.5,0.183
Northern Basin and Range,217.5,-2.5,0.048
Sierra Nevada,217.5,-2.5,0.188
Southern Rockies,217.5,-2.5,0.335
Wasatch and Uinta Mountains,217.5,-2.5,0.073
