eco_region,lon,lat,rho
Arizona/New Mexico Mountains,200.0,17.5,0.102
Blue Mountains,200.0,17.5,0.03
Canadian Rockies,200.0,17.5,0.025
Cascades,200.0,17.5,0.18
Central Basin and Range,200.0,17.5,0.035
Columbia Mountains/Northern Rockies,200.0,17.5,-0.014
Eastern Cascades Slopes and Foothills,200.0,17.5,0.132
Idaho Batholith,200.0,17.5,0.043
Klamath Mountains,200.0,17.5,0.376
Middle Rockies,200.0,17.5,-0.018
North Cascades,200.0,17.5,0.099
Northern Basin and Range,200.0,17.5,0.126
Sierra Nevada,200.0,17.5,-0.019
Southern Rockies,200.0,17.5,0.032
Wasatch and Uinta Mountains,200.0,17.5,0.046
