eco_region,lon,lat,rho
Arizona/New Mexico Mountains,262.5,52.5,-0.017
Blue Mountains,262.5,52.5,-0.037
Canadian Rockies,262.5,52.5,-0.014
Cascades,262.5,52.5,-0.069
Central Basin and Range,262.5,52.5,0.024
Columbia Mountains/Northern Rockies,262.5,52.5,-0.158
Eastern Cascades Slopes and Foothills,262.5,52.5,-0.047
Idaho Batholith,262.5,52.5,-0.073
Klamath Mountains,262.5,52.5,-0.011
Middle Rockies,262.5,52.5,-0.04
North Cascades,262.5,52.5,-0.039
Northern Basin and Range,262.5,52.5,-0.058
Sierra Nevada,262.5,52.5,0.015
Southern Rockies,262.5,52.5,0.024
Wasatch and Uinta Mountains,262.5,52.5,0.076
