eco_region,lon,lat,rho
Arizona/New Mexico Mountains,275.0,15.0,0.042
Blue Mountains,275.0,15.0,-0.003
Canadian Rockies,275.0,15.0,-0.072
Cascades,275.0,15.0,0.131
Central Basin and Range,275.0,15.0,0.195
Columbia Mountains/Northern Rockies,275.0,15.0,-0.046
Eastern Cascades Slopes and Foothills,275.0,15.0,-0.016
Idaho Batholith,275.0,15.0,0.248
Klamath Mountains,275.0,15.0,0.134
Middle Rockies,275.0,15.0,-0.035
North Cascades,275.0,15.0,0.096
Northern Basin and Range,275.0,15.0,0.191
Sierra Nevada,275.0,15.0,0.101
Southern Rockies,275.0,15.0,0.006
Wasatch and Uinta Mountains,275.0,15.0,0.055
