eco_region,lon,lat,rho
Arizona/New Mexico Mountains,202.5,50.0,-0.049
Blue Mountains,202.5,50.0,0.007
Canadian Rockies,202.5,50.0,0.076
Cascades,202.5,50.0,0.026
Central Basin and Range,202.5,50.0,0.002
Columbia Mountains/Northern Rockies,202.5,50.0,0.153
Eastern Cascades Slopes and Foothills,202.5,50.0,0.052
Idaho Batholith,202.5,50.0,-0.019
Klamath Mountains,202.5,50.0,0.019
Middle Rockies,202.5,50.0,0.028
North Cascades,202.5,50.0,0.053
Northern Basin and Range,202.5,50.0,-0.062
Sierra Nevada,202.5,50.0,0.081
Southern Rockies,202.5,50.0,-0.048
Wasatch and Uinta Mountains,202.5,50.0,0.021
