eco_region,lon,lat,rho
Arizona/New Mexico Mountains,195.0,-10.0,0.051
Blue Mountains,195.0,-10.0,0.044
Canadian Rockies,195.0,-10.0,0.048
Cascades,195.0,-10.0,0.21
Central Basin and Range,195.0,-10.0,0.135
Columbia Mountains/Northern Rockies,195.0,-10.0,-0.011
Eastern Cascades Slopes and Foothills,195.0,-10.0,0.103
Idaho Batholith,195.0,-10.0,0.015
Klamath Mountains,195.0,-10.0,0.149
Middle Rockies,195.0,-10.0,0.07
North Cascades,195.0,-10.0,0.117
Northern Basin and Range,195.0,-10.0,0.034
Sierra Nevada,195.0,-10.0,-0.05
Southern Rockies,195.0,-10.0,0.019
Wasatch and Uinta Mountains,195.0,-10.0,-0.012
