eco_region,lon,lat,rho
Arizona/New Mexico Mountains,247.5,45.0,0.025
Blue Mountains,247.5,45.0,0.025
Canadian Rockies,247.5,45.0,0.024
Cascades,247.5,45.0,0.188
Central Basin and Range,247.5,45.0,0.057
Columbia Mountains/Northern Rockies,247.5,45.0,0.114
Eastern Cascades Slopes and Foothills,247.5,45.0,0.206
Idaho Batholith,247.5,45.0,0.101
Klamath Mountains,247.5,45.0,-0.027
Middle Rockies,247.5,45.0,0.059
North Cascades,247.5,45.0,0.091
Northern Basin and Range,247.5,45.0,0.115
Sierra Nevada,247.5,45.0,0.033
Southern Rockies,247.5,45.0,0.055
Wasatch and Uinta Mountains,247.5,45.0,0.166
