eco_region,lon,lat,rho
Arizona/New Mexico Mountains,232.5,0.0,0.037
Blue Mountains,232.5,0.0,0.22
Canadian Rockies,232.5,0.0,0.169
Cascades,232.5,0.0,0.351
Central Basin and Range,232.5,0.0,0.332
Columbia Mountains/Northern Rockies,232.5,0.0,0.311
Eastern Cascades Slopes and Foothills,232.5,0.0,0.238
Idaho Batholith,232.5,0.0,0.268
Klamath Mountains,232.5,0.0,0.335
Middle Rockies,232.5,0.0,0.316
North Cascades,232.5,0.0,0.187
Northern Basin and Range,232.5,0.0,0.132
Sierra Nevada,232.5,0.0,0.276
Southern Rockies,232.5,0.0,0.358
Wasatch and Uinta Mountains,232.5,0.0,0.054
