eco_region,lon,lat,rho
Arizona/New Mexico Mountains,270.0,60.0,-0.061
Blue Mountains,270.0,60.0,-0.022
Canadian Rockies,270.0,60.0,-0.022
Cascades,270.0,60.0,0.084
Central Basin and Range,270.0,60.0,0.049
Columbia Mountains/Northern Rockies,270.0,60.0,-0.145
Eastern Cascades Slopes and Foothills,270.0,60.0,-0.061
Idaho Batholith,270.0,60.0,0.009
Klamath Mountains,270.0,60.0,0.079
Middle Rockies,270.0,60.0,-0.076
North Cascades,270.0,60.0,-0.021
Northern Basin and Range,270.0,60.0,0.007
Sierra Nevada,270.0,60.0,0.078
Southern Rockies,270.0,60.0,-0.076
Wasatch and Uinta Mountains,270.0,60.0,0.01
