eco_region,lon,lat,rho
Arizona/New Mexico Mountains,190.0,42.5,-0.001
Blue Mountains,190.0,42.5,0.063
Canadian Rockies,190.0,42.5,-0.003
Cascades,190.0,42.5,0.145
Central Basin and Range,190.0,42.5,-0.006
Columbia Mountains/Northern Rockies,190.0,42.5,0.108
Eastern Cascades Slopes and Foothills,190.0,42.5,0.144
Idaho Batholith,190.0,42.5,0.006
Klamath Mountains,190.0,42.5,-0.059
Middle Rockies,190.0,42.5,-0.014
North Cascades,190.0,42.5,0.085
Northern Basin and Range,190.0,42.5,0.047
Sierra Nevada,190.0,42.5,0.061
Southern Rockies,190.0,42.5,0.083
Wasatch and Uinta Mountains,190.0,42.5,-0.001
