eco_region,lon,lat,rho
Arizona/New Mexico Mountains,222.5,52.5,-0.057
Blue Mountains,222.5,52.5,0.0
Canadian Rockies,222.5,52.5,-0.045
Cascades,222.5,52.5,0.084
Central Basin and Range,222.5,52.5,-0.059
Columbia Mountains/Northern Rockies,222.5,52.5,0.053
Eastern Cascades Slopes and Foothills,222.5,52.5,0.092
Idaho Batholith,222.5,52.5,-0.067
Klamath Mountains,222.5,52.5,0.057
Middle Rockies,222.5,52.5,0.006
North Cascades,222.5,52.5,0.0
Northern Basin and Range,222.5,52.5,-0.035
Sierra Nevada,222.5,52.5,-0.106
Southern Rockies,222.5,52.5,0.019
Wasatch and Uinta Mountains,222.5,52.5,0.063
