eco_region,lon,lat,rho
Arizona/New Mexico Mountains,185.0,45.0,0.012
Blue Mountains,185.0,45.0,0.013
Canadian Rockies,185.0,45.0,0.055
Cascades,185.0,45.0,0.01
Central Basin and Range,185.0,45.0,0.082
Columbia Mountains/Northern Rockies,185.0,45.0,0.117
Eastern Cascades Slopes and Foothills,185.0,45.0,0.036
Idaho Batholith,185.0,45.0,0.027
Klamath Mountains,185.0,45.0,-0.027
Middle Rockies,185.0,45.0,-0.007
North Cascades,185.0,45.0,0.015
Northern Basin and Range,185.0,45.0,-0.005
Sierra Nevada,185.0,45.0,-0.037
Southern Rockies,185.0,45.0,0.14
Wasatch and Uinta Mountains,185.0,45.0,0.016
