eco_region,lon,lat,rho
Arizona/New Mexico Mountains,232.5,42.5,-0.042
Blue Mountains,232.5,42.5,-0.032
Canadian Rockies,232.5,42.5,0.127
Cascades,232.5,42.5,-0.131
Central Basin and Range,232.5,42.5,-0.033
Columbia Mountains/Northern Rockies,232.5,42.5,0.086
Eastern Cascades Slopes and Foothills,232.5,42.5,0.066
Idaho Batholith,232.5,42.5,0.078
Klamath Mountains,232.5,42.5,0.127
Middle Rockies,232.5,42.5,0.106
North Cascades,232.5,42.5,0.001
Northern Basin and Range,232.5,42.5,-0.032
Sierra Nevada,232.5,42.5,0.141
Southern Rockies,232.5,42.5,0.137
Wasatch and Uinta Mountains,232.5,42.5,0.02
