eco_region,lon,lat,rho
Arizona/New Mexico Mountains,190.0,30.0,0.038
Blue Mountains,190.0,30.0,-0.01
Canadian Rockies,190.0,30.0,0.094
Cascades,190.0,30.0,0.073
Central Basin and Range,190.0,30.0,0.088
Columbia Mountains/Northern Rockies,190.0,30.0,0.071
Eastern Cascades Slopes and Foothills,190.0,30.0,0.001
Idaho Batholith,190.0,30.0,-0.072
Klamath Mountains,190.0,30.0,0.031
Middle Rockies,190.0,30.0,-0.028
North Cascades,190.0,30.0,0.094
Northern Basin and Range,190.0,30.0,-0.029
Sierra Nevada,190.0,30.0,0.031
Southern Rockies,190.0,30.0,-0.016
Wasatch and Uinta Mountains,190.0,30.0,0.11
