eco_region,lon,lat,rho
Arizona/New Mexico Mountains,252.5,12.5,0.165
Blue Mountains,252.5,12.5,0.182
Canadian Rockies,252.5,12.5,0.238
Cascades,252.5,12.5,0.356
Central Basin and Range,252.5,12.5,0.29
Columbia Mountains/Northern Rockies,252.5,12.5,0.24
Eastern Cascades Slopes and Foothills,252.5,12.5,0.24
Idaho Batholith,252.5,12.5,0.159
Klamath Mountains,252.5,12.5,0.349
Middle Rockies,252.5,12.5,0.064
North Cascades,252.5,12.5,0.267
Northern Basin and Range,252.5,12.5,0.134
Sierra Nevada,252.5,12.5,0.031
Southern Rockies,252.5,12.5,0.263
Wasatch and Uinta Mountains,252.5,12.5,0.242
