eco_region,lon,lat,rho
Arizona/New Mexico Mountains,240.0,-17.5,0.166
Blue Mountains,240.0,-17.5,0.204
Canadian Rockies,240.0,-17.5,0.277
Cascades,240.0,-17.5,0.244
Central Basin and Range,240.0,-17.5,0.361
Columbia Mountains/Northern Rockies,240.0,-17.5,0.313
Eastern Cascades Slopes and Foothills,240.0,-17.5,0.262
Idaho Batholith,240.0,-17.5,0.313
Klamath Mountains,240.0,-17.5,0.257
Middle Rockies,240.0,-17.5,0.141
North Cascades,240.0,-17.5,0.181
Northern Basin and Range,240.0,-17.5,0.221
Sierra Nevada,240.0,-17.5,0.091
Southern Rockies,240.0,-17.5,0.319
Wasatch and Uinta Mountains,240.0,-17.5,0.203
