eco_region,lon,lat,rho
Arizona/New Mexico Mountains,262.5,22.5,0.068
Blue Mountains,262.5,22.5,0.063
Canadian Rockies,262.5,22.5,0.025
Cascades,262.5,22.5,0.073
Central Basin and Range,262.5,22.5,0.186
Columbia Mountains/Northern Rockies,262.5,22.5,0.119
Eastern Cascades Slopes and Foothills,262.5,22.5,0.026
Idaho Batholith,262.5,22.5,0.223
Klamath Mountains,262.5,22.5,0.148
Middle Rockies,262.5,22.5,0.145
North Cascades,262.5,22.5,0.089
Northern Basin and Range,262.5,22.5,0.009
Sierra Nevada,262.5,22.5,0.154
Southern Rockies,262.5,22.5,0.213
Wasatch and Uinta Mountains,262.5,22.5,0.006
