eco_region,lon,lat,rho
Arizona/New Mexico Mountains,192.5,27.5,-0.013
Blue Mountains,192.5,27.5,0.007
Canadian Rockies,192.5,27.5,0.094
Cascades,192.5,27.5,0.005
Central Basin and Range,192.5,27.5,0.066
Columbia Mountains/Northern Rockies,192.5,27.5,0.102
Eastern Cascades Slopes and Foothills,192.5,27.5,-0.057
Idaho Batholith,192.5,27.5,0.023
Klamath Mountains,192.5,27.5,0.052
Middle Rockies,192.5,27.5,-0.066
North Cascades,192.5,27.5,0.071
Northern Basin and Range,192.5,27.5,0.028
Sierra Nevada,192.5,27.5,0.051
Southern Rockies,192.5,27.5,0.049
Wasatch and Uinta Mountains,192.5,27.5,0.026
