eco_region,lon,lat,rho
Arizona/New Mexico Mountains,275.0,27.5,-0.089
Blue Mountains,275.0,27.5,0.116
Canadian Rockies,275.0,27.5,0.163
Cascades,275.0,27.5,0.13
Central Basin and Range,275.0,27.5,0.226
Columbia Mountains/Northern Rockies,275.0,27.5,0.074
Eastern Cascades Slopes and Foothills,275.0,27.5,0.171
Idaho Batholith,275.0,27.5,0.171
Klamath Mountains,275.0,27.5,0.103
Middle Rockies,275.0,27.5,0.063
North Cascades,275.0,27.5,0.01
Northern Basin and Range,275.0,27.5,-0.118
Sierra Nevada,275.0,27.5,0.097
Southern Rockies,275.0,27.5,0.039
Wasatch and Uinta Mountains,275.0,27.5,0.158
