eco_region,lon,lat,rho
Arizona/New Mexico Mountains,222.5,-7.5,0.218
Blue Mountains,222.5,-7.5,0.221
Canadian Rockies,222.5,-7.5,0.129
Cascades,222.5,-7.5,0.328
Central Basin and Range,222.5,-7.5,0.296
Columbia Mountains/Northern Rockies,222.5,-7.5,0.315
Eastern Cascades Slopes and Foothills,222.5,-7.5,0.322
Idaho Batholith,222.5,-7.5,0.251
Klamath Mountains,222.5,-7.5,0.341
Middle Rockies,222.5,-7.5,0.194
North Cascades,222.5,-7.5,0.135
Northern Basin and Range,222.5,-7.5,0.061
Sierra Nevada,222.5,-7.5,0.164
Southern Rockies,222.5,-7.5,0.342
Wasatch and Uinta Mountains,222.5,-7.5,0.015
