eco_region,lon,lat,rho
Arizona/New Mexico Mountains,195.0,35.0,0.115
Blue Mountains,195.0,35.0,0.046
Canadian Rockies,195.0,35.0,0.003
Cascades,195.0,35.0,0.051
Central Basin and Range,195.0,35.0,0.05
Columbia Mountains/Northern Rockies,195.0,35.0,0.126
Eastern Cascades Slopes and Foothills,195.0,35.0,0.091
Idaho Batholith,195.0,35.0,-0.054
Klamath Mountains,195.0,35.0,-0.003
Middle Rockies,195.0,35.0,-0.064
North Cascades,195.0,35.0,0.116
Northern Basin and Range,195.0,35.0,-0.077
Sierra Nevada,195.0,35.0,0.012
Southern Rockies,195.0,35.0,0.046
Wasatch and Uinta Mountains,195.0,35.0,-0.023
