eco_region,lon,lat,rho
Arizona/New Mexico Mountains,225.0,40.0,0.01
Blue Mountains,225.0,40.0,0.012
Canadian Rockies,225.0,40.0,0.215
Cascades,225.0,40.0,0.096
Central Basin and Range,225.0,40.0,-0.105
Columbia Mountains/Northern Rockies,225.0,40.0,0.091
Eastern Cascades Slopes and Foothills,225.0,40.0,0.057
Idaho Batholith,225.0,40.0,-0.038
Klamath Mountains,225.0,40.0,-0.021
Middle Rockies,225.0,40.0,0.121
North Cascades,225.0,40.0,0.071
Northern Basin and Range,225.0,40.0,-0.011
Sierra Nevada,225.0,40.0,0.109
Southern Rockies,225.0,40.0,0.119
Wasatch and Uinta Mountains,225.0,40.0,0.019
