eco_region,lon,lat,rho
Arizona/New Mexico Mountains,227.5,-20.0,0.071
Blue Mountains,227.5,-20.0,0.091
Canadian Rockies,227.5,-20.0,0.016
Cascades,227.5,-20.0,-0.054
Central Basin and Range,227.5,-20.0,0.076
Columbia Mountains/Northern Rockies,227.5,-20.0,0.188
Eastern Cascades Slopes and Foothills,227.5,-20.0,0.258
Idaho Batholith,227.5,-20.0,0.213
Klamath Mountains,227.5,-20.0,0.194
Middle Rockies,227.5,-20.0,0.338
North Cascades,227.5,-20.0,0.259
Northern Basin and Range,227.5,-20.0,0.065
Sierra Nevada,227.5,-20.0,0.101
Southern Rockies,227.5,-20.0,0.176
Wasatch and Uinta Mountains,227.5,-20.0,0.318
