eco_region,lon,lat,rho
Arizona/New Mexico Mountains,182.5,22.5,0.106
Blue Mountains,182.5,22.5,0.09
Canadian Rockies,182.5,22.5,0.206
Cascades,182.5,22.5,0.166
Central Basin and Range,182.5,22.5,0.198
Columbia Mountains/Northern Rockies,182.5,22.5,0.138
Eastern Cascades Slopes and Foothills,182.5,22.5,0.149
Idaho Batholith,182.5,22.5,0.141
Klamath Mountains,182.5,22.5,0.184
Middle Rockies,182.5,22.5,0.033
North Cascades,182.5,22.5,0.098
Northern Basin and Range,182.5,22.5,0.157
Sierra Nevada,182.5,22.5,0.213
Southern Rockies,182.5,22.5,0.117
Wasatch and Uinta Mountains,182.5,22.5,0.093
