eco_region,lon,lat,rho
Arizona/New Mexico Mountains,232.5,42.5,-0.043
Blue Mountains,232.5,42.5,0.07
Canadian Rockies,232.5,42.5,0.008
Cascades,232.5,42.5,-0.055
Central Basin and Range,232.5,42.5,0.021
Columbia Mountains/Northern Rockies,232.5,42.5,0.015
Eastern Cascades Slopes and Foothills,232.5,42.5,-0.028
Idaho Batholith,232.5,42.5,-0.059
Klamath Mountains,232.5,42.5,0.139
Middle Rockies,232.5,42.5,-0.081
North Cascades,232.5,42.5,-0.1
Northern Basin and Range,232.5,42.5,0.037
Sierra Nevada,232.5,42.5,0.17
Southern Rockies,232.5,42.5,0.096
Wasatch and Uinta Mountains,232.5,42.5,-0.114
