eco_region,lon,lat,rho
Arizona/New Mexico Mountains,180.0,52.5,0.092
Blue Mountains,180.0,52.5,0.077
Canadian Rockies,180.0,52.5,0.066
Cascades,180.0,52.5,-0.013
Central Basin and Range,180.0,52.5,0.105
Columbia Mountains/Northern Rockies,180.0,52.5,0.038
Eastern Cascades Slopes and Foothills,180.0,52.5,0.065
Idaho Batholith,180.0,52.5,0.072
Klamath Mountains,180.0,52.5,-0.006
Middle Rockies,180.0,52.5,0.038
North Cascades,180.0,52.5,-0.052
Northern Basin and Range,180.0,52.5,-0.024
Sierra Nevada,180.0,52.5,0.087
Southern Rockies,180.0,52.5,0.005
Wasatch and Uinta Mountains,180.0,52.5,0.06
