eco_region,lon,lat,rho
Arizona/New Mexico Mountains,272.5,15.0,0.174
Blue Mountains,272.5,15.0,0.188
Canadian Rockies,272.5,15.0,0.155
Cascades,272.5,15.0,0.149
Central Basin and Range,272.5,15.0,0.245
Columbia Mountains/Northern Rockies,272.5,15.0,0.029
Eastern Cascades Slopes and Foothills,272.5,15.0,0.04
Idaho Batholith,272.5,15.0,0.269
Klamath Mountains,272.5,15.0,0.041
Middle Rockies,272.5,15.0,0.21
North Cascades,272.5,15.0,0.162
Northern Basin and Range,272.5,15.0,0.257
Sierra Nevada,272.5,15.0,0.289
Southern Rockies,272.5,15.0,0.14
Wasatch and Uinta Mountains,272.5,15.0,0.103
