eco_region,lon,lat,rho
Arizona/New Mexico Mountains,245.0,-7.5,0.149
Blue Mountains,245.0,-7.5,0.201
Canadian Rockies,245.0,-7.5,0.344
Cascades,245.0,-7.5,0.32
Central Basin and Range,245.0,-7.5,0.338
Columbia Mountains/Northern Rockies,245.0,-7.5,0.328
Eastern Cascades Slopes and Foothills,245.0,-7.5,0.227
Idaho Batholith,245.0,-7.5,0.329
Klamath Mountains,245.0,-7.5,0.354
Middle Rockies,245.0,-7.5,0.354
North Cascades,245.0,-7.5,0.061
Northern Basin and Range,245.0,-7.5,0.262
Sierra Nevada,245.0,-7.5,0.159
Southern Rockies,245.0,-7.5,0.369
Wasatch and Uinta Mountains,245.0,-7.5,0.089
