eco_region,lon,lat,rho
Arizona/New Mexico Mountains,185.0,-17.5,0.135
Blue Mountains,185.0,-17.5,0.068
Canadian Rockies,185.0,-17.5,0.052
Cascades,185.0,-17.5,0.106
Central Basin and Range,185.0,-17.5,0.125
Columbia Mountains/Northern Rockies,185.0,-17.5,-0.027
Eastern Cascades Slopes and Foothills,185.0,-17.5,0.008
Idaho Batholith,185.0,-17.5,-0.054
Klamath Mountains,185.0,-17.5,0.144
Middle Rockies,185.0,-17.5,0.0
North Cascades,185.0,-17.5,0.12
Northern Basin and Range,185.0,-17.5,-0.03
Sierra Nevada,185.0,-17.5,-0.047
Southern Rockies,185.0,-17.5,0.063
Wasatch and Uinta Mountains,185.0,-17.5,0.136
