eco_region,lon,lat,rho
Arizona/New Mexico Mountains,232.5,-15.0,0.148
Blue Mountains,232.5,-15.0,0.081
Canadian Rockies,232.5,-15.0,0.101
Cascades,232.5,-15.0,0.104
Central Basin and Range,232.5,-15.0,0.105
Columbia Mountains/Northern Rockies,232.5,-15.0,0.056
Eastern Cascades Slopes and Foothills,232.5,-15.0,0.084
Idaho Batholith,232.5,-15.0,-0.064
Klamath Mountains,232.5,-15.0,0.094
Middle Rockies,232.5,-15.0,0.142
North Cascades,232.5,-15.0,0.068
Northern Basin and Range,232.5,-15.0,0.004
Sierra Nevada,232.5,-15.0,0.07
Southern Rockies,232.5,-15.0,-0.06
Wasatch and Uinta Mountains,232.5,-15.0,-0.004
