eco_region,lon,lat,rho
Arizona/New Mexico Mountains,200.0,-12.5,0.091
Blue Mountains,200.0,-12.5,0.261
Canadian Rockies,200.0,-12.5,0.244
Cascades,200.0,-12.5,0.294
Central Basin and Range,200.0,-12.5,0.104
Columbia Mountains/Northern Rockies,200.0,-12.5,0.313
Eastern Cascades Slopes and Foothills,200.0,-12.5,0.234
Idaho Batholith,200.0,-12.5,0.133
Klamath Mountains,200.0,-12.5,0.191
Middle Rockies,200.0,-12.5,0.242
North Cascades,200.0,-12.5,0.278
Northern Basin and Range,200.0,-12.5,0.121
Sierra Nevada,200.0,-12.5,0.269
Southern Rockies,200.0,-12.5,0.361
Wasatch and Uinta Mountains,200.0,-12.5,0.224
