eco_region,lon,lat,rho
Arizona/New Mexico Mountains,267.5,0.0,0.1
Blue Mountains,267.5,0.0,0.062
Canadian Rockies,267.5,0.0,0.076
Cascades,267.5,0.0,0.234
Central Basin and Range,267.5,0.0,0.165
Columbia Mountains/Northern Rockies,267.5,0.0,0.032
Eastern Cascades Slopes and Foothills,267.5,0.0,0.198
Idaho Batholith,267.5,0.0,0.022
Klamath Mountains,267.5,0.0,0.084
Middle Rockies,267.5,0.0,0.064
North Cascades,267.5,0.0,0.206
Northern Basin and Range,267.5,0.0,0.123
Sierra Nevada,267.5,0.0,0.104
Southern Rockies,267.5,0.0,-0.025
Wasatch and Uinta Mountains,267.5,0.0,-0.166
