eco_region,lon,lat,rho
Arizona/New Mexico Mountains,232.5,17.5,0.27
Blue Mountains,232.5,17.5,0.277
Canadian Rockies,232.5,17.5,0.303
Cascades,232.5,17.5,0.311
Central Basin and Range,232.5,17.5,0.294
Columbia Mountains/Northern Rockies,232.5,17.5,0.336
Eastern Cascades Slopes and Foothills,232.5,17.5,0.3
Idaho Batholith,232.5,17.5,0.251
Klamath Mountains,232.5,17.5,0.138
Middle Rockies,232.5,17.5,0.3
North Cascades,232.5,17.5,0.273
Northern Basin and Range,232.5,17.5,0.303
Sierra Nevada,232.5,17.5,0.301
Southern Rockies,232.5,17.5,0.311
Wasatch and Uinta Mountains,232.5,17.5,0.342
