eco_region,lon,lat,rho
Arizona/New Mexico Mountains,240.0,55.0,0.058
Blue Mountains,240.0,55.0,-0.015
Canadian Rockies,240.0,55.0,0.036
Cascades,240.0,55.0,0.049
Central Basin and Range,240.0,55.0,0.053
Columbia Mountains/Northern Rockies,240.0,55.0,0.098
Eastern Cascades Slopes and Foothills,240.0,55.0,0.085
Idaho Batholith,240.0,55.0,0.083
Klamath Mountains,240.0,55.0,0.136
Middle Rockies,240.0,55.0,0.043
North Cascades,240.0,55.0,0.013
Northern Basin and Range,240.0,55.0,-0.008
Sierra Nevada,240.0,55.0,0.086
Southern Rockies,240.0,55.0,0.022
Wasatch and Uinta Mountains,240.0,55.0,0.022
