eco_region,lon,lat,rho
Arizona/New Mexico Mountains,207.5,20.0,0.236
Blue Mountains,207.5,20.0,0.367
Canadian Rockies,207.5,20.0,0.074
Cascades,207.5,20.0,0.403
Central Basin and Range,207.5,20.0,0.388
Columbia Mountains/Northern Rockies,207.5,20.0,0.242
Eastern Cascades Slopes and Foothills,207.5,20.0,0.358
Idaho Batholith,207.5,20.0,0.247
Klamath Mountains,207.5,20.0,0.287
Middle Rockies,207.5,20.0,0.218
North Cascades,207.5,20.0,0.344
Northern Basin and Range,207.5,20.0,0.38
Sierra Nevada,207.5,20.0,0.146
Southern Rockies,207.5,20.0,0.171
Wasatch and Uinta Mountains,207.5,20.0,0.371
