eco_region,lon,lat,rho
Arizona/New Mexico Mountains,265.0,35.0,0.029
Blue Mountains,265.0,35.0,-0.029
Canadian Rockies,265.0,35.0,-0.061
Cascades,265.0,35.0,0.049
Central Basin and Range,265.0,35.0,0.026
Columbia Mountains/Northern Rockies,265.0,35.0,0.074
Eastern Cascades Slopes and Foothills,265.0,35.0,0.106
Idaho Batholith,265.0,35.0,0.14
Klamath Mountains,265.0,35.0,0.169
Middle Rockies,265.0,35.0,0.055
North Cascades,265.0,35.0,0.108
Northern Basin and Range,265.0,35.0,-0.026
Sierra Nevada,265.0,35.0,0.077
Southern Rockies,265.0,35.0,0.083
Wasatch and Uinta Mountains,265.0,35.0,0.039
