eco_region,lon,lat,rho
Arizona/New Mexico Mountains,230.0,35.0,0.002
Blue Mountains,230.0,35.0,-0.007
Canadian Rockies,230.0,35.0,0.207
Cascades,230.0,35.0,0.104
Central Basin and Range,230.0,35.0,-0.095
Columbia Mountains/Northern Rockies,230.0,35.0,0.159
Eastern Cascades Slopes and Foothills,230.0,35.0,0.046
Idaho Batholith,230.0,35.0,0.081
Klamath Mountains,230.0,35.0,0.188
Middle Rockies,230.0,35.0,0.176
North Cascades,230.0,35.0,0.093
Northern Basin and Range,230.0,35.0,-0.037
Sierra Nevada,230.0,35.0,0.163
Southern Rockies,230.0,35.0,0.092
Wasatch and Uinta Mountains,230.0,35.0,0.081
