eco_region,lon,lat,rho
Arizona/New Mexico Mountains,237.5,37.5,0.186
Blue Mountains,237.5,37.5,-0.069
Canadian Rockies,237.5,37.5,-0.087
Cascades,237.5,37.5,0.028
Central Basin and Range,237.5,37.5,0.021
Columbia Mountains/Northern Rockies,237.5,37.5,-0.033
Eastern Cascades Slopes and Foothills,237.5,37.5,0.058
Idaho Batholith,237.5,37.5,-0.021
Klamath Mountains,237.5,37.5,0.0
Middle Rockies,237.5,37.5,0.035
North Cascades,237.5,37.5,-0.039
Northern Basin and Range,237.5,37.5,-0.014
Sierra Nevada,237.5,37.5,0.132
Southern Rockies,237.5,37.5,0.033
Wasatch and Uinta Mountains,237.5,37.5,-0.078
