eco_region,lon,lat,rho
Arizona/New Mexico Mountains,195.0,50.0,0.025
Blue Mountains,195.0,50.0,-0.001
Canadian Rockies,195.0,50.0,0.182
Cascades,195.0,50.0,0.024
Central Basin and Range,195.0,50.0,-0.022
Columbia Mountains/Northern Rockies,195.0,50.0,0.083
Eastern Cascades Slopes and Foothills,195.0,50.0,-0.03
Idaho Batholith,195.0,50.0,0.101
Klamath Mountains,195.0,50.0,0.076
Middle Rockies,195.0,50.0,0.088
North Cascades,195.0,50.0,0.071
Northern Basin and Range,195.0,50.0,0.005
Sierra Nevada,195.0,50.0,-0.038
Southern Rockies,195.0,50.0,-0.033
Wasatch and Uinta Mountains,195.0,50.0,0.087
