eco_region,lon,lat,rho
Arizona/New Mexico Mountains,237.5,50.0,-0.065
Blue Mountains,237.5,50.0,0.11
Canadian Rockies,237.5,50.0,-0.038
Cascades,237.5,50.0,0.078
Central Basin and Range,237.5,50.0,-0.008
Columbia Mountains/Northern Rockies,237.5,50.0,0.136
Eastern Cascades Slopes and Foothills,237.5,50.0,0.161
Idaho Batholith,237.5,50.0,0.165
Klamath Mountains,237.5,50.0,0.265
Middle Rockies,237.5,50.0,0.072
North Cascades,237.5,50.0,0.128
Northern Basin and Range,237.5,50.0,0.005
Sierra Nevada,237.5,50.0,0.149
Southern Rockies,237.5,50.0,0.023
Wasatch and Uinta Mountains,237.5,50.0,-0.002
