eco_region,lon,lat,rho
Arizona/New Mexico Mountains,222.5,40.0,0.012
Blue Mountains,222.5,40.0,0.065
Canadian Rockies,222.5,40.0,0.18
Cascades,222.5,40.0,0.038
Central Basin and Range,222.5,40.0,-0.108
Columbia Mountains/Northern Rockies,222.5,40.0,0.128
Eastern Cascades Slopes and Foothills,222.5,40.0,-0.028
Idaho Batholith,222.5,40.0,0.111
Klamath Mountains,222.5,40.0,-0.05
Middle Rockies,222.5,40.0,0.177
North Cascades,222.5,40.0,0.088
Northern Basin and Range,222.5,40.0,0.076
Sierra Nevada,222.5,40.0,0.121
Southern Rockies,222.5,40.0,0.098
Wasatch and Uinta Mountains,222.5,40.0,0.044
