eco_region,lon,lat,rho
Arizona/New Mexico Mountains,267.5,-15.0,0.184
Blue Mountains,267.5,-15.0,0.208
Canadian Rockies,267.5,-15.0,0.081
Cascades,267.5,-15.0,0.253
Central Basin and Range,267.5,-15.0,0.209
Columbia Mountains/Northern Rockies,267.5,-15.0,0.146
Eastern Cascades Slopes and Foothills,267.5,-15.0,0.197
Idaho Batholith,267.5,-15.0,0.152
Klamath Mountains,267.5,-15.0,0.046
Middle Rockies,267.5,-15.0,0.156
North Cascades,267.5,-15.0,0.174
Northern Basin and Range,267.5,-15.0,0.211
Sierra Nevada,267.5,-15.0,0.1
Southern Rockies,267.5,-15.0,0.064
Wasatch and Uinta Mountains,267.5,-15.0,0.054
