eco_region,lon,lat,rho
Arizona/New Mexico Mountains,232.5,5.0,0.103
Blue Mountains,232.5,5.0,0.241
Canadian Rockies,232.5,5.0,0.255
Cascades,232.5,5.0,0.315
Central Basin and Range,232.5,5.0,0.346
Columbia Mountains/Northern Rockies,232.5,5.0,0.335
Eastern Cascades Slopes and Foothills,232.5,5.0,0.209
Idaho Batholith,232.5,5.0,0.319
Klamath Mountains,232.5,5.0,0.222
Middle Rockies,232.5,5.0,0.385
North Cascades,232.5,5.0,0.071
Northern Basin and Range,232.5,5.0,0.167
Sierra Nevada,232.5,5.0,0.334
Southern Rockies,232.5,5.0,0.382
Wasatch and Uinta Mountains,232.5,5.0,0.025
