eco_region,lon,lat,rho
Arizona/New Mexico Mountains,250.0,10.0,0.15
Blue Mountains,250.0,10.0,0.216
Canadian Rockies,250.0,10.0,0.186
Cascades,250.0,10.0,0.403
Central Basin and Range,250.0,10.0,0.3
Columbia Mountains/Northern Rockies,250.0,10.0,0.297
Eastern Cascades Slopes and Foothills,250.0,10.0,0.284
Idaho Batholith,250.0,10.0,0.169
Klamath Mountains,250.0,10.0,0.389
Middle Rockies,250.0,10.0,0.22
North Cascades,250.0,10.0,0.347
Northern Basin and Range,250.0,10.0,0.191
Sierra Nevada,250.0,10.0,0.229
Southern Rockies,250.0,10.0,0.343
Wasatch and Uinta Mountains,250.0,10.0,0.315
