eco_region,lon,lat,rho
Arizona/New Mexico Mountains,210.0,60.0,-0.139
Blue Mountains,210.0,60.0,0.004
Canadian Rockies,210.0,60.0,0.176
Cascades,210.0,60.0,0.068
Central Basin and Range,210.0,60.0,-0.066
Columbia Mountains/Northern Rockies,210.0,60.0,0.121
Eastern Cascades Slopes and Foothills,210.0,60.0,-0.002
Idaho Batholith,210.0,60.0,0.063
Klamath Mountains,210.0,60.0,0.028
Middle Rockies,210.0,60.0,0.074
North Cascades,210.0,60.0,0.033
Northern Basin and Range,210.0,60.0,-0.024
Sierra Nevada,210.0,60.0,0.08
Southern Rockies,210.0,60.0,-0.063
Wasatch and Uinta Mountains,210.0,60.0,-0.094
