eco_region,lon,lat,rho
Arizona/New Mexico Mountains,217.5,45.0,-0.007
Blue Mountains,217.5,45.0,-0.059
Canadian Rockies,217.5,45.0,-0.027
Cascades,217.5,45.0,0.062
Central Basin and Range,217.5,45.0,-0.034
Columbia Mountains/Northern Rockies,217.5,45.0,0.055
Eastern Cascades Slopes and Foothills,217.5,45.0,-0.03
Idaho Batholith,217.5,45.0,-0.024
Klamath Mountains,217.5,45.0,-0.025
Middle Rockies,217.5,45.0,0.06
North Cascades,217.5,45.0,-0.05
Northern Basin and Range,217.5,45.0,-0.004
Sierra Nevada,217.5,45.0,-0.043
Southern Rockies,217.5,45.0,0.08
Wasatch and Uinta Mountains,217.5,45.0,-0.026
