eco_region,lon,lat,rho
Arizona/New Mexico Mountains,255.0,-10.0,0.137
Blue Mountains,255.0,-10.0,0.218
Canadian Rockies,255.0,-10.0,0.349
Cascades,255.0,-10.0,0.272
Central Basin and Range,255.0,-10.0,0.328
Columbia Mountains/Northern Rockies,255.0,-10.0,0.089
Eastern Cascades Slopes and Foothills,255.0,-10.0,0.177
Idaho Batholith,255.0,-10.0,0.262
Klamath Mountains,255.0,-10.0,0.296
Middle Rockies,255.0,-10.0,0.152
North Cascades,255.0,-10.0,0.078
Northern Basin and Range,255.0,-10.0,0.261
Sierra Nevada,255.0,-10.0,0.392
Southern Rockies,255.0,-10.0,0.061
Wasatch and Uinta Mountains,255.0,-10.0,0.149
