eco_region,lon,lat,rho
Arizona/New Mexico Mountains,215.0,32.5,0.037
Blue Mountains,215.0,32.5,-0.045
Canadian Rockies,215.0,32.5,-0.044
Cascades,215.0,32.5,0.127
Central Basin and Range,215.0,32.5,-0.032
Columbia Mountains/Northern Rockies,215.0,32.5,0.075
Eastern Cascades Slopes and Foothills,215.0,32.5,-0.034
Idaho Batholith,215.0,32.5,-0.005
Klamath Mountains,215.0,32.5,-0.003
Middle Rockies,215.0,32.5,0.012
North Cascades,215.0,32.5,0.04
Northern Basin and Range,215.0,32.5,0.003
Sierra Nevada,215.0,32.5,0.025
Southern Rockies,215.0,32.5,0.171
Wasatch and Uinta Mountains,215.0,32.5,-0.014
