eco_region,lon,lat,rho
Arizona/New Mexico Mountains,262.5,27.5,0.059
Blue Mountains,262.5,27.5,-0.006
Canadian Rockies,262.5,27.5,0.124
Cascades,262.5,27.5,0.028
Central Basin and Range,262.5,27.5,0.024
Columbia Mountains/Northern Rockies,262.5,27.5,0.082
Eastern Cascades Slopes and Foothills,262.5,27.5,0.184
Idaho Batholith,262.5,27.5,0.179
Klamath Mountains,262.5,27.5,0.063
Middle Rockies,262.5,27.5,0.063
North Cascades,262.5,27.5,0.183
Northern Basin and Range,262.5,27.5,0.037
Sierra Nevada,262.5,27.5,0.091
Southern Rockies,262.5,27.5,0.109
Wasatch and Uinta Mountains,262.5,27.5,0.138
