eco_region,lon,lat,rho
Arizona/New Mexico Mountains,235.0,7.5,0.135
Blue Mountains,235.0,7.5,0.218
Canadian Rockies,235.0,7.5,0.332
Cascades,235.0,7.5,0.328
Central Basin and Range,235.0,7.5,0.344
Columbia Mountains/Northern Rockies,235.0,7.5,0.336
Eastern Cascades Slopes and Foothills,235.0,7.5,0.233
Idaho Batholith,235.0,7.5,0.273
Klamath Mountains,235.0,7.5,0.255
Middle Rockies,235.0,7.5,0.348
North Cascades,235.0,7.5,0.072
Northern Basin and Range,235.0,7.5,0.27
Sierra Nevada,235.0,7.5,0.328
Southern Rockies,235.0,7.5,0.378
Wasatch and Uinta Mountains,235.0,7.5,0.07
