eco_region,lon,lat,rho
Arizona/New Mexico Mountains,272.5,42.5,0.037
Blue Mountains,272.5,42.5,0.027
Canadian Rockies,272.5,42.5,0.028
Cascades,272.5,42.5,0.05
Central Basin and Range,272.5,42.5,-0.03
Columbia Mountains/Northern Rockies,272.5,42.5,0.033
Eastern Cascades Slopes and Foothills,272.5,42.5,0.042
Idaho Batholith,272.5,42.5,-0.041
Klamath Mountains,272.5,42.5,0.103
Middle Rockies,272.5,42.5,-0.049
North Cascades,272.5,42.5,-0.074
Northern Basin and Range,272.5,42.5,0.036
Sierra Nevada,272.5,42.5,0.029
Southern Rockies,272.5,42.5,0.018
Wasatch and Uinta Mountains,272.5,42.5,0.03
