eco_region,lon,lat,rho
Arizona/New Mexico Mountains,240.0,-2.5,0.195
Blue Mountains,240.0,-2.5,0.222
Canadian Rockies,240.0,-2.5,0.363
Cascades,240.0,-2.5,0.335
Central Basin and Range,240.0,-2.5,0.352
Columbia Mountains/Northern Rockies,240.0,-2.5,0.334
Eastern Cascades Slopes and Foothills,240.0,-2.5,0.314
Idaho Batholith,240.0,-2.5,0.329
Klamath Mountains,240.0,-2.5,0.299
Middle Rockies,240.0,-2.5,0.372
North Cascades,240.0,-2.5,0.213
Northern Basin and Range,240.0,-2.5,0.179
Sierra Nevada,240.0,-2.5,0.357
Southern Rockies,240.0,-2.5,0.394
Wasatch and Uinta Mountains,240.0,-2.5,0.058
