eco_region,lon,lat,rho
Arizona/New Mexico Mountains,245.0,7.5,0.117
Blue Mountains,245.0,7.5,0.018
Canadian Rockies,245.0,7.5,0.06
Cascades,245.0,7.5,0.232
Central Basin and Range,245.0,7.5,0.185
Columbia Mountains/Northern Rockies,245.0,7.5,0.085
Eastern Cascades Slopes and Foothills,245.0,7.5,0.108
Idaho Batholith,245.0,7.5,0.038
Klamath Mountains,245.0,7.5,0.054
Middle Rockies,245.0,7.5,0.048
North Cascades,245.0,7.5,0.154
Northern Basin and Range,245.0,7.5,0.079
Sierra Nevada,245.0,7.5,0.043
Southern Rockies,245.0,7.5,0.038
Wasatch and Uinta Mountains,245.0,7.5,-0.034
