eco_region,lon,lat,rho
Arizona/New Mexico Mountains,217.5,35.0,-0.048
Blue Mountains,217.5,35.0,0.118
Canadian Rockies,217.5,35.0,0.224
Cascades,217.5,35.0,0.05
Central Basin and Range,217.5,35.0,-0.022
Columbia Mountains/Northern Rockies,217.5,35.0,0.193
Eastern Cascades Slopes and Foothills,217.5,35.0,-0.046
Idaho Batholith,217.5,35.0,0.115
Klamath Mountains,217.5,35.0,-0.119
Middle Rockies,217.5,35.0,0.191
North Cascades,217.5,35.0,0.141
Northern Basin and Range,217.5,35.0,0.134
Sierra Nevada,217.5,35.0,0.138
Southern Rockies,217.5,35.0,0.236
Wasatch and Uinta Mountains,217.5,35.0,0.071
