eco_region,lon,lat,rho
Arizona/New Mexico Mountains,257.5,-15.0,0.129
Blue Mountains,257.5,-15.0,0.223
Canadian Rockies,257.5,-15.0,0.15
Cascades,257.5,-15.0,0.263
Central Basin and Range,257.5,-15.0,0.327
Columbia Mountains/Northern Rockies,257.5,-15.0,0.224
Eastern Cascades Slopes and Foothills,257.5,-15.0,0.222
Idaho Batholith,257.5,-15.0,0.312
Klamath Mountains,257.5,-15.0,0.291
Middle Rockies,257.5,-15.0,0.323
North Cascades,257.5,-15.0,0.354
Northern Basin and Range,257.5,-15.0,0.24
Sierra Nevada,257.5,-15.0,0.258
Southern Rockies,257.5,-15.0,0.279
Wasatch and Uinta Mountains,257.5,-15.0,0.215
