eco_region,lon,lat,rho
Arizona/New Mexico Mountains,250.0,27.5,0.065
Blue Mountains,250.0,27.5,0.064
Canadian Rockies,250.0,27.5,0.093
Cascades,250.0,27.5,0.046
Central Basin and Range,250.0,27.5,0.146
Columbia Mountains/Northern Rockies,250.0,27.5,0.133
Eastern Cascades Slopes and Foothills,250.0,27.5,0.05
Idaho Batholith,250.0,27.5,0.109
Klamath Mountains,250.0,27.5,0.083
Middle Rockies,250.0,27.5,0.092
North Cascades,250.0,27.5,0.105
Northern Basin and Range,250.0,27.5,0.087
Sierra Nevada,250.0,27.5,0.116
Southern Rockies,250.0,27.5,0.144
Wasatch and Uinta Mountains,250.0,27.5,-0.018
