eco_region,lon,lat,rho
Arizona/New Mexico Mountains,187.5,5.0,0.171
Blue Mountains,187.5,5.0,0.253
Canadian Rockies,187.5,5.0,0.212
Cascades,187.5,5.0,0.224
Central Basin and Range,187.5,5.0,0.24
Columbia Mountains/Northern Rockies,187.5,5.0,0.203
Eastern Cascades Slopes and Foothills,187.5,5.0,0.113
Idaho Batholith,187.5,5.0,0.174
Klamath Mountains,187.5,5.0,0.359
Middle Rockies,187.5,5.0,0.04
North Cascades,187.5,5.0,-0.004
Northern Basin and Range,187.5,5.0,0.265
Sierra Nevada,187.5,5.0,0.186
Southern Rockies,187.5,5.0,0.152
Wasatch and Uinta Mountains,187.5,5.0,0.007
