eco_region,lon,lat,rho
Arizona/New Mexico Mountains,272.5,10.0,0.119
Blue Mountains,272.5,10.0,0.172
Canadian Rockies,272.5,10.0,0.102
Cascades,272.5,10.0,0.327
Central Basin and Range,272.5,10.0,0.311
Columbia Mountains/Northern Rockies,272.5,10.0,0.185
Eastern Cascades Slopes and Foothills,272.5,10.0,0.319
Idaho Batholith,272.5,10.0,0.048
Klamath Mountains,272.5,10.0,0.376
Middle Rockies,272.5,10.0,0.224
North Cascades,272.5,10.0,0.204
Northern Basin and Range,272.5,10.0,0.273
Sierra Nevada,272.5,10.0,0.212
Southern Rockies,272.5,10.0,0.199
Wasatch and Uinta Mountains,272.5,10.0,0.212
