eco_region,lon,lat,rho
Arizona/New Mexico Mountains,265.0,35.0,0.027
Blue Mountains,265.0,35.0,-0.027
Canadian Rockies,265.0,35.0,0.007
Cascades,265.0,35.0,0.048
Central Basin and Range,265.0,35.0,0.027
Columbia Mountains/Northern Rockies,265.0,35.0,0.122
Eastern Cascades Slopes and Foothills,265.0,35.0,0.185
Idaho Batholith,265.0,35.0,0.127
Klamath Mountains,265.0,35.0,0.183
Middle Rockies,265.0,35.0,0.019
North Cascades,265.0,35.0,0.108
Northern Basin and Range,265.0,35.0,-0.027
Sierra Nevada,265.0,35.0,0.146
Southern Rockies,265.0,35.0,0.179
Wasatch and Uinta Mountains,265.0,35.0,0.065
