eco_region,lon,lat,rho
Arizona/New Mexico Mountains,197.5,52.5,-0.074
Blue Mountains,197.5,52.5,0.079
Canadian Rockies,197.5,52.5,0.147
Cascades,197.5,52.5,-0.003
Central Basin and Range,197.5,52.5,-0.125
Columbia Mountains/Northern Rockies,197.5,52.5,0.186
Eastern Cascades Slopes and Foothills,197.5,52.5,0.032
Idaho Batholith,197.5,52.5,-0.002
Klamath Mountains,197.5,52.5,-0.032
Middle Rockies,197.5,52.5,0.03
North Cascades,197.5,52.5,0.04
Northern Basin and Range,197.5,52.5,-0.148
Sierra Nevada,197.5,52.5,0.013
Southern Rockies,197.5,52.5,-0.07
Wasatch and Uinta Mountains,197.5,52.5,0.026
