eco_region,lon,lat,rho
Arizona/New Mexico Mountains,280.0,5.0,0.175
Blue Mountains,280.0,5.0,0.248
Canadian Rockies,280.0,5.0,0.283
Cascades,280.0,5.0,0.325
Central Basin and Range,280.0,5.0,0.348
Columbia Mountains/Northern Rockies,280.0,5.0,0.1
Eastern Cascades Slopes and Foothills,280.0,5.0,0.383
Idaho Batholith,280.0,5.0,0.148
Klamath Mountains,280.0,5.0,0.227
Middle Rockies,280.0,5.0,0.136
North Cascades,280.0,5.0,0.247
Northern Basin and Range,280.0,5.0,0.199
Sierra Nevada,280.0,5.0,0.034
Southern Rockies,280.0,5.0,0.114
Wasatch and Uinta Mountains,280.0,5.0,0.232
