eco_region,lon,lat,rho
Arizona/New Mexico Mountains,185.0,60.0,0.014
Blue Mountains,185.0,60.0,-0.017
Canadian Rockies,185.0,60.0,0.051
Cascades,185.0,60.0,0.003
Central Basin and Range,185.0,60.0,0.056
Columbia Mountains/Northern Rockies,185.0,60.0,0.063
Eastern Cascades Slopes and Foothills,185.0,60.0,0.104
Idaho Batholith,185.0,60.0,-0.033
Klamath Mountains,185.0,60.0,0.152
Middle Rockies,185.0,60.0,0.048
North Cascades,185.0,60.0,0.089
Northern Basin and Range,185.0,60.0,0.006
Sierra Nevada,185.0,60.0,0.03
Southern Rockies,185.0,60.0,0.014
Wasatch and Uinta Mountains,185.0,60.0,-0.029
