eco_region,lon,lat,rho
Arizona/New Mexico Mountains,222.5,40.0,-0.009
Blue Mountains,222.5,40.0,0.077
Canadian Rockies,222.5,40.0,-0.009
Cascades,222.5,40.0,-0.126
Central Basin and Range,222.5,40.0,0.018
Columbia Mountains/Northern Rockies,222.5,40.0,-0.027
Eastern Cascades Slopes and Foothills,222.5,40.0,-0.026
Idaho Batholith,222.5,40.0,-0.083
Klamath Mountains,222.5,40.0,0.163
Middle Rockies,222.5,40.0,-0.018
North Cascades,222.5,40.0,-0.084
Northern Basin and Range,222.5,40.0,-0.029
Sierra Nevada,222.5,40.0,0.086
Southern Rockies,222.5,40.0,0.068
Wasatch and Uinta Mountains,222.5,40.0,-0.06
