eco_region,lon,lat,rho
Arizona/New Mexico Mountains,225.0,52.5,-0.059
Blue Mountains,225.0,52.5,0.005
Canadian Rockies,225.0,52.5,0.106
Cascades,225.0,52.5,0.087
Central Basin and Range,225.0,52.5,-0.057
Columbia Mountains/Northern Rockies,225.0,52.5,0.04
Eastern Cascades Slopes and Foothills,225.0,52.5,0.098
Idaho Batholith,225.0,52.5,0.054
Klamath Mountains,225.0,52.5,-0.044
Middle Rockies,225.0,52.5,0.086
North Cascades,225.0,52.5,-0.032
Northern Basin and Range,225.0,52.5,-0.033
Sierra Nevada,225.0,52.5,0.11
Southern Rockies,225.0,52.5,0.029
Wasatch and Uinta Mountains,225.0,52.5,-0.055
