eco_region,lon,lat,rho
Arizona/New Mexico Mountains,250.0,-5.0,0.135
Blue Mountains,250.0,-5.0,0.086
Canadian Rockies,250.0,-5.0,0.1
Cascades,250.0,-5.0,0.237
Central Basin and Range,250.0,-5.0,0.187
Columbia Mountains/Northern Rockies,250.0,-5.0,0.091
Eastern Cascades Slopes and Foothills,250.0,-5.0,0.076
Idaho Batholith,250.0,-5.0,0.14
Klamath Mountains,250.0,-5.0,0.03
Middle Rockies,250.0,-5.0,0.21
North Cascades,250.0,-5.0,0.014
Northern Basin and Range,250.0,-5.0,0.141
Sierra Nevada,250.0,-5.0,0.12
Southern Rockies,250.0,-5.0,0.043
Wasatch and Uinta Mountains,250.0,-5.0,-0.102
