eco_region,lon,lat,rho
Arizona/New Mexico Mountains,225.0,47.5,-0.052
Blue Mountains,225.0,47.5,0.047
Canadian Rockies,225.0,47.5,-0.029
Cascades,225.0,47.5,-0.037
Central Basin and Range,225.0,47.5,0.011
Columbia Mountains/Northern Rockies,225.0,47.5,0.051
Eastern Cascades Slopes and Foothills,225.0,47.5,0.001
Idaho Batholith,225.0,47.5,-0.011
Klamath Mountains,225.0,47.5,0.184
Middle Rockies,225.0,47.5,-0.065
North Cascades,225.0,47.5,-0.002
Northern Basin and Range,225.0,47.5,-0.094
Sierra Nevada,225.0,47.5,0.025
Southern Rockies,225.0,47.5,0.029
Wasatch and Uinta Mountains,225.0,47.5,-0.039
