eco_region,lon,lat,rho
Arizona/New Mexico Mountains,235.0,-7.5,0.09
Blue Mountains,235.0,-7.5,0.23
Canadian Rockies,235.0,-7.5,0.162
Cascades,235.0,-7.5,0.34
Central Basin and Range,235.0,-7.5,0.35
Columbia Mountains/Northern Rockies,235.0,-7.5,0.307
Eastern Cascades Slopes and Foothills,235.0,-7.5,0.282
Idaho Batholith,235.0,-7.5,0.254
Klamath Mountains,235.0,-7.5,0.324
Middle Rockies,235.0,-7.5,0.305
North Cascades,235.0,-7.5,0.166
Northern Basin and Range,235.0,-7.5,0.134
Sierra Nevada,235.0,-7.5,0.165
Southern Rockies,235.0,-7.5,0.133
Wasatch and Uinta Mountains,235.0,-7.5,-0.031
