eco_region,lon,lat,rho
Arizona/New Mexico Mountains,240.0,37.5,0.091
Blue Mountains,240.0,37.5,-0.069
Canadian Rockies,240.0,37.5,0.038
Cascades,240.0,37.5,-0.074
Central Basin and Range,240.0,37.5,-0.082
Columbia Mountains/Northern Rockies,240.0,37.5,0.086
Eastern Cascades Slopes and Foothills,240.0,37.5,0.05
Idaho Batholith,240.0,37.5,0.076
Klamath Mountains,240.0,37.5,0.027
Middle Rockies,240.0,37.5,0.132
North Cascades,240.0,37.5,0.13
Northern Basin and Range,240.0,37.5,0.057
Sierra Nevada,240.0,37.5,0.147
Southern Rockies,240.0,37.5,0.083
Wasatch and Uinta Mountains,240.0,37.5,0.072
