eco_region,lon,lat,rho
Arizona/New Mexico Mountains,227.5,55.0,-0.058
Blue Mountains,227.5,55.0,-0.035
Canadian Rockies,227.5,55.0,-0.016
Cascades,227.5,55.0,0.014
Central Basin and Range,227.5,55.0,-0.086
Columbia Mountains/Northern Rockies,227.5,55.0,0.125
Eastern Cascades Slopes and Foothills,227.5,55.0,0.052
Idaho Batholith,227.5,55.0,0.071
Klamath Mountains,227.5,55.0,-0.043
Middle Rockies,227.5,55.0,0.021
North Cascades,227.5,55.0,0.005
Northern Basin and Range,227.5,55.0,-0.047
Sierra Nevada,227.5,55.0,0.082
Southern Rockies,227.5,55.0,0.03
Wasatch and Uinta Mountains,227.5,55.0,-0.065
