eco_region,lon,lat,rho
Arizona/New Mexico Mountains,225.0,25.0,0.071
Blue Mountains,225.0,25.0,0.062
Canadian Rockies,225.0,25.0,-0.044
Cascades,225.0,25.0,0.198
Central Basin and Range,225.0,25.0,-0.006
Columbia Mountains/Northern Rockies,225.0,25.0,0.074
Eastern Cascades Slopes and Foothills,225.0,25.0,-0.025
Idaho Batholith,225.0,25.0,0.035
Klamath Mountains,225.0,25.0,0.02
Middle Rockies,225.0,25.0,-0.098
North Cascades,225.0,25.0,0.073
Northern Basin and Range,225.0,25.0,0.025
Sierra Nevada,225.0,25.0,-0.037
Southern Rockies,225.0,25.0,0.124
Wasatch and Uinta Mountains,225.0,25.0,0.07
