eco_region,lon,lat,rho
Arizona/New Mexico Mountains,215.0,32.5,0.089
Blue Mountains,215.0,32.5,0.172
Canadian Rockies,215.0,32.5,0.206
Cascades,215.0,32.5,0.249
Central Basin and Range,215.0,32.5,0.199
Columbia Mountains/Northern Rockies,215.0,32.5,0.172
Eastern Cascades Slopes and Foothills,215.0,32.5,-0.037
Idaho Batholith,215.0,32.5,0.121
Klamath Mountains,215.0,32.5,0.253
Middle Rockies,215.0,32.5,0.173
North Cascades,215.0,32.5,0.158
Northern Basin and Range,215.0,32.5,0.163
Sierra Nevada,215.0,32.5,0.156
Southern Rockies,215.0,32.5,0.217
Wasatch and Uinta Mountains,215.0,32.5,0.096
