eco_region,lon,lat,rho
Arizona/New Mexico Mountains,240.0,20.0,0.178
Blue Mountains,240.0,20.0,-0.025
Canadian Rockies,240.0,20.0,-0.005
Cascades,240.0,20.0,0.059
Central Basin and Range,240.0,20.0,0.025
Columbia Mountains/Northern Rockies,240.0,20.0,0.079
Eastern Cascades Slopes and Foothills,240.0,20.0,0.094
Idaho Batholith,240.0,20.0,0.036
Klamath Mountains,240.0,20.0,0.153
Middle Rockies,240.0,20.0,-0.087
North Cascades,240.0,20.0,0.114
Northern Basin and Range,240.0,20.0,-0.02
Sierra Nevada,240.0,20.0,0.069
Southern Rockies,240.0,20.0,0.012
Wasatch and Uinta Mountains,240.0,20.0,0.096
