eco_region,lon,lat,rho
Arizona/New Mexico Mountains,232.5,32.5,0.051
Blue Mountains,232.5,32.5,0.005
Canadian Rockies,232.5,32.5,-0.003
Cascades,232.5,32.5,0.101
Central Basin and Range,232.5,32.5,-0.095
Columbia Mountains/Northern Rockies,232.5,32.5,0.081
Eastern Cascades Slopes and Foothills,232.5,32.5,0.102
Idaho Batholith,232.5,32.5,0.006
Klamath Mountains,232.5,32.5,0.005
Middle Rockies,232.5,32.5,0.072
North Cascades,232.5,32.5,0.14
Northern Basin and Range,232.5,32.5,0.116
Sierra Nevada,232.5,32.5,0.121
Southern Rockies,232.5,32.5,0.167
Wasatch and Uinta Mountains,232.5,32.5,0.128
