eco_region,lon,lat,rho
Arizona/New Mexico Mountains,205.0,5.0,0.075
Blue Mountains,205.0,5.0,-0.04
Canadian Rockies,205.0,5.0,0.047
Cascades,205.0,5.0,0.204
Central Basin and Range,205.0,5.0,-0.001
Columbia Mountains/Northern Rockies,205.0,5.0,-0.003
Eastern Cascades Slopes and Foothills,205.0,5.0,-0.004
Idaho Batholith,205.0,5.0,0.078
Klamath Mountains,205.0,5.0,0.213
Middle Rockies,205.0,5.0,0.042
North Cascades,205.0,5.0,-0.002
Northern Basin and Range,205.0,5.0,-0.018
Sierra Nevada,205.0,5.0,0.056
Southern Rockies,205.0,5.0,0.193
Wasatch and Uinta Mountains,205.0,5.0,0.016
